Split,Class,Width,Height,Mode,Format,Path
Training,glioma,512,512,L,JPEG,Dataset\Training\glioma\Tr-gl_1.jpg
Training,glioma,512,512,L,JPEG,Dataset\Training\glioma\Tr-gl_10.jpg
Training,glioma,512,512,L,JPEG,Dataset\Training\glioma\Tr-gl_100.jpg
Training,glioma,512,512,L,JPEG,Dataset\Training\glioma\Tr-gl_1000.jpg
Training,glioma,512,512,L,JPEG,Dataset\Training\glioma\Tr-gl_1001.jpg
Training,glioma,512,512,L,JPEG,Dataset\Training\glioma\Tr-gl_1002.jpg
Training,glioma,512,512,L,JPEG,Dataset\Training\glioma\Tr-gl_1003.jpg
Training,glioma,512,512,RGB,JPEG,Dataset\Training\glioma\Tr-gl_1004.jpg
Training,glioma,512,512,L,JPEG,Dataset\Training\glioma\Tr-gl_1005.jpg
Training,glioma,512,512,L,JPEG,Dataset\Training\glioma\Tr-gl_1006.jpg
Training,glioma,512,512,L,JPEG,Dataset\Training\glioma\Tr-gl_1007.jpg
Training,glioma,512,512,L,JPEG,Dataset\Training\glioma\Tr-gl_1008.jpg
Training,glioma,512,512,L,JPEG,Dataset\Training\glioma\Tr-gl_1009.jpg
Training,glioma,512,512,L,JPEG,Dataset\Training\glioma\Tr-gl_101.jpg
Training,glioma,512,512,L,JPEG,Dataset\Training\glioma\Tr-gl_1010.jpg
Training,glioma,512,512,L,JPEG,Dataset\Training\glioma\Tr-gl_1011.jpg
Training,glioma,512,512,L,JPEG,Dataset\Training\glioma\Tr-gl_1012.jpg
Training,glioma,512,512,L,JPEG,Dataset\Training\glioma\Tr-gl_1013.jpg
Training,glioma,512,512,RGB,JPEG,Dataset\Training\glioma\Tr-gl_1014.jpg
Training,glioma,512,512,L,JPEG,Dataset\Training\glioma\Tr-gl_1015.jpg
Training,glioma,512,512,L,JPEG,Dataset\Training\glioma\Tr-gl_1016.jpg
Training,glioma,512,512,L,JPEG,Dataset\Training\glioma\Tr-gl_1017.jpg
Training,glioma,512,512,RGB,JPEG,Dataset\Training\glioma\Tr-gl_1018.jpg
Training,glioma,512,512,L,JPEG,Dataset\Training\glioma\Tr-gl_1019.jpg
Training,glioma,512,512,L,JPEG,Dataset\Training\glioma\Tr-gl_102.jpg
Training,glioma,512,512,L,JPEG,Dataset\Training\glioma\Tr-gl_1020.jpg
Training,glioma,512,512,L,JPEG,Dataset\Training\glioma\Tr-gl_1021.jpg
Training,glioma,512,512,L,JPEG,Dataset\Training\glioma\Tr-gl_1022.jpg
Training,glioma,512,512,L,JPEG,Dataset\Training\glioma\Tr-gl_1023.jpg
Training,glioma,512,512,L,JPEG,Dataset\Training\glioma\Tr-gl_1024.jpg
Training,glioma,512,512,L,JPEG,Dataset\Training\glioma\Tr-gl_1025.jpg
Training,glioma,512,512,L,JPEG,Dataset\Training\glioma\Tr-gl_1026.jpg
Training,glioma,512,512,L,JPEG,Dataset\Training\glioma\Tr-gl_1027.jpg
Training,glioma,512,512,L,JPEG,Dataset\Training\glioma\Tr-gl_1028.jpg
Training,glioma,512,512,L,JPEG,Dataset\Training\glioma\Tr-gl_1029.jpg
Training,glioma,512,512,L,JPEG,Dataset\Training\glioma\Tr-gl_103.jpg
Training,glioma,512,512,RGB,JPEG,Dataset\Training\glioma\Tr-gl_1030.jpg
Training,glioma,512,512,L,JPEG,Dataset\Training\glioma\Tr-gl_1031.jpg
Training,glioma,512,512,L,JPEG,Dataset\Training\glioma\Tr-gl_1032.jpg
Training,glioma,512,512,RGB,JPEG,Dataset\Training\glioma\Tr-gl_1033.jpg
Training,glioma,512,512,L,JPEG,Dataset\Training\glioma\Tr-gl_1034.jpg
Training,glioma,512,512,L,JPEG,Dataset\Training\glioma\Tr-gl_1035.jpg
Training,glioma,512,512,L,JPEG,Dataset\Training\glioma\Tr-gl_1036.jpg
Training,glioma,512,512,L,JPEG,Dataset\Training\glioma\Tr-gl_1037.jpg
Training,glioma,512,512,RGB,JPEG,Dataset\Training\glioma\Tr-gl_1038.jpg
Training,glioma,512,512,L,JPEG,Dataset\Training\glioma\Tr-gl_1039.jpg
Training,glioma,512,512,RGB,JPEG,Dataset\Training\glioma\Tr-gl_104.jpg
Training,glioma,512,512,L,JPEG,Dataset\Training\glioma\Tr-gl_1040.jpg
Training,glioma,512,512,L,JPEG,Dataset\Training\glioma\Tr-gl_1041.jpg
Training,glioma,512,512,L,JPEG,Dataset\Training\glioma\Tr-gl_1042.jpg
Training,glioma,512,512,L,JPEG,Dataset\Training\glioma\Tr-gl_1043.jpg
Training,glioma,512,512,L,JPEG,Dataset\Training\glioma\Tr-gl_1044.jpg
Training,glioma,512,512,L,JPEG,Dataset\Training\glioma\Tr-gl_1045.jpg
Training,glioma,512,512,L,JPEG,Dataset\Training\glioma\Tr-gl_1046.jpg
Training,glioma,512,512,L,JPEG,Dataset\Training\glioma\Tr-gl_1047.jpg
Training,glioma,512,512,L,JPEG,Dataset\Training\glioma\Tr-gl_1048.jpg
Training,glioma,512,512,L,JPEG,Dataset\Training\glioma\Tr-gl_1049.jpg
Training,glioma,512,512,L,JPEG,Dataset\Training\glioma\Tr-gl_105.jpg
Training,glioma,512,512,L,JPEG,Dataset\Training\glioma\Tr-gl_1050.jpg
Training,glioma,512,512,L,JPEG,Dataset\Training\glioma\Tr-gl_1051.jpg
Training,glioma,512,512,L,JPEG,Dataset\Training\glioma\Tr-gl_1052.jpg
Training,glioma,512,512,L,JPEG,Dataset\Training\glioma\Tr-gl_1053.jpg
Training,glioma,512,512,L,JPEG,Dataset\Training\glioma\Tr-gl_1054.jpg
Training,glioma,512,512,L,JPEG,Dataset\Training\glioma\Tr-gl_1055.jpg
Training,glioma,512,512,L,JPEG,Dataset\Training\glioma\Tr-gl_1056.jpg
Training,glioma,512,512,RGB,JPEG,Dataset\Training\glioma\Tr-gl_1057.jpg
Training,glioma,512,512,L,JPEG,Dataset\Training\glioma\Tr-gl_1058.jpg
Training,glioma,512,512,L,JPEG,Dataset\Training\glioma\Tr-gl_1059.jpg
Training,glioma,512,512,L,JPEG,Dataset\Training\glioma\Tr-gl_106.jpg
Training,glioma,512,512,L,JPEG,Dataset\Training\glioma\Tr-gl_1060.jpg
Training,glioma,512,512,L,JPEG,Dataset\Training\glioma\Tr-gl_1061.jpg
Training,glioma,512,512,L,JPEG,Dataset\Training\glioma\Tr-gl_1062.jpg
Training,glioma,512,512,L,JPEG,Dataset\Training\glioma\Tr-gl_1063.jpg
Training,glioma,512,512,L,JPEG,Dataset\Training\glioma\Tr-gl_1064.jpg
Training,glioma,512,512,RGB,JPEG,Dataset\Training\glioma\Tr-gl_1065.jpg
Training,glioma,512,512,L,JPEG,Dataset\Training\glioma\Tr-gl_1066.jpg
Training,glioma,512,512,L,JPEG,Dataset\Training\glioma\Tr-gl_1067.jpg
Training,glioma,512,512,L,JPEG,Dataset\Training\glioma\Tr-gl_1068.jpg
Training,glioma,512,512,L,JPEG,Dataset\Training\glioma\Tr-gl_1069.jpg
Training,glioma,512,512,RGB,JPEG,Dataset\Training\glioma\Tr-gl_107.jpg
Training,glioma,512,512,L,JPEG,Dataset\Training\glioma\Tr-gl_1070.jpg
Training,glioma,512,512,RGB,JPEG,Dataset\Training\glioma\Tr-gl_1071.jpg
Training,glioma,512,512,L,JPEG,Dataset\Training\glioma\Tr-gl_1072.jpg
Training,glioma,512,512,L,JPEG,Dataset\Training\glioma\Tr-gl_1073.jpg
Training,glioma,512,512,L,JPEG,Dataset\Training\glioma\Tr-gl_1074.jpg
Training,glioma,512,512,L,JPEG,Dataset\Training\glioma\Tr-gl_1075.jpg
Training,glioma,512,512,L,JPEG,Dataset\Training\glioma\Tr-gl_1076.jpg
Training,glioma,512,512,L,JPEG,Dataset\Training\glioma\Tr-gl_1077.jpg
Training,glioma,512,512,RGB,JPEG,Dataset\Training\glioma\Tr-gl_1078.jpg
Training,glioma,512,512,L,JPEG,Dataset\Training\glioma\Tr-gl_1079.jpg
Training,glioma,512,512,L,JPEG,Dataset\Training\glioma\Tr-gl_108.jpg
Training,glioma,512,512,L,JPEG,Dataset\Training\glioma\Tr-gl_1080.jpg
Training,glioma,512,512,L,JPEG,Dataset\Training\glioma\Tr-gl_1081.jpg
Training,glioma,512,512,L,JPEG,Dataset\Training\glioma\Tr-gl_1082.jpg
Training,glioma,512,512,RGB,JPEG,Dataset\Training\glioma\Tr-gl_1083.jpg
Training,glioma,512,512,RGB,JPEG,Dataset\Training\glioma\Tr-gl_1084.jpg
Training,glioma,512,512,L,JPEG,Dataset\Training\glioma\Tr-gl_1085.jpg
Training,glioma,512,512,L,JPEG,Dataset\Training\glioma\Tr-gl_1086.jpg
Training,glioma,512,512,L,JPEG,Dataset\Training\glioma\Tr-gl_1087.jpg
Training,glioma,512,512,RGB,JPEG,Dataset\Training\glioma\Tr-gl_1088.jpg
Training,glioma,512,512,L,JPEG,Dataset\Training\glioma\Tr-gl_1089.jpg
Training,glioma,512,512,L,JPEG,Dataset\Training\glioma\Tr-gl_109.jpg
Training,glioma,512,512,L,JPEG,Dataset\Training\glioma\Tr-gl_1090.jpg
Training,glioma,512,512,L,JPEG,Dataset\Training\glioma\Tr-gl_1091.jpg
Training,glioma,512,512,L,JPEG,Dataset\Training\glioma\Tr-gl_1092.jpg
Training,glioma,512,512,L,JPEG,Dataset\Training\glioma\Tr-gl_1093.jpg
Training,glioma,512,512,L,JPEG,Dataset\Training\glioma\Tr-gl_1094.jpg
Training,glioma,512,512,L,JPEG,Dataset\Training\glioma\Tr-gl_1095.jpg
Training,glioma,512,512,L,JPEG,Dataset\Training\glioma\Tr-gl_1096.jpg
Training,glioma,512,512,L,JPEG,Dataset\Training\glioma\Tr-gl_1097.jpg
Training,glioma,512,512,L,JPEG,Dataset\Training\glioma\Tr-gl_1098.jpg
Training,glioma,512,512,L,JPEG,Dataset\Training\glioma\Tr-gl_1099.jpg
Training,glioma,512,512,L,JPEG,Dataset\Training\glioma\Tr-gl_11.jpg
Training,glioma,512,512,L,JPEG,Dataset\Training\glioma\Tr-gl_110.jpg
Training,glioma,512,512,L,JPEG,Dataset\Training\glioma\Tr-gl_1100.jpg
Training,glioma,512,512,RGB,JPEG,Dataset\Training\glioma\Tr-gl_1101.jpg
Training,glioma,512,512,L,JPEG,Dataset\Training\glioma\Tr-gl_1102.jpg
Training,glioma,512,512,L,JPEG,Dataset\Training\glioma\Tr-gl_1103.jpg
Training,glioma,512,512,L,JPEG,Dataset\Training\glioma\Tr-gl_1104.jpg
Training,glioma,512,512,L,JPEG,Dataset\Training\glioma\Tr-gl_1105.jpg
Training,glioma,512,512,L,JPEG,Dataset\Training\glioma\Tr-gl_1106.jpg
Training,glioma,512,512,L,JPEG,Dataset\Training\glioma\Tr-gl_1107.jpg
Training,glioma,512,512,L,JPEG,Dataset\Training\glioma\Tr-gl_1108.jpg
Training,glioma,512,512,L,JPEG,Dataset\Training\glioma\Tr-gl_1109.jpg
Training,glioma,512,512,L,JPEG,Dataset\Training\glioma\Tr-gl_111.jpg
Training,glioma,512,512,RGB,JPEG,Dataset\Training\glioma\Tr-gl_1110.jpg
Training,glioma,512,512,L,JPEG,Dataset\Training\glioma\Tr-gl_1111.jpg
Training,glioma,512,512,L,JPEG,Dataset\Training\glioma\Tr-gl_1112.jpg
Training,glioma,512,512,L,JPEG,Dataset\Training\glioma\Tr-gl_1113.jpg
Training,glioma,512,512,L,JPEG,Dataset\Training\glioma\Tr-gl_1114.jpg
Training,glioma,512,512,RGB,JPEG,Dataset\Training\glioma\Tr-gl_1115.jpg
Training,glioma,512,512,L,JPEG,Dataset\Training\glioma\Tr-gl_1116.jpg
Training,glioma,512,512,L,JPEG,Dataset\Training\glioma\Tr-gl_1117.jpg
Training,glioma,512,512,L,JPEG,Dataset\Training\glioma\Tr-gl_1118.jpg
Training,glioma,512,512,L,JPEG,Dataset\Training\glioma\Tr-gl_1119.jpg
Training,glioma,512,512,L,JPEG,Dataset\Training\glioma\Tr-gl_112.jpg
Training,glioma,512,512,L,JPEG,Dataset\Training\glioma\Tr-gl_1120.jpg
Training,glioma,512,512,L,JPEG,Dataset\Training\glioma\Tr-gl_1121.jpg
Training,glioma,512,512,L,JPEG,Dataset\Training\glioma\Tr-gl_1122.jpg
Training,glioma,512,512,RGB,JPEG,Dataset\Training\glioma\Tr-gl_1123.jpg
Training,glioma,512,512,L,JPEG,Dataset\Training\glioma\Tr-gl_1124.jpg
Training,glioma,512,512,L,JPEG,Dataset\Training\glioma\Tr-gl_1125.jpg
Training,glioma,512,512,L,JPEG,Dataset\Training\glioma\Tr-gl_1126.jpg
Training,glioma,512,512,L,JPEG,Dataset\Training\glioma\Tr-gl_1127.jpg
Training,glioma,512,512,RGB,JPEG,Dataset\Training\glioma\Tr-gl_1128.jpg
Training,glioma,512,512,L,JPEG,Dataset\Training\glioma\Tr-gl_1129.jpg
Training,glioma,512,512,L,JPEG,Dataset\Training\glioma\Tr-gl_113.jpg
Training,glioma,512,512,RGB,JPEG,Dataset\Training\glioma\Tr-gl_1130.jpg
Training,glioma,512,512,L,JPEG,Dataset\Training\glioma\Tr-gl_1131.jpg
Training,glioma,512,512,L,JPEG,Dataset\Training\glioma\Tr-gl_1132.jpg
Training,glioma,512,512,L,JPEG,Dataset\Training\glioma\Tr-gl_1133.jpg
Training,glioma,512,512,RGB,JPEG,Dataset\Training\glioma\Tr-gl_1134.jpg
Training,glioma,512,512,L,JPEG,Dataset\Training\glioma\Tr-gl_1135.jpg
Training,glioma,512,512,L,JPEG,Dataset\Training\glioma\Tr-gl_1136.jpg
Training,glioma,512,512,L,JPEG,Dataset\Training\glioma\Tr-gl_1137.jpg
Training,glioma,512,512,RGB,JPEG,Dataset\Training\glioma\Tr-gl_1138.jpg
Training,glioma,512,512,L,JPEG,Dataset\Training\glioma\Tr-gl_1139.jpg
Training,glioma,512,512,L,JPEG,Dataset\Training\glioma\Tr-gl_114.jpg
Training,glioma,512,512,L,JPEG,Dataset\Training\glioma\Tr-gl_1140.jpg
Training,glioma,512,512,L,JPEG,Dataset\Training\glioma\Tr-gl_1141.jpg
Training,glioma,512,512,L,JPEG,Dataset\Training\glioma\Tr-gl_1142.jpg
Training,glioma,512,512,L,JPEG,Dataset\Training\glioma\Tr-gl_1143.jpg
Training,glioma,512,512,RGB,JPEG,Dataset\Training\glioma\Tr-gl_1144.jpg
Training,glioma,512,512,L,JPEG,Dataset\Training\glioma\Tr-gl_1145.jpg
Training,glioma,512,512,L,JPEG,Dataset\Training\glioma\Tr-gl_1146.jpg
Training,glioma,512,512,RGB,JPEG,Dataset\Training\glioma\Tr-gl_1147.jpg
Training,glioma,512,512,L,JPEG,Dataset\Training\glioma\Tr-gl_1148.jpg
Training,glioma,512,512,L,JPEG,Dataset\Training\glioma\Tr-gl_1149.jpg
Training,glioma,512,512,RGB,JPEG,Dataset\Training\glioma\Tr-gl_115.jpg
Training,glioma,512,512,L,JPEG,Dataset\Training\glioma\Tr-gl_1150.jpg
Training,glioma,512,512,RGB,JPEG,Dataset\Training\glioma\Tr-gl_1151.jpg
Training,glioma,512,512,L,JPEG,Dataset\Training\glioma\Tr-gl_1152.jpg
Training,glioma,512,512,L,JPEG,Dataset\Training\glioma\Tr-gl_1153.jpg
Training,glioma,512,512,L,JPEG,Dataset\Training\glioma\Tr-gl_1154.jpg
Training,glioma,512,512,L,JPEG,Dataset\Training\glioma\Tr-gl_1155.jpg
Training,glioma,512,512,L,JPEG,Dataset\Training\glioma\Tr-gl_1156.jpg
Training,glioma,512,512,L,JPEG,Dataset\Training\glioma\Tr-gl_1157.jpg
Training,glioma,512,512,L,JPEG,Dataset\Training\glioma\Tr-gl_1158.jpg
Training,glioma,512,512,L,JPEG,Dataset\Training\glioma\Tr-gl_1159.jpg
Training,glioma,512,512,L,JPEG,Dataset\Training\glioma\Tr-gl_116.jpg
Training,glioma,512,512,L,JPEG,Dataset\Training\glioma\Tr-gl_1160.jpg
Training,glioma,512,512,L,JPEG,Dataset\Training\glioma\Tr-gl_1161.jpg
Training,glioma,512,512,L,JPEG,Dataset\Training\glioma\Tr-gl_1162.jpg
Training,glioma,512,512,L,JPEG,Dataset\Training\glioma\Tr-gl_1163.jpg
Training,glioma,512,512,L,JPEG,Dataset\Training\glioma\Tr-gl_1164.jpg
Training,glioma,512,512,RGB,JPEG,Dataset\Training\glioma\Tr-gl_1165.jpg
Training,glioma,512,512,L,JPEG,Dataset\Training\glioma\Tr-gl_1166.jpg
Training,glioma,512,512,L,JPEG,Dataset\Training\glioma\Tr-gl_1167.jpg
Training,glioma,512,512,RGB,JPEG,Dataset\Training\glioma\Tr-gl_1168.jpg
Training,glioma,512,512,L,JPEG,Dataset\Training\glioma\Tr-gl_1169.jpg
Training,glioma,512,512,L,JPEG,Dataset\Training\glioma\Tr-gl_117.jpg
Training,glioma,512,512,RGB,JPEG,Dataset\Training\glioma\Tr-gl_1170.jpg
Training,glioma,512,512,L,JPEG,Dataset\Training\glioma\Tr-gl_1171.jpg
Training,glioma,512,512,L,JPEG,Dataset\Training\glioma\Tr-gl_1172.jpg
Training,glioma,512,512,L,JPEG,Dataset\Training\glioma\Tr-gl_1173.jpg
Training,glioma,512,512,RGB,JPEG,Dataset\Training\glioma\Tr-gl_1174.jpg
Training,glioma,512,512,L,JPEG,Dataset\Training\glioma\Tr-gl_1175.jpg
Training,glioma,512,512,RGB,JPEG,Dataset\Training\glioma\Tr-gl_1176.jpg
Training,glioma,512,512,L,JPEG,Dataset\Training\glioma\Tr-gl_1177.jpg
Training,glioma,512,512,L,JPEG,Dataset\Training\glioma\Tr-gl_1178.jpg
Training,glioma,512,512,L,JPEG,Dataset\Training\glioma\Tr-gl_1179.jpg
Training,glioma,512,512,L,JPEG,Dataset\Training\glioma\Tr-gl_118.jpg
Training,glioma,512,512,L,JPEG,Dataset\Training\glioma\Tr-gl_1180.jpg
Training,glioma,512,512,L,JPEG,Dataset\Training\glioma\Tr-gl_1181.jpg
Training,glioma,512,512,L,JPEG,Dataset\Training\glioma\Tr-gl_1182.jpg
Training,glioma,512,512,L,JPEG,Dataset\Training\glioma\Tr-gl_1183.jpg
Training,glioma,512,512,L,JPEG,Dataset\Training\glioma\Tr-gl_1184.jpg
Training,glioma,512,512,L,JPEG,Dataset\Training\glioma\Tr-gl_1185.jpg
Training,glioma,512,512,L,JPEG,Dataset\Training\glioma\Tr-gl_1186.jpg
Training,glioma,512,512,L,JPEG,Dataset\Training\glioma\Tr-gl_1187.jpg
Training,glioma,512,512,L,JPEG,Dataset\Training\glioma\Tr-gl_1188.jpg
Training,glioma,512,512,L,JPEG,Dataset\Training\glioma\Tr-gl_1189.jpg
Training,glioma,512,512,L,JPEG,Dataset\Training\glioma\Tr-gl_119.jpg
Training,glioma,512,512,L,JPEG,Dataset\Training\glioma\Tr-gl_1190.jpg
Training,glioma,512,512,L,JPEG,Dataset\Training\glioma\Tr-gl_1191.jpg
Training,glioma,512,512,RGB,JPEG,Dataset\Training\glioma\Tr-gl_1192.jpg
Training,glioma,512,512,RGB,JPEG,Dataset\Training\glioma\Tr-gl_1193.jpg
Training,glioma,512,512,L,JPEG,Dataset\Training\glioma\Tr-gl_1194.jpg
Training,glioma,512,512,L,JPEG,Dataset\Training\glioma\Tr-gl_1195.jpg
Training,glioma,512,512,L,JPEG,Dataset\Training\glioma\Tr-gl_1196.jpg
Training,glioma,512,512,L,JPEG,Dataset\Training\glioma\Tr-gl_1197.jpg
Training,glioma,512,512,L,JPEG,Dataset\Training\glioma\Tr-gl_1198.jpg
Training,glioma,512,512,L,JPEG,Dataset\Training\glioma\Tr-gl_1199.jpg
Training,glioma,512,512,L,JPEG,Dataset\Training\glioma\Tr-gl_12.jpg
Training,glioma,512,512,L,JPEG,Dataset\Training\glioma\Tr-gl_120.jpg
Training,glioma,512,512,L,JPEG,Dataset\Training\glioma\Tr-gl_1200.jpg
Training,glioma,512,512,L,JPEG,Dataset\Training\glioma\Tr-gl_1201.jpg
Training,glioma,512,512,L,JPEG,Dataset\Training\glioma\Tr-gl_1202.jpg
Training,glioma,512,512,L,JPEG,Dataset\Training\glioma\Tr-gl_1203.jpg
Training,glioma,512,512,RGB,JPEG,Dataset\Training\glioma\Tr-gl_1204.jpg
Training,glioma,512,512,L,JPEG,Dataset\Training\glioma\Tr-gl_1205.jpg
Training,glioma,512,512,L,JPEG,Dataset\Training\glioma\Tr-gl_1206.jpg
Training,glioma,512,512,L,JPEG,Dataset\Training\glioma\Tr-gl_1207.jpg
Training,glioma,512,512,L,JPEG,Dataset\Training\glioma\Tr-gl_1208.jpg
Training,glioma,512,512,RGB,JPEG,Dataset\Training\glioma\Tr-gl_1209.jpg
Training,glioma,512,512,L,JPEG,Dataset\Training\glioma\Tr-gl_121.jpg
Training,glioma,512,512,L,JPEG,Dataset\Training\glioma\Tr-gl_1210.jpg
Training,glioma,512,512,L,JPEG,Dataset\Training\glioma\Tr-gl_1211.jpg
Training,glioma,512,512,L,JPEG,Dataset\Training\glioma\Tr-gl_1212.jpg
Training,glioma,512,512,L,JPEG,Dataset\Training\glioma\Tr-gl_1213.jpg
Training,glioma,512,512,L,JPEG,Dataset\Training\glioma\Tr-gl_1214.jpg
Training,glioma,512,512,RGB,JPEG,Dataset\Training\glioma\Tr-gl_1215.jpg
Training,glioma,512,512,L,JPEG,Dataset\Training\glioma\Tr-gl_1216.jpg
Training,glioma,512,512,L,JPEG,Dataset\Training\glioma\Tr-gl_1217.jpg
Training,glioma,512,512,L,JPEG,Dataset\Training\glioma\Tr-gl_1218.jpg
Training,glioma,512,512,L,JPEG,Dataset\Training\glioma\Tr-gl_1219.jpg
Training,glioma,512,512,L,JPEG,Dataset\Training\glioma\Tr-gl_122.jpg
Training,glioma,512,512,L,JPEG,Dataset\Training\glioma\Tr-gl_1220.jpg
Training,glioma,512,512,RGB,JPEG,Dataset\Training\glioma\Tr-gl_1221.jpg
Training,glioma,512,512,L,JPEG,Dataset\Training\glioma\Tr-gl_1222.jpg
Training,glioma,512,512,L,JPEG,Dataset\Training\glioma\Tr-gl_1223.jpg
Training,glioma,512,512,L,JPEG,Dataset\Training\glioma\Tr-gl_1224.jpg
Training,glioma,512,512,L,JPEG,Dataset\Training\glioma\Tr-gl_1225.jpg
Training,glioma,512,512,L,JPEG,Dataset\Training\glioma\Tr-gl_1226.jpg
Training,glioma,512,512,RGB,JPEG,Dataset\Training\glioma\Tr-gl_1227.jpg
Training,glioma,512,512,L,JPEG,Dataset\Training\glioma\Tr-gl_1228.jpg
Training,glioma,512,512,RGB,JPEG,Dataset\Training\glioma\Tr-gl_1229.jpg
Training,glioma,512,512,L,JPEG,Dataset\Training\glioma\Tr-gl_123.jpg
Training,glioma,512,512,L,JPEG,Dataset\Training\glioma\Tr-gl_1230.jpg
Training,glioma,512,512,RGB,JPEG,Dataset\Training\glioma\Tr-gl_1231.jpg
Training,glioma,512,512,L,JPEG,Dataset\Training\glioma\Tr-gl_1232.jpg
Training,glioma,512,512,L,JPEG,Dataset\Training\glioma\Tr-gl_1233.jpg
Training,glioma,512,512,L,JPEG,Dataset\Training\glioma\Tr-gl_1234.jpg
Training,glioma,512,512,L,JPEG,Dataset\Training\glioma\Tr-gl_1235.jpg
Training,glioma,512,512,RGB,JPEG,Dataset\Training\glioma\Tr-gl_1236.jpg
Training,glioma,512,512,L,JPEG,Dataset\Training\glioma\Tr-gl_1237.jpg
Training,glioma,512,512,RGB,JPEG,Dataset\Training\glioma\Tr-gl_1238.jpg
Training,glioma,512,512,L,JPEG,Dataset\Training\glioma\Tr-gl_1239.jpg
Training,glioma,512,512,L,JPEG,Dataset\Training\glioma\Tr-gl_124.jpg
Training,glioma,512,512,L,JPEG,Dataset\Training\glioma\Tr-gl_1240.jpg
Training,glioma,512,512,L,JPEG,Dataset\Training\glioma\Tr-gl_1241.jpg
Training,glioma,512,512,L,JPEG,Dataset\Training\glioma\Tr-gl_1242.jpg
Training,glioma,512,512,RGB,JPEG,Dataset\Training\glioma\Tr-gl_1243.jpg
Training,glioma,512,512,L,JPEG,Dataset\Training\glioma\Tr-gl_1244.jpg
Training,glioma,512,512,L,JPEG,Dataset\Training\glioma\Tr-gl_1245.jpg
Training,glioma,512,512,L,JPEG,Dataset\Training\glioma\Tr-gl_1246.jpg
Training,glioma,512,512,L,JPEG,Dataset\Training\glioma\Tr-gl_1247.jpg
Training,glioma,512,512,L,JPEG,Dataset\Training\glioma\Tr-gl_1248.jpg
Training,glioma,512,512,L,JPEG,Dataset\Training\glioma\Tr-gl_1249.jpg
Training,glioma,512,512,L,JPEG,Dataset\Training\glioma\Tr-gl_125.jpg
Training,glioma,512,512,L,JPEG,Dataset\Training\glioma\Tr-gl_1250.jpg
Training,glioma,512,512,L,JPEG,Dataset\Training\glioma\Tr-gl_1251.jpg
Training,glioma,512,512,L,JPEG,Dataset\Training\glioma\Tr-gl_1252.jpg
Training,glioma,512,512,L,JPEG,Dataset\Training\glioma\Tr-gl_1253.jpg
Training,glioma,512,512,RGB,JPEG,Dataset\Training\glioma\Tr-gl_1254.jpg
Training,glioma,512,512,RGB,JPEG,Dataset\Training\glioma\Tr-gl_1255.jpg
Training,glioma,512,512,RGB,JPEG,Dataset\Training\glioma\Tr-gl_1256.jpg
Training,glioma,512,512,RGB,JPEG,Dataset\Training\glioma\Tr-gl_1257.jpg
Training,glioma,512,512,RGB,JPEG,Dataset\Training\glioma\Tr-gl_1258.jpg
Training,glioma,512,512,L,JPEG,Dataset\Training\glioma\Tr-gl_1259.jpg
Training,glioma,512,512,L,JPEG,Dataset\Training\glioma\Tr-gl_126.jpg
Training,glioma,512,512,L,JPEG,Dataset\Training\glioma\Tr-gl_1260.jpg
Training,glioma,512,512,L,JPEG,Dataset\Training\glioma\Tr-gl_1261.jpg
Training,glioma,512,512,L,JPEG,Dataset\Training\glioma\Tr-gl_1262.jpg
Training,glioma,512,512,L,JPEG,Dataset\Training\glioma\Tr-gl_1263.jpg
Training,glioma,512,512,L,JPEG,Dataset\Training\glioma\Tr-gl_1264.jpg
Training,glioma,512,512,L,JPEG,Dataset\Training\glioma\Tr-gl_1265.jpg
Training,glioma,512,512,RGB,JPEG,Dataset\Training\glioma\Tr-gl_1266.jpg
Training,glioma,512,512,L,JPEG,Dataset\Training\glioma\Tr-gl_1267.jpg
Training,glioma,512,512,L,JPEG,Dataset\Training\glioma\Tr-gl_1268.jpg
Training,glioma,512,512,L,JPEG,Dataset\Training\glioma\Tr-gl_1269.jpg
Training,glioma,512,512,L,JPEG,Dataset\Training\glioma\Tr-gl_127.jpg
Training,glioma,512,512,L,JPEG,Dataset\Training\glioma\Tr-gl_1270.jpg
Training,glioma,512,512,RGB,JPEG,Dataset\Training\glioma\Tr-gl_1271.jpg
Training,glioma,512,512,L,JPEG,Dataset\Training\glioma\Tr-gl_1272.jpg
Training,glioma,512,512,RGB,JPEG,Dataset\Training\glioma\Tr-gl_1273.jpg
Training,glioma,512,512,L,JPEG,Dataset\Training\glioma\Tr-gl_1274.jpg
Training,glioma,512,512,RGB,JPEG,Dataset\Training\glioma\Tr-gl_1275.jpg
Training,glioma,512,512,RGB,JPEG,Dataset\Training\glioma\Tr-gl_1276.jpg
Training,glioma,512,512,RGB,JPEG,Dataset\Training\glioma\Tr-gl_1277.jpg
Training,glioma,512,512,L,JPEG,Dataset\Training\glioma\Tr-gl_1278.jpg
Training,glioma,512,512,L,JPEG,Dataset\Training\glioma\Tr-gl_1279.jpg
Training,glioma,512,512,RGB,JPEG,Dataset\Training\glioma\Tr-gl_128.jpg
Training,glioma,512,512,L,JPEG,Dataset\Training\glioma\Tr-gl_1280.jpg
Training,glioma,512,512,L,JPEG,Dataset\Training\glioma\Tr-gl_1281.jpg
Training,glioma,512,512,RGB,JPEG,Dataset\Training\glioma\Tr-gl_1282.jpg
Training,glioma,512,512,L,JPEG,Dataset\Training\glioma\Tr-gl_1283.jpg
Training,glioma,512,512,L,JPEG,Dataset\Training\glioma\Tr-gl_1284.jpg
Training,glioma,512,512,L,JPEG,Dataset\Training\glioma\Tr-gl_1285.jpg
Training,glioma,512,512,L,JPEG,Dataset\Training\glioma\Tr-gl_1286.jpg
Training,glioma,512,512,RGB,JPEG,Dataset\Training\glioma\Tr-gl_1287.jpg
Training,glioma,512,512,L,JPEG,Dataset\Training\glioma\Tr-gl_1288.jpg
Training,glioma,512,512,L,JPEG,Dataset\Training\glioma\Tr-gl_1289.jpg
Training,glioma,512,512,RGB,JPEG,Dataset\Training\glioma\Tr-gl_129.jpg
Training,glioma,512,512,L,JPEG,Dataset\Training\glioma\Tr-gl_1290.jpg
Training,glioma,512,512,L,JPEG,Dataset\Training\glioma\Tr-gl_1291.jpg
Training,glioma,512,512,L,JPEG,Dataset\Training\glioma\Tr-gl_1292.jpg
Training,glioma,512,512,L,JPEG,Dataset\Training\glioma\Tr-gl_1293.jpg
Training,glioma,512,512,L,JPEG,Dataset\Training\glioma\Tr-gl_1294.jpg
Training,glioma,512,512,L,JPEG,Dataset\Training\glioma\Tr-gl_1295.jpg
Training,glioma,512,512,L,JPEG,Dataset\Training\glioma\Tr-gl_1296.jpg
Training,glioma,512,512,RGB,JPEG,Dataset\Training\glioma\Tr-gl_1297.jpg
Training,glioma,512,512,L,JPEG,Dataset\Training\glioma\Tr-gl_1298.jpg
Training,glioma,512,512,L,JPEG,Dataset\Training\glioma\Tr-gl_1299.jpg
Training,glioma,512,512,L,JPEG,Dataset\Training\glioma\Tr-gl_13.jpg
Training,glioma,512,512,L,JPEG,Dataset\Training\glioma\Tr-gl_130.jpg
Training,glioma,512,512,RGB,JPEG,Dataset\Training\glioma\Tr-gl_1300.jpg
Training,glioma,512,512,L,JPEG,Dataset\Training\glioma\Tr-gl_1301.jpg
Training,glioma,512,512,RGB,JPEG,Dataset\Training\glioma\Tr-gl_1302.jpg
Training,glioma,512,512,L,JPEG,Dataset\Training\glioma\Tr-gl_1303.jpg
Training,glioma,512,512,L,JPEG,Dataset\Training\glioma\Tr-gl_1304.jpg
Training,glioma,512,512,RGB,JPEG,Dataset\Training\glioma\Tr-gl_1305.jpg
Training,glioma,512,512,L,JPEG,Dataset\Training\glioma\Tr-gl_1306.jpg
Training,glioma,512,512,L,JPEG,Dataset\Training\glioma\Tr-gl_1307.jpg
Training,glioma,512,512,L,JPEG,Dataset\Training\glioma\Tr-gl_1308.jpg
Training,glioma,512,512,L,JPEG,Dataset\Training\glioma\Tr-gl_1309.jpg
Training,glioma,512,512,L,JPEG,Dataset\Training\glioma\Tr-gl_131.jpg
Training,glioma,512,512,L,JPEG,Dataset\Training\glioma\Tr-gl_1310.jpg
Training,glioma,512,512,L,JPEG,Dataset\Training\glioma\Tr-gl_1311.jpg
Training,glioma,512,512,L,JPEG,Dataset\Training\glioma\Tr-gl_1312.jpg
Training,glioma,512,512,L,JPEG,Dataset\Training\glioma\Tr-gl_1313.jpg
Training,glioma,512,512,RGB,JPEG,Dataset\Training\glioma\Tr-gl_1314.jpg
Training,glioma,512,512,RGB,JPEG,Dataset\Training\glioma\Tr-gl_1315.jpg
Training,glioma,512,512,L,JPEG,Dataset\Training\glioma\Tr-gl_1316.jpg
Training,glioma,512,512,L,JPEG,Dataset\Training\glioma\Tr-gl_1317.jpg
Training,glioma,512,512,L,JPEG,Dataset\Training\glioma\Tr-gl_1318.jpg
Training,glioma,512,512,L,JPEG,Dataset\Training\glioma\Tr-gl_1319.jpg
Training,glioma,512,512,L,JPEG,Dataset\Training\glioma\Tr-gl_132.jpg
Training,glioma,512,512,L,JPEG,Dataset\Training\glioma\Tr-gl_1320.jpg
Training,glioma,512,512,L,JPEG,Dataset\Training\glioma\Tr-gl_1321.jpg
Training,glioma,512,512,L,JPEG,Dataset\Training\glioma\Tr-gl_1322.jpg
Training,glioma,512,512,RGB,JPEG,Dataset\Training\glioma\Tr-gl_1323.jpg
Training,glioma,512,512,RGB,JPEG,Dataset\Training\glioma\Tr-gl_1324.jpg
Training,glioma,512,512,L,JPEG,Dataset\Training\glioma\Tr-gl_1325.jpg
Training,glioma,512,512,L,JPEG,Dataset\Training\glioma\Tr-gl_1326.jpg
Training,glioma,512,512,L,JPEG,Dataset\Training\glioma\Tr-gl_1327.jpg
Training,glioma,512,512,L,JPEG,Dataset\Training\glioma\Tr-gl_1328.jpg
Training,glioma,512,512,L,JPEG,Dataset\Training\glioma\Tr-gl_1329.jpg
Training,glioma,512,512,RGB,JPEG,Dataset\Training\glioma\Tr-gl_133.jpg
Training,glioma,512,512,L,JPEG,Dataset\Training\glioma\Tr-gl_1330.jpg
Training,glioma,512,512,L,JPEG,Dataset\Training\glioma\Tr-gl_1331.jpg
Training,glioma,512,512,L,JPEG,Dataset\Training\glioma\Tr-gl_1332.jpg
Training,glioma,512,512,L,JPEG,Dataset\Training\glioma\Tr-gl_1333.jpg
Training,glioma,512,512,L,JPEG,Dataset\Training\glioma\Tr-gl_1334.jpg
Training,glioma,512,512,L,JPEG,Dataset\Training\glioma\Tr-gl_1335.jpg
Training,glioma,512,512,L,JPEG,Dataset\Training\glioma\Tr-gl_1336.jpg
Training,glioma,512,512,L,JPEG,Dataset\Training\glioma\Tr-gl_1337.jpg
Training,glioma,512,512,L,JPEG,Dataset\Training\glioma\Tr-gl_1338.jpg
Training,glioma,512,512,L,JPEG,Dataset\Training\glioma\Tr-gl_1339.jpg
Training,glioma,512,512,RGB,JPEG,Dataset\Training\glioma\Tr-gl_134.jpg
Training,glioma,512,512,L,JPEG,Dataset\Training\glioma\Tr-gl_1340.jpg
Training,glioma,512,512,L,JPEG,Dataset\Training\glioma\Tr-gl_1341.jpg
Training,glioma,512,512,RGB,JPEG,Dataset\Training\glioma\Tr-gl_1342.jpg
Training,glioma,512,512,L,JPEG,Dataset\Training\glioma\Tr-gl_1343.jpg
Training,glioma,512,512,RGB,JPEG,Dataset\Training\glioma\Tr-gl_1344.jpg
Training,glioma,512,512,RGB,JPEG,Dataset\Training\glioma\Tr-gl_1345.jpg
Training,glioma,512,512,RGB,JPEG,Dataset\Training\glioma\Tr-gl_1346.jpg
Training,glioma,512,512,L,JPEG,Dataset\Training\glioma\Tr-gl_1347.jpg
Training,glioma,512,512,RGB,JPEG,Dataset\Training\glioma\Tr-gl_1348.jpg
Training,glioma,512,512,L,JPEG,Dataset\Training\glioma\Tr-gl_1349.jpg
Training,glioma,512,512,L,JPEG,Dataset\Training\glioma\Tr-gl_135.jpg
Training,glioma,512,512,RGB,JPEG,Dataset\Training\glioma\Tr-gl_1350.jpg
Training,glioma,512,512,L,JPEG,Dataset\Training\glioma\Tr-gl_1351.jpg
Training,glioma,512,512,L,JPEG,Dataset\Training\glioma\Tr-gl_1352.jpg
Training,glioma,512,512,L,JPEG,Dataset\Training\glioma\Tr-gl_1353.jpg
Training,glioma,512,512,L,JPEG,Dataset\Training\glioma\Tr-gl_1354.jpg
Training,glioma,512,512,L,JPEG,Dataset\Training\glioma\Tr-gl_1355.jpg
Training,glioma,512,512,L,JPEG,Dataset\Training\glioma\Tr-gl_1356.jpg
Training,glioma,512,512,L,JPEG,Dataset\Training\glioma\Tr-gl_1357.jpg
Training,glioma,512,512,L,JPEG,Dataset\Training\glioma\Tr-gl_1358.jpg
Training,glioma,512,512,L,JPEG,Dataset\Training\glioma\Tr-gl_1359.jpg
Training,glioma,512,512,L,JPEG,Dataset\Training\glioma\Tr-gl_136.jpg
Training,glioma,512,512,L,JPEG,Dataset\Training\glioma\Tr-gl_1360.jpg
Training,glioma,512,512,L,JPEG,Dataset\Training\glioma\Tr-gl_1361.jpg
Training,glioma,512,512,L,JPEG,Dataset\Training\glioma\Tr-gl_1362.jpg
Training,glioma,512,512,L,JPEG,Dataset\Training\glioma\Tr-gl_1363.jpg
Training,glioma,512,512,L,JPEG,Dataset\Training\glioma\Tr-gl_1364.jpg
Training,glioma,512,512,L,JPEG,Dataset\Training\glioma\Tr-gl_1365.jpg
Training,glioma,512,512,RGB,JPEG,Dataset\Training\glioma\Tr-gl_1366.jpg
Training,glioma,512,512,RGB,JPEG,Dataset\Training\glioma\Tr-gl_1367.jpg
Training,glioma,512,512,L,JPEG,Dataset\Training\glioma\Tr-gl_1368.jpg
Training,glioma,512,512,RGB,JPEG,Dataset\Training\glioma\Tr-gl_1369.jpg
Training,glioma,512,512,RGB,JPEG,Dataset\Training\glioma\Tr-gl_137.jpg
Training,glioma,512,512,L,JPEG,Dataset\Training\glioma\Tr-gl_1370.jpg
Training,glioma,512,512,L,JPEG,Dataset\Training\glioma\Tr-gl_1371.jpg
Training,glioma,512,512,L,JPEG,Dataset\Training\glioma\Tr-gl_1372.jpg
Training,glioma,512,512,L,JPEG,Dataset\Training\glioma\Tr-gl_1373.jpg
Training,glioma,512,512,L,JPEG,Dataset\Training\glioma\Tr-gl_1374.jpg
Training,glioma,512,512,L,JPEG,Dataset\Training\glioma\Tr-gl_1375.jpg
Training,glioma,512,512,L,JPEG,Dataset\Training\glioma\Tr-gl_1376.jpg
Training,glioma,512,512,L,JPEG,Dataset\Training\glioma\Tr-gl_1377.jpg
Training,glioma,512,512,L,JPEG,Dataset\Training\glioma\Tr-gl_1378.jpg
Training,glioma,512,512,L,JPEG,Dataset\Training\glioma\Tr-gl_1379.jpg
Training,glioma,512,512,L,JPEG,Dataset\Training\glioma\Tr-gl_138.jpg
Training,glioma,512,512,RGB,JPEG,Dataset\Training\glioma\Tr-gl_1380.jpg
Training,glioma,512,512,L,JPEG,Dataset\Training\glioma\Tr-gl_1381.jpg
Training,glioma,512,512,L,JPEG,Dataset\Training\glioma\Tr-gl_1382.jpg
Training,glioma,512,512,RGB,JPEG,Dataset\Training\glioma\Tr-gl_1383.jpg
Training,glioma,512,512,L,JPEG,Dataset\Training\glioma\Tr-gl_1384.jpg
Training,glioma,512,512,L,JPEG,Dataset\Training\glioma\Tr-gl_1385.jpg
Training,glioma,512,512,L,JPEG,Dataset\Training\glioma\Tr-gl_1386.jpg
Training,glioma,512,512,L,JPEG,Dataset\Training\glioma\Tr-gl_1387.jpg
Training,glioma,512,512,L,JPEG,Dataset\Training\glioma\Tr-gl_1388.jpg
Training,glioma,512,512,L,JPEG,Dataset\Training\glioma\Tr-gl_1389.jpg
Training,glioma,512,512,L,JPEG,Dataset\Training\glioma\Tr-gl_139.jpg
Training,glioma,512,512,L,JPEG,Dataset\Training\glioma\Tr-gl_1390.jpg
Training,glioma,512,512,L,JPEG,Dataset\Training\glioma\Tr-gl_1391.jpg
Training,glioma,512,512,L,JPEG,Dataset\Training\glioma\Tr-gl_1392.jpg
Training,glioma,512,512,L,JPEG,Dataset\Training\glioma\Tr-gl_1393.jpg
Training,glioma,512,512,L,JPEG,Dataset\Training\glioma\Tr-gl_1394.jpg
Training,glioma,512,512,L,JPEG,Dataset\Training\glioma\Tr-gl_1395.jpg
Training,glioma,512,512,L,JPEG,Dataset\Training\glioma\Tr-gl_1396.jpg
Training,glioma,512,512,L,JPEG,Dataset\Training\glioma\Tr-gl_1397.jpg
Training,glioma,512,512,L,JPEG,Dataset\Training\glioma\Tr-gl_1398.jpg
Training,glioma,512,512,L,JPEG,Dataset\Training\glioma\Tr-gl_1399.jpg
Training,glioma,512,512,L,JPEG,Dataset\Training\glioma\Tr-gl_14.jpg
Training,glioma,512,512,L,JPEG,Dataset\Training\glioma\Tr-gl_140.jpg
Training,glioma,512,512,L,JPEG,Dataset\Training\glioma\Tr-gl_1400.jpg
Training,glioma,512,512,L,JPEG,Dataset\Training\glioma\Tr-gl_141.jpg
Training,glioma,512,512,L,JPEG,Dataset\Training\glioma\Tr-gl_142.jpg
Training,glioma,512,512,L,JPEG,Dataset\Training\glioma\Tr-gl_143.jpg
Training,glioma,512,512,L,JPEG,Dataset\Training\glioma\Tr-gl_144.jpg
Training,glioma,512,512,L,JPEG,Dataset\Training\glioma\Tr-gl_145.jpg
Training,glioma,512,512,L,JPEG,Dataset\Training\glioma\Tr-gl_146.jpg
Training,glioma,512,512,L,JPEG,Dataset\Training\glioma\Tr-gl_147.jpg
Training,glioma,512,512,L,JPEG,Dataset\Training\glioma\Tr-gl_148.jpg
Training,glioma,512,512,L,JPEG,Dataset\Training\glioma\Tr-gl_149.jpg
Training,glioma,512,512,L,JPEG,Dataset\Training\glioma\Tr-gl_15.jpg
Training,glioma,512,512,L,JPEG,Dataset\Training\glioma\Tr-gl_150.jpg
Training,glioma,512,512,L,JPEG,Dataset\Training\glioma\Tr-gl_151.jpg
Training,glioma,512,512,L,JPEG,Dataset\Training\glioma\Tr-gl_152.jpg
Training,glioma,512,512,RGB,JPEG,Dataset\Training\glioma\Tr-gl_153.jpg
Training,glioma,512,512,L,JPEG,Dataset\Training\glioma\Tr-gl_154.jpg
Training,glioma,512,512,L,JPEG,Dataset\Training\glioma\Tr-gl_155.jpg
Training,glioma,512,512,L,JPEG,Dataset\Training\glioma\Tr-gl_156.jpg
Training,glioma,512,512,L,JPEG,Dataset\Training\glioma\Tr-gl_157.jpg
Training,glioma,512,512,L,JPEG,Dataset\Training\glioma\Tr-gl_158.jpg
Training,glioma,512,512,L,JPEG,Dataset\Training\glioma\Tr-gl_159.jpg
Training,glioma,512,512,L,JPEG,Dataset\Training\glioma\Tr-gl_16.jpg
Training,glioma,512,512,L,JPEG,Dataset\Training\glioma\Tr-gl_160.jpg
Training,glioma,512,512,RGB,JPEG,Dataset\Training\glioma\Tr-gl_161.jpg
Training,glioma,512,512,L,JPEG,Dataset\Training\glioma\Tr-gl_162.jpg
Training,glioma,512,512,L,JPEG,Dataset\Training\glioma\Tr-gl_163.jpg
Training,glioma,512,512,L,JPEG,Dataset\Training\glioma\Tr-gl_164.jpg
Training,glioma,512,512,L,JPEG,Dataset\Training\glioma\Tr-gl_165.jpg
Training,glioma,512,512,L,JPEG,Dataset\Training\glioma\Tr-gl_166.jpg
Training,glioma,512,512,L,JPEG,Dataset\Training\glioma\Tr-gl_167.jpg
Training,glioma,512,512,L,JPEG,Dataset\Training\glioma\Tr-gl_168.jpg
Training,glioma,512,512,L,JPEG,Dataset\Training\glioma\Tr-gl_169.jpg
Training,glioma,512,512,L,JPEG,Dataset\Training\glioma\Tr-gl_17.jpg
Training,glioma,512,512,RGB,JPEG,Dataset\Training\glioma\Tr-gl_170.jpg
Training,glioma,512,512,L,JPEG,Dataset\Training\glioma\Tr-gl_171.jpg
Training,glioma,512,512,RGB,JPEG,Dataset\Training\glioma\Tr-gl_172.jpg
Training,glioma,512,512,L,JPEG,Dataset\Training\glioma\Tr-gl_173.jpg
Training,glioma,512,512,L,JPEG,Dataset\Training\glioma\Tr-gl_174.jpg
Training,glioma,512,512,L,JPEG,Dataset\Training\glioma\Tr-gl_175.jpg
Training,glioma,512,512,L,JPEG,Dataset\Training\glioma\Tr-gl_176.jpg
Training,glioma,512,512,RGB,JPEG,Dataset\Training\glioma\Tr-gl_177.jpg
Training,glioma,512,512,L,JPEG,Dataset\Training\glioma\Tr-gl_178.jpg
Training,glioma,512,512,RGB,JPEG,Dataset\Training\glioma\Tr-gl_179.jpg
Training,glioma,512,512,L,JPEG,Dataset\Training\glioma\Tr-gl_18.jpg
Training,glioma,512,512,L,JPEG,Dataset\Training\glioma\Tr-gl_180.jpg
Training,glioma,512,512,RGB,JPEG,Dataset\Training\glioma\Tr-gl_181.jpg
Training,glioma,512,512,L,JPEG,Dataset\Training\glioma\Tr-gl_182.jpg
Training,glioma,512,512,L,JPEG,Dataset\Training\glioma\Tr-gl_183.jpg
Training,glioma,512,512,L,JPEG,Dataset\Training\glioma\Tr-gl_184.jpg
Training,glioma,512,512,RGB,JPEG,Dataset\Training\glioma\Tr-gl_185.jpg
Training,glioma,512,512,L,JPEG,Dataset\Training\glioma\Tr-gl_186.jpg
Training,glioma,512,512,L,JPEG,Dataset\Training\glioma\Tr-gl_187.jpg
Training,glioma,512,512,L,JPEG,Dataset\Training\glioma\Tr-gl_188.jpg
Training,glioma,512,512,RGB,JPEG,Dataset\Training\glioma\Tr-gl_189.jpg
Training,glioma,512,512,RGB,JPEG,Dataset\Training\glioma\Tr-gl_19.jpg
Training,glioma,512,512,L,JPEG,Dataset\Training\glioma\Tr-gl_190.jpg
Training,glioma,512,512,L,JPEG,Dataset\Training\glioma\Tr-gl_191.jpg
Training,glioma,512,512,L,JPEG,Dataset\Training\glioma\Tr-gl_192.jpg
Training,glioma,512,512,L,JPEG,Dataset\Training\glioma\Tr-gl_193.jpg
Training,glioma,512,512,RGB,JPEG,Dataset\Training\glioma\Tr-gl_194.jpg
Training,glioma,512,512,L,JPEG,Dataset\Training\glioma\Tr-gl_195.jpg
Training,glioma,512,512,L,JPEG,Dataset\Training\glioma\Tr-gl_196.jpg
Training,glioma,512,512,L,JPEG,Dataset\Training\glioma\Tr-gl_197.jpg
Training,glioma,512,512,L,JPEG,Dataset\Training\glioma\Tr-gl_198.jpg
Training,glioma,512,512,L,JPEG,Dataset\Training\glioma\Tr-gl_199.jpg
Training,glioma,512,512,RGB,JPEG,Dataset\Training\glioma\Tr-gl_2.jpg
Training,glioma,512,512,L,JPEG,Dataset\Training\glioma\Tr-gl_20.jpg
Training,glioma,512,512,L,JPEG,Dataset\Training\glioma\Tr-gl_200.jpg
Training,glioma,512,512,L,JPEG,Dataset\Training\glioma\Tr-gl_201.jpg
Training,glioma,512,512,L,JPEG,Dataset\Training\glioma\Tr-gl_202.jpg
Training,glioma,512,512,L,JPEG,Dataset\Training\glioma\Tr-gl_203.jpg
Training,glioma,512,512,L,JPEG,Dataset\Training\glioma\Tr-gl_204.jpg
Training,glioma,512,512,L,JPEG,Dataset\Training\glioma\Tr-gl_205.jpg
Training,glioma,512,512,L,JPEG,Dataset\Training\glioma\Tr-gl_206.jpg
Training,glioma,512,512,L,JPEG,Dataset\Training\glioma\Tr-gl_207.jpg
Training,glioma,512,512,L,JPEG,Dataset\Training\glioma\Tr-gl_208.jpg
Training,glioma,512,512,L,JPEG,Dataset\Training\glioma\Tr-gl_209.jpg
Training,glioma,512,512,L,JPEG,Dataset\Training\glioma\Tr-gl_21.jpg
Training,glioma,512,512,L,JPEG,Dataset\Training\glioma\Tr-gl_210.jpg
Training,glioma,512,512,L,JPEG,Dataset\Training\glioma\Tr-gl_211.jpg
Training,glioma,512,512,L,JPEG,Dataset\Training\glioma\Tr-gl_212.jpg
Training,glioma,512,512,RGB,JPEG,Dataset\Training\glioma\Tr-gl_213.jpg
Training,glioma,512,512,L,JPEG,Dataset\Training\glioma\Tr-gl_214.jpg
Training,glioma,512,512,L,JPEG,Dataset\Training\glioma\Tr-gl_215.jpg
Training,glioma,512,512,L,JPEG,Dataset\Training\glioma\Tr-gl_216.jpg
Training,glioma,512,512,RGB,JPEG,Dataset\Training\glioma\Tr-gl_217.jpg
Training,glioma,512,512,L,JPEG,Dataset\Training\glioma\Tr-gl_218.jpg
Training,glioma,512,512,L,JPEG,Dataset\Training\glioma\Tr-gl_219.jpg
Training,glioma,512,512,L,JPEG,Dataset\Training\glioma\Tr-gl_22.jpg
Training,glioma,512,512,RGB,JPEG,Dataset\Training\glioma\Tr-gl_220.jpg
Training,glioma,512,512,L,JPEG,Dataset\Training\glioma\Tr-gl_221.jpg
Training,glioma,512,512,L,JPEG,Dataset\Training\glioma\Tr-gl_222.jpg
Training,glioma,512,512,L,JPEG,Dataset\Training\glioma\Tr-gl_223.jpg
Training,glioma,512,512,L,JPEG,Dataset\Training\glioma\Tr-gl_224.jpg
Training,glioma,512,512,RGB,JPEG,Dataset\Training\glioma\Tr-gl_225.jpg
Training,glioma,512,512,L,JPEG,Dataset\Training\glioma\Tr-gl_226.jpg
Training,glioma,512,512,L,JPEG,Dataset\Training\glioma\Tr-gl_227.jpg
Training,glioma,512,512,L,JPEG,Dataset\Training\glioma\Tr-gl_228.jpg
Training,glioma,512,512,L,JPEG,Dataset\Training\glioma\Tr-gl_229.jpg
Training,glioma,512,512,L,JPEG,Dataset\Training\glioma\Tr-gl_23.jpg
Training,glioma,512,512,L,JPEG,Dataset\Training\glioma\Tr-gl_230.jpg
Training,glioma,512,512,L,JPEG,Dataset\Training\glioma\Tr-gl_231.jpg
Training,glioma,512,512,L,JPEG,Dataset\Training\glioma\Tr-gl_232.jpg
Training,glioma,512,512,L,JPEG,Dataset\Training\glioma\Tr-gl_233.jpg
Training,glioma,512,512,L,JPEG,Dataset\Training\glioma\Tr-gl_234.jpg
Training,glioma,512,512,L,JPEG,Dataset\Training\glioma\Tr-gl_235.jpg
Training,glioma,512,512,L,JPEG,Dataset\Training\glioma\Tr-gl_236.jpg
Training,glioma,512,512,L,JPEG,Dataset\Training\glioma\Tr-gl_237.jpg
Training,glioma,512,512,L,JPEG,Dataset\Training\glioma\Tr-gl_238.jpg
Training,glioma,512,512,L,JPEG,Dataset\Training\glioma\Tr-gl_239.jpg
Training,glioma,512,512,RGB,JPEG,Dataset\Training\glioma\Tr-gl_24.jpg
Training,glioma,512,512,L,JPEG,Dataset\Training\glioma\Tr-gl_240.jpg
Training,glioma,512,512,L,JPEG,Dataset\Training\glioma\Tr-gl_241.jpg
Training,glioma,512,512,L,JPEG,Dataset\Training\glioma\Tr-gl_242.jpg
Training,glioma,512,512,L,JPEG,Dataset\Training\glioma\Tr-gl_243.jpg
Training,glioma,512,512,L,JPEG,Dataset\Training\glioma\Tr-gl_244.jpg
Training,glioma,512,512,L,JPEG,Dataset\Training\glioma\Tr-gl_245.jpg
Training,glioma,512,512,L,JPEG,Dataset\Training\glioma\Tr-gl_246.jpg
Training,glioma,512,512,L,JPEG,Dataset\Training\glioma\Tr-gl_247.jpg
Training,glioma,512,512,L,JPEG,Dataset\Training\glioma\Tr-gl_248.jpg
Training,glioma,512,512,L,JPEG,Dataset\Training\glioma\Tr-gl_249.jpg
Training,glioma,512,512,L,JPEG,Dataset\Training\glioma\Tr-gl_25.jpg
Training,glioma,512,512,L,JPEG,Dataset\Training\glioma\Tr-gl_250.jpg
Training,glioma,512,512,L,JPEG,Dataset\Training\glioma\Tr-gl_251.jpg
Training,glioma,512,512,L,JPEG,Dataset\Training\glioma\Tr-gl_252.jpg
Training,glioma,512,512,L,JPEG,Dataset\Training\glioma\Tr-gl_253.jpg
Training,glioma,512,512,L,JPEG,Dataset\Training\glioma\Tr-gl_254.jpg
Training,glioma,512,512,L,JPEG,Dataset\Training\glioma\Tr-gl_255.jpg
Training,glioma,512,512,L,JPEG,Dataset\Training\glioma\Tr-gl_256.jpg
Training,glioma,512,512,L,JPEG,Dataset\Training\glioma\Tr-gl_257.jpg
Training,glioma,512,512,RGB,JPEG,Dataset\Training\glioma\Tr-gl_258.jpg
Training,glioma,512,512,RGB,JPEG,Dataset\Training\glioma\Tr-gl_259.jpg
Training,glioma,512,512,L,JPEG,Dataset\Training\glioma\Tr-gl_26.jpg
Training,glioma,512,512,L,JPEG,Dataset\Training\glioma\Tr-gl_260.jpg
Training,glioma,512,512,L,JPEG,Dataset\Training\glioma\Tr-gl_261.jpg
Training,glioma,512,512,L,JPEG,Dataset\Training\glioma\Tr-gl_262.jpg
Training,glioma,512,512,L,JPEG,Dataset\Training\glioma\Tr-gl_263.jpg
Training,glioma,512,512,RGB,JPEG,Dataset\Training\glioma\Tr-gl_264.jpg
Training,glioma,512,512,L,JPEG,Dataset\Training\glioma\Tr-gl_265.jpg
Training,glioma,512,512,L,JPEG,Dataset\Training\glioma\Tr-gl_266.jpg
Training,glioma,512,512,L,JPEG,Dataset\Training\glioma\Tr-gl_267.jpg
Training,glioma,512,512,RGB,JPEG,Dataset\Training\glioma\Tr-gl_268.jpg
Training,glioma,512,512,L,JPEG,Dataset\Training\glioma\Tr-gl_269.jpg
Training,glioma,512,512,RGB,JPEG,Dataset\Training\glioma\Tr-gl_27.jpg
Training,glioma,512,512,L,JPEG,Dataset\Training\glioma\Tr-gl_270.jpg
Training,glioma,512,512,L,JPEG,Dataset\Training\glioma\Tr-gl_271.jpg
Training,glioma,512,512,L,JPEG,Dataset\Training\glioma\Tr-gl_272.jpg
Training,glioma,512,512,L,JPEG,Dataset\Training\glioma\Tr-gl_273.jpg
Training,glioma,512,512,L,JPEG,Dataset\Training\glioma\Tr-gl_274.jpg
Training,glioma,512,512,L,JPEG,Dataset\Training\glioma\Tr-gl_275.jpg
Training,glioma,512,512,L,JPEG,Dataset\Training\glioma\Tr-gl_276.jpg
Training,glioma,512,512,L,JPEG,Dataset\Training\glioma\Tr-gl_277.jpg
Training,glioma,512,512,RGB,JPEG,Dataset\Training\glioma\Tr-gl_278.jpg
Training,glioma,512,512,L,JPEG,Dataset\Training\glioma\Tr-gl_279.jpg
Training,glioma,512,512,RGB,JPEG,Dataset\Training\glioma\Tr-gl_28.jpg
Training,glioma,512,512,L,JPEG,Dataset\Training\glioma\Tr-gl_280.jpg
Training,glioma,512,512,L,JPEG,Dataset\Training\glioma\Tr-gl_281.jpg
Training,glioma,512,512,RGB,JPEG,Dataset\Training\glioma\Tr-gl_282.jpg
Training,glioma,512,512,L,JPEG,Dataset\Training\glioma\Tr-gl_283.jpg
Training,glioma,512,512,L,JPEG,Dataset\Training\glioma\Tr-gl_284.jpg
Training,glioma,512,512,RGB,JPEG,Dataset\Training\glioma\Tr-gl_285.jpg
Training,glioma,512,512,L,JPEG,Dataset\Training\glioma\Tr-gl_286.jpg
Training,glioma,512,512,L,JPEG,Dataset\Training\glioma\Tr-gl_287.jpg
Training,glioma,512,512,L,JPEG,Dataset\Training\glioma\Tr-gl_288.jpg
Training,glioma,512,512,L,JPEG,Dataset\Training\glioma\Tr-gl_289.jpg
Training,glioma,512,512,L,JPEG,Dataset\Training\glioma\Tr-gl_29.jpg
Training,glioma,512,512,L,JPEG,Dataset\Training\glioma\Tr-gl_290.jpg
Training,glioma,512,512,L,JPEG,Dataset\Training\glioma\Tr-gl_291.jpg
Training,glioma,512,512,L,JPEG,Dataset\Training\glioma\Tr-gl_292.jpg
Training,glioma,512,512,L,JPEG,Dataset\Training\glioma\Tr-gl_293.jpg
Training,glioma,512,512,L,JPEG,Dataset\Training\glioma\Tr-gl_294.jpg
Training,glioma,512,512,L,JPEG,Dataset\Training\glioma\Tr-gl_295.jpg
Training,glioma,512,512,L,JPEG,Dataset\Training\glioma\Tr-gl_296.jpg
Training,glioma,512,512,RGB,JPEG,Dataset\Training\glioma\Tr-gl_297.jpg
Training,glioma,512,512,L,JPEG,Dataset\Training\glioma\Tr-gl_298.jpg
Training,glioma,512,512,L,JPEG,Dataset\Training\glioma\Tr-gl_299.jpg
Training,glioma,512,512,L,JPEG,Dataset\Training\glioma\Tr-gl_3.jpg
Training,glioma,512,512,L,JPEG,Dataset\Training\glioma\Tr-gl_30.jpg
Training,glioma,512,512,L,JPEG,Dataset\Training\glioma\Tr-gl_300.jpg
Training,glioma,512,512,L,JPEG,Dataset\Training\glioma\Tr-gl_301.jpg
Training,glioma,512,512,L,JPEG,Dataset\Training\glioma\Tr-gl_302.jpg
Training,glioma,512,512,L,JPEG,Dataset\Training\glioma\Tr-gl_303.jpg
Training,glioma,512,512,L,JPEG,Dataset\Training\glioma\Tr-gl_304.jpg
Training,glioma,512,512,L,JPEG,Dataset\Training\glioma\Tr-gl_305.jpg
Training,glioma,512,512,L,JPEG,Dataset\Training\glioma\Tr-gl_306.jpg
Training,glioma,512,512,RGB,JPEG,Dataset\Training\glioma\Tr-gl_307.jpg
Training,glioma,512,512,L,JPEG,Dataset\Training\glioma\Tr-gl_308.jpg
Training,glioma,512,512,L,JPEG,Dataset\Training\glioma\Tr-gl_309.jpg
Training,glioma,512,512,L,JPEG,Dataset\Training\glioma\Tr-gl_31.jpg
Training,glioma,512,512,L,JPEG,Dataset\Training\glioma\Tr-gl_310.jpg
Training,glioma,512,512,RGB,JPEG,Dataset\Training\glioma\Tr-gl_311.jpg
Training,glioma,512,512,L,JPEG,Dataset\Training\glioma\Tr-gl_312.jpg
Training,glioma,512,512,RGB,JPEG,Dataset\Training\glioma\Tr-gl_313.jpg
Training,glioma,512,512,L,JPEG,Dataset\Training\glioma\Tr-gl_314.jpg
Training,glioma,512,512,L,JPEG,Dataset\Training\glioma\Tr-gl_315.jpg
Training,glioma,512,512,L,JPEG,Dataset\Training\glioma\Tr-gl_316.jpg
Training,glioma,512,512,L,JPEG,Dataset\Training\glioma\Tr-gl_317.jpg
Training,glioma,512,512,RGB,JPEG,Dataset\Training\glioma\Tr-gl_318.jpg
Training,glioma,512,512,RGB,JPEG,Dataset\Training\glioma\Tr-gl_319.jpg
Training,glioma,512,512,L,JPEG,Dataset\Training\glioma\Tr-gl_32.jpg
Training,glioma,512,512,L,JPEG,Dataset\Training\glioma\Tr-gl_320.jpg
Training,glioma,512,512,L,JPEG,Dataset\Training\glioma\Tr-gl_321.jpg
Training,glioma,512,512,L,JPEG,Dataset\Training\glioma\Tr-gl_322.jpg
Training,glioma,512,512,L,JPEG,Dataset\Training\glioma\Tr-gl_323.jpg
Training,glioma,512,512,L,JPEG,Dataset\Training\glioma\Tr-gl_324.jpg
Training,glioma,512,512,L,JPEG,Dataset\Training\glioma\Tr-gl_325.jpg
Training,glioma,512,512,RGB,JPEG,Dataset\Training\glioma\Tr-gl_326.jpg
Training,glioma,512,512,L,JPEG,Dataset\Training\glioma\Tr-gl_327.jpg
Training,glioma,512,512,L,JPEG,Dataset\Training\glioma\Tr-gl_328.jpg
Training,glioma,512,512,RGB,JPEG,Dataset\Training\glioma\Tr-gl_329.jpg
Training,glioma,512,512,RGB,JPEG,Dataset\Training\glioma\Tr-gl_33.jpg
Training,glioma,512,512,L,JPEG,Dataset\Training\glioma\Tr-gl_330.jpg
Training,glioma,512,512,L,JPEG,Dataset\Training\glioma\Tr-gl_331.jpg
Training,glioma,512,512,L,JPEG,Dataset\Training\glioma\Tr-gl_332.jpg
Training,glioma,512,512,RGB,JPEG,Dataset\Training\glioma\Tr-gl_333.jpg
Training,glioma,512,512,L,JPEG,Dataset\Training\glioma\Tr-gl_334.jpg
Training,glioma,512,512,RGB,JPEG,Dataset\Training\glioma\Tr-gl_335.jpg
Training,glioma,512,512,L,JPEG,Dataset\Training\glioma\Tr-gl_336.jpg
Training,glioma,512,512,L,JPEG,Dataset\Training\glioma\Tr-gl_337.jpg
Training,glioma,512,512,L,JPEG,Dataset\Training\glioma\Tr-gl_338.jpg
Training,glioma,512,512,L,JPEG,Dataset\Training\glioma\Tr-gl_339.jpg
Training,glioma,512,512,L,JPEG,Dataset\Training\glioma\Tr-gl_34.jpg
Training,glioma,512,512,L,JPEG,Dataset\Training\glioma\Tr-gl_340.jpg
Training,glioma,512,512,L,JPEG,Dataset\Training\glioma\Tr-gl_341.jpg
Training,glioma,512,512,L,JPEG,Dataset\Training\glioma\Tr-gl_342.jpg
Training,glioma,512,512,L,JPEG,Dataset\Training\glioma\Tr-gl_343.jpg
Training,glioma,512,512,L,JPEG,Dataset\Training\glioma\Tr-gl_344.jpg
Training,glioma,512,512,L,JPEG,Dataset\Training\glioma\Tr-gl_345.jpg
Training,glioma,512,512,L,JPEG,Dataset\Training\glioma\Tr-gl_346.jpg
Training,glioma,512,512,RGB,JPEG,Dataset\Training\glioma\Tr-gl_347.jpg
Training,glioma,512,512,L,JPEG,Dataset\Training\glioma\Tr-gl_348.jpg
Training,glioma,512,512,L,JPEG,Dataset\Training\glioma\Tr-gl_349.jpg
Training,glioma,512,512,L,JPEG,Dataset\Training\glioma\Tr-gl_35.jpg
Training,glioma,512,512,L,JPEG,Dataset\Training\glioma\Tr-gl_350.jpg
Training,glioma,512,512,L,JPEG,Dataset\Training\glioma\Tr-gl_351.jpg
Training,glioma,512,512,L,JPEG,Dataset\Training\glioma\Tr-gl_352.jpg
Training,glioma,512,512,L,JPEG,Dataset\Training\glioma\Tr-gl_353.jpg
Training,glioma,512,512,L,JPEG,Dataset\Training\glioma\Tr-gl_354.jpg
Training,glioma,512,512,L,JPEG,Dataset\Training\glioma\Tr-gl_355.jpg
Training,glioma,512,512,RGB,JPEG,Dataset\Training\glioma\Tr-gl_356.jpg
Training,glioma,512,512,L,JPEG,Dataset\Training\glioma\Tr-gl_357.jpg
Training,glioma,512,512,L,JPEG,Dataset\Training\glioma\Tr-gl_358.jpg
Training,glioma,512,512,L,JPEG,Dataset\Training\glioma\Tr-gl_359.jpg
Training,glioma,512,512,L,JPEG,Dataset\Training\glioma\Tr-gl_36.jpg
Training,glioma,512,512,RGB,JPEG,Dataset\Training\glioma\Tr-gl_360.jpg
Training,glioma,512,512,RGB,JPEG,Dataset\Training\glioma\Tr-gl_361.jpg
Training,glioma,512,512,L,JPEG,Dataset\Training\glioma\Tr-gl_362.jpg
Training,glioma,512,512,L,JPEG,Dataset\Training\glioma\Tr-gl_363.jpg
Training,glioma,512,512,RGB,JPEG,Dataset\Training\glioma\Tr-gl_364.jpg
Training,glioma,512,512,L,JPEG,Dataset\Training\glioma\Tr-gl_365.jpg
Training,glioma,512,512,L,JPEG,Dataset\Training\glioma\Tr-gl_366.jpg
Training,glioma,512,512,L,JPEG,Dataset\Training\glioma\Tr-gl_367.jpg
Training,glioma,512,512,L,JPEG,Dataset\Training\glioma\Tr-gl_368.jpg
Training,glioma,512,512,RGB,JPEG,Dataset\Training\glioma\Tr-gl_369.jpg
Training,glioma,512,512,RGB,JPEG,Dataset\Training\glioma\Tr-gl_37.jpg
Training,glioma,512,512,L,JPEG,Dataset\Training\glioma\Tr-gl_370.jpg
Training,glioma,512,512,L,JPEG,Dataset\Training\glioma\Tr-gl_371.jpg
Training,glioma,512,512,L,JPEG,Dataset\Training\glioma\Tr-gl_372.jpg
Training,glioma,512,512,L,JPEG,Dataset\Training\glioma\Tr-gl_373.jpg
Training,glioma,512,512,L,JPEG,Dataset\Training\glioma\Tr-gl_374.jpg
Training,glioma,512,512,L,JPEG,Dataset\Training\glioma\Tr-gl_375.jpg
Training,glioma,512,512,L,JPEG,Dataset\Training\glioma\Tr-gl_376.jpg
Training,glioma,512,512,RGB,JPEG,Dataset\Training\glioma\Tr-gl_377.jpg
Training,glioma,512,512,L,JPEG,Dataset\Training\glioma\Tr-gl_378.jpg
Training,glioma,512,512,L,JPEG,Dataset\Training\glioma\Tr-gl_379.jpg
Training,glioma,512,512,L,JPEG,Dataset\Training\glioma\Tr-gl_38.jpg
Training,glioma,512,512,L,JPEG,Dataset\Training\glioma\Tr-gl_380.jpg
Training,glioma,512,512,L,JPEG,Dataset\Training\glioma\Tr-gl_381.jpg
Training,glioma,512,512,L,JPEG,Dataset\Training\glioma\Tr-gl_382.jpg
Training,glioma,512,512,RGB,JPEG,Dataset\Training\glioma\Tr-gl_383.jpg
Training,glioma,512,512,RGB,JPEG,Dataset\Training\glioma\Tr-gl_384.jpg
Training,glioma,512,512,L,JPEG,Dataset\Training\glioma\Tr-gl_385.jpg
Training,glioma,512,512,L,JPEG,Dataset\Training\glioma\Tr-gl_386.jpg
Training,glioma,512,512,L,JPEG,Dataset\Training\glioma\Tr-gl_387.jpg
Training,glioma,512,512,RGB,JPEG,Dataset\Training\glioma\Tr-gl_388.jpg
Training,glioma,512,512,L,JPEG,Dataset\Training\glioma\Tr-gl_389.jpg
Training,glioma,512,512,L,JPEG,Dataset\Training\glioma\Tr-gl_39.jpg
Training,glioma,512,512,L,JPEG,Dataset\Training\glioma\Tr-gl_390.jpg
Training,glioma,512,512,L,JPEG,Dataset\Training\glioma\Tr-gl_391.jpg
Training,glioma,512,512,RGB,JPEG,Dataset\Training\glioma\Tr-gl_392.jpg
Training,glioma,512,512,L,JPEG,Dataset\Training\glioma\Tr-gl_393.jpg
Training,glioma,512,512,L,JPEG,Dataset\Training\glioma\Tr-gl_394.jpg
Training,glioma,512,512,L,JPEG,Dataset\Training\glioma\Tr-gl_395.jpg
Training,glioma,512,512,RGB,JPEG,Dataset\Training\glioma\Tr-gl_396.jpg
Training,glioma,512,512,L,JPEG,Dataset\Training\glioma\Tr-gl_397.jpg
Training,glioma,512,512,L,JPEG,Dataset\Training\glioma\Tr-gl_398.jpg
Training,glioma,512,512,RGB,JPEG,Dataset\Training\glioma\Tr-gl_399.jpg
Training,glioma,512,512,RGB,JPEG,Dataset\Training\glioma\Tr-gl_4.jpg
Training,glioma,512,512,RGB,JPEG,Dataset\Training\glioma\Tr-gl_40.jpg
Training,glioma,512,512,L,JPEG,Dataset\Training\glioma\Tr-gl_400.jpg
Training,glioma,512,512,L,JPEG,Dataset\Training\glioma\Tr-gl_401.jpg
Training,glioma,512,512,L,JPEG,Dataset\Training\glioma\Tr-gl_402.jpg
Training,glioma,512,512,L,JPEG,Dataset\Training\glioma\Tr-gl_403.jpg
Training,glioma,512,512,L,JPEG,Dataset\Training\glioma\Tr-gl_404.jpg
Training,glioma,512,512,L,JPEG,Dataset\Training\glioma\Tr-gl_405.jpg
Training,glioma,512,512,RGB,JPEG,Dataset\Training\glioma\Tr-gl_406.jpg
Training,glioma,512,512,L,JPEG,Dataset\Training\glioma\Tr-gl_407.jpg
Training,glioma,512,512,L,JPEG,Dataset\Training\glioma\Tr-gl_408.jpg
Training,glioma,512,512,L,JPEG,Dataset\Training\glioma\Tr-gl_409.jpg
Training,glioma,512,512,L,JPEG,Dataset\Training\glioma\Tr-gl_41.jpg
Training,glioma,512,512,L,JPEG,Dataset\Training\glioma\Tr-gl_410.jpg
Training,glioma,512,512,L,JPEG,Dataset\Training\glioma\Tr-gl_411.jpg
Training,glioma,512,512,L,JPEG,Dataset\Training\glioma\Tr-gl_412.jpg
Training,glioma,512,512,RGB,JPEG,Dataset\Training\glioma\Tr-gl_413.jpg
Training,glioma,512,512,L,JPEG,Dataset\Training\glioma\Tr-gl_414.jpg
Training,glioma,512,512,L,JPEG,Dataset\Training\glioma\Tr-gl_415.jpg
Training,glioma,512,512,L,JPEG,Dataset\Training\glioma\Tr-gl_416.jpg
Training,glioma,512,512,RGB,JPEG,Dataset\Training\glioma\Tr-gl_417.jpg
Training,glioma,512,512,L,JPEG,Dataset\Training\glioma\Tr-gl_418.jpg
Training,glioma,512,512,L,JPEG,Dataset\Training\glioma\Tr-gl_419.jpg
Training,glioma,512,512,L,JPEG,Dataset\Training\glioma\Tr-gl_42.jpg
Training,glioma,512,512,RGB,JPEG,Dataset\Training\glioma\Tr-gl_420.jpg
Training,glioma,512,512,L,JPEG,Dataset\Training\glioma\Tr-gl_421.jpg
Training,glioma,512,512,L,JPEG,Dataset\Training\glioma\Tr-gl_422.jpg
Training,glioma,512,512,RGB,JPEG,Dataset\Training\glioma\Tr-gl_423.jpg
Training,glioma,512,512,RGB,JPEG,Dataset\Training\glioma\Tr-gl_424.jpg
Training,glioma,512,512,L,JPEG,Dataset\Training\glioma\Tr-gl_425.jpg
Training,glioma,512,512,L,JPEG,Dataset\Training\glioma\Tr-gl_426.jpg
Training,glioma,512,512,L,JPEG,Dataset\Training\glioma\Tr-gl_427.jpg
Training,glioma,512,512,L,JPEG,Dataset\Training\glioma\Tr-gl_428.jpg
Training,glioma,512,512,RGB,JPEG,Dataset\Training\glioma\Tr-gl_429.jpg
Training,glioma,512,512,L,JPEG,Dataset\Training\glioma\Tr-gl_43.jpg
Training,glioma,512,512,L,JPEG,Dataset\Training\glioma\Tr-gl_430.jpg
Training,glioma,512,512,L,JPEG,Dataset\Training\glioma\Tr-gl_431.jpg
Training,glioma,512,512,RGB,JPEG,Dataset\Training\glioma\Tr-gl_432.jpg
Training,glioma,512,512,L,JPEG,Dataset\Training\glioma\Tr-gl_433.jpg
Training,glioma,512,512,L,JPEG,Dataset\Training\glioma\Tr-gl_434.jpg
Training,glioma,512,512,L,JPEG,Dataset\Training\glioma\Tr-gl_435.jpg
Training,glioma,512,512,L,JPEG,Dataset\Training\glioma\Tr-gl_436.jpg
Training,glioma,512,512,L,JPEG,Dataset\Training\glioma\Tr-gl_437.jpg
Training,glioma,512,512,L,JPEG,Dataset\Training\glioma\Tr-gl_438.jpg
Training,glioma,512,512,L,JPEG,Dataset\Training\glioma\Tr-gl_439.jpg
Training,glioma,512,512,L,JPEG,Dataset\Training\glioma\Tr-gl_44.jpg
Training,glioma,512,512,L,JPEG,Dataset\Training\glioma\Tr-gl_440.jpg
Training,glioma,512,512,RGB,JPEG,Dataset\Training\glioma\Tr-gl_441.jpg
Training,glioma,512,512,L,JPEG,Dataset\Training\glioma\Tr-gl_442.jpg
Training,glioma,512,512,L,JPEG,Dataset\Training\glioma\Tr-gl_443.jpg
Training,glioma,512,512,L,JPEG,Dataset\Training\glioma\Tr-gl_444.jpg
Training,glioma,512,512,L,JPEG,Dataset\Training\glioma\Tr-gl_445.jpg
Training,glioma,512,512,L,JPEG,Dataset\Training\glioma\Tr-gl_446.jpg
Training,glioma,512,512,RGB,JPEG,Dataset\Training\glioma\Tr-gl_447.jpg
Training,glioma,512,512,L,JPEG,Dataset\Training\glioma\Tr-gl_448.jpg
Training,glioma,512,512,L,JPEG,Dataset\Training\glioma\Tr-gl_449.jpg
Training,glioma,512,512,L,JPEG,Dataset\Training\glioma\Tr-gl_45.jpg
Training,glioma,512,512,L,JPEG,Dataset\Training\glioma\Tr-gl_450.jpg
Training,glioma,512,512,L,JPEG,Dataset\Training\glioma\Tr-gl_451.jpg
Training,glioma,512,512,RGB,JPEG,Dataset\Training\glioma\Tr-gl_452.jpg
Training,glioma,512,512,L,JPEG,Dataset\Training\glioma\Tr-gl_453.jpg
Training,glioma,512,512,L,JPEG,Dataset\Training\glioma\Tr-gl_454.jpg
Training,glioma,512,512,L,JPEG,Dataset\Training\glioma\Tr-gl_455.jpg
Training,glioma,512,512,L,JPEG,Dataset\Training\glioma\Tr-gl_456.jpg
Training,glioma,512,512,RGB,JPEG,Dataset\Training\glioma\Tr-gl_457.jpg
Training,glioma,512,512,L,JPEG,Dataset\Training\glioma\Tr-gl_458.jpg
Training,glioma,512,512,L,JPEG,Dataset\Training\glioma\Tr-gl_459.jpg
Training,glioma,512,512,L,JPEG,Dataset\Training\glioma\Tr-gl_46.jpg
Training,glioma,512,512,L,JPEG,Dataset\Training\glioma\Tr-gl_460.jpg
Training,glioma,512,512,L,JPEG,Dataset\Training\glioma\Tr-gl_461.jpg
Training,glioma,512,512,L,JPEG,Dataset\Training\glioma\Tr-gl_462.jpg
Training,glioma,512,512,L,JPEG,Dataset\Training\glioma\Tr-gl_463.jpg
Training,glioma,512,512,L,JPEG,Dataset\Training\glioma\Tr-gl_464.jpg
Training,glioma,512,512,L,JPEG,Dataset\Training\glioma\Tr-gl_465.jpg
Training,glioma,512,512,L,JPEG,Dataset\Training\glioma\Tr-gl_466.jpg
Training,glioma,512,512,L,JPEG,Dataset\Training\glioma\Tr-gl_467.jpg
Training,glioma,512,512,L,JPEG,Dataset\Training\glioma\Tr-gl_468.jpg
Training,glioma,512,512,L,JPEG,Dataset\Training\glioma\Tr-gl_469.jpg
Training,glioma,512,512,L,JPEG,Dataset\Training\glioma\Tr-gl_47.jpg
Training,glioma,512,512,L,JPEG,Dataset\Training\glioma\Tr-gl_470.jpg
Training,glioma,512,512,L,JPEG,Dataset\Training\glioma\Tr-gl_471.jpg
Training,glioma,512,512,L,JPEG,Dataset\Training\glioma\Tr-gl_472.jpg
Training,glioma,512,512,RGB,JPEG,Dataset\Training\glioma\Tr-gl_473.jpg
Training,glioma,512,512,L,JPEG,Dataset\Training\glioma\Tr-gl_474.jpg
Training,glioma,512,512,L,JPEG,Dataset\Training\glioma\Tr-gl_475.jpg
Training,glioma,512,512,L,JPEG,Dataset\Training\glioma\Tr-gl_476.jpg
Training,glioma,512,512,L,JPEG,Dataset\Training\glioma\Tr-gl_477.jpg
Training,glioma,512,512,L,JPEG,Dataset\Training\glioma\Tr-gl_478.jpg
Training,glioma,512,512,RGB,JPEG,Dataset\Training\glioma\Tr-gl_479.jpg
Training,glioma,512,512,RGB,JPEG,Dataset\Training\glioma\Tr-gl_48.jpg
Training,glioma,512,512,L,JPEG,Dataset\Training\glioma\Tr-gl_480.jpg
Training,glioma,512,512,L,JPEG,Dataset\Training\glioma\Tr-gl_481.jpg
Training,glioma,512,512,L,JPEG,Dataset\Training\glioma\Tr-gl_482.jpg
Training,glioma,512,512,L,JPEG,Dataset\Training\glioma\Tr-gl_483.jpg
Training,glioma,512,512,L,JPEG,Dataset\Training\glioma\Tr-gl_484.jpg
Training,glioma,512,512,L,JPEG,Dataset\Training\glioma\Tr-gl_485.jpg
Training,glioma,512,512,L,JPEG,Dataset\Training\glioma\Tr-gl_486.jpg
Training,glioma,512,512,L,JPEG,Dataset\Training\glioma\Tr-gl_487.jpg
Training,glioma,512,512,L,JPEG,Dataset\Training\glioma\Tr-gl_488.jpg
Training,glioma,512,512,L,JPEG,Dataset\Training\glioma\Tr-gl_489.jpg
Training,glioma,512,512,RGB,JPEG,Dataset\Training\glioma\Tr-gl_49.jpg
Training,glioma,512,512,L,JPEG,Dataset\Training\glioma\Tr-gl_490.jpg
Training,glioma,512,512,L,JPEG,Dataset\Training\glioma\Tr-gl_491.jpg
Training,glioma,512,512,L,JPEG,Dataset\Training\glioma\Tr-gl_492.jpg
Training,glioma,512,512,L,JPEG,Dataset\Training\glioma\Tr-gl_493.jpg
Training,glioma,512,512,L,JPEG,Dataset\Training\glioma\Tr-gl_494.jpg
Training,glioma,512,512,L,JPEG,Dataset\Training\glioma\Tr-gl_495.jpg
Training,glioma,512,512,L,JPEG,Dataset\Training\glioma\Tr-gl_496.jpg
Training,glioma,512,512,L,JPEG,Dataset\Training\glioma\Tr-gl_497.jpg
Training,glioma,512,512,RGB,JPEG,Dataset\Training\glioma\Tr-gl_498.jpg
Training,glioma,512,512,L,JPEG,Dataset\Training\glioma\Tr-gl_499.jpg
Training,glioma,512,512,L,JPEG,Dataset\Training\glioma\Tr-gl_5.jpg
Training,glioma,512,512,RGB,JPEG,Dataset\Training\glioma\Tr-gl_50.jpg
Training,glioma,512,512,L,JPEG,Dataset\Training\glioma\Tr-gl_500.jpg
Training,glioma,512,512,L,JPEG,Dataset\Training\glioma\Tr-gl_501.jpg
Training,glioma,512,512,L,JPEG,Dataset\Training\glioma\Tr-gl_502.jpg
Training,glioma,512,512,L,JPEG,Dataset\Training\glioma\Tr-gl_503.jpg
Training,glioma,512,512,L,JPEG,Dataset\Training\glioma\Tr-gl_504.jpg
Training,glioma,512,512,L,JPEG,Dataset\Training\glioma\Tr-gl_505.jpg
Training,glioma,512,512,L,JPEG,Dataset\Training\glioma\Tr-gl_506.jpg
Training,glioma,512,512,L,JPEG,Dataset\Training\glioma\Tr-gl_507.jpg
Training,glioma,512,512,RGB,JPEG,Dataset\Training\glioma\Tr-gl_508.jpg
Training,glioma,512,512,L,JPEG,Dataset\Training\glioma\Tr-gl_509.jpg
Training,glioma,512,512,RGB,JPEG,Dataset\Training\glioma\Tr-gl_51.jpg
Training,glioma,512,512,L,JPEG,Dataset\Training\glioma\Tr-gl_510.jpg
Training,glioma,512,512,L,JPEG,Dataset\Training\glioma\Tr-gl_511.jpg
Training,glioma,512,512,RGB,JPEG,Dataset\Training\glioma\Tr-gl_512.jpg
Training,glioma,512,512,L,JPEG,Dataset\Training\glioma\Tr-gl_513.jpg
Training,glioma,512,512,L,JPEG,Dataset\Training\glioma\Tr-gl_514.jpg
Training,glioma,512,512,L,JPEG,Dataset\Training\glioma\Tr-gl_515.jpg
Training,glioma,512,512,RGB,JPEG,Dataset\Training\glioma\Tr-gl_516.jpg
Training,glioma,512,512,L,JPEG,Dataset\Training\glioma\Tr-gl_517.jpg
Training,glioma,512,512,L,JPEG,Dataset\Training\glioma\Tr-gl_518.jpg
Training,glioma,512,512,L,JPEG,Dataset\Training\glioma\Tr-gl_519.jpg
Training,glioma,512,512,L,JPEG,Dataset\Training\glioma\Tr-gl_52.jpg
Training,glioma,512,512,L,JPEG,Dataset\Training\glioma\Tr-gl_520.jpg
Training,glioma,512,512,L,JPEG,Dataset\Training\glioma\Tr-gl_521.jpg
Training,glioma,512,512,L,JPEG,Dataset\Training\glioma\Tr-gl_522.jpg
Training,glioma,512,512,L,JPEG,Dataset\Training\glioma\Tr-gl_523.jpg
Training,glioma,512,512,L,JPEG,Dataset\Training\glioma\Tr-gl_524.jpg
Training,glioma,512,512,L,JPEG,Dataset\Training\glioma\Tr-gl_525.jpg
Training,glioma,512,512,L,JPEG,Dataset\Training\glioma\Tr-gl_526.jpg
Training,glioma,512,512,L,JPEG,Dataset\Training\glioma\Tr-gl_527.jpg
Training,glioma,512,512,L,JPEG,Dataset\Training\glioma\Tr-gl_528.jpg
Training,glioma,512,512,L,JPEG,Dataset\Training\glioma\Tr-gl_529.jpg
Training,glioma,512,512,L,JPEG,Dataset\Training\glioma\Tr-gl_53.jpg
Training,glioma,512,512,L,JPEG,Dataset\Training\glioma\Tr-gl_530.jpg
Training,glioma,512,512,L,JPEG,Dataset\Training\glioma\Tr-gl_531.jpg
Training,glioma,512,512,L,JPEG,Dataset\Training\glioma\Tr-gl_532.jpg
Training,glioma,512,512,L,JPEG,Dataset\Training\glioma\Tr-gl_533.jpg
Training,glioma,512,512,L,JPEG,Dataset\Training\glioma\Tr-gl_534.jpg
Training,glioma,512,512,L,JPEG,Dataset\Training\glioma\Tr-gl_535.jpg
Training,glioma,512,512,L,JPEG,Dataset\Training\glioma\Tr-gl_536.jpg
Training,glioma,512,512,L,JPEG,Dataset\Training\glioma\Tr-gl_537.jpg
Training,glioma,512,512,L,JPEG,Dataset\Training\glioma\Tr-gl_538.jpg
Training,glioma,512,512,L,JPEG,Dataset\Training\glioma\Tr-gl_539.jpg
Training,glioma,512,512,L,JPEG,Dataset\Training\glioma\Tr-gl_54.jpg
Training,glioma,512,512,L,JPEG,Dataset\Training\glioma\Tr-gl_540.jpg
Training,glioma,512,512,L,JPEG,Dataset\Training\glioma\Tr-gl_541.jpg
Training,glioma,512,512,L,JPEG,Dataset\Training\glioma\Tr-gl_542.jpg
Training,glioma,512,512,RGB,JPEG,Dataset\Training\glioma\Tr-gl_543.jpg
Training,glioma,512,512,L,JPEG,Dataset\Training\glioma\Tr-gl_544.jpg
Training,glioma,512,512,RGB,JPEG,Dataset\Training\glioma\Tr-gl_545.jpg
Training,glioma,512,512,L,JPEG,Dataset\Training\glioma\Tr-gl_546.jpg
Training,glioma,512,512,L,JPEG,Dataset\Training\glioma\Tr-gl_547.jpg
Training,glioma,512,512,L,JPEG,Dataset\Training\glioma\Tr-gl_548.jpg
Training,glioma,512,512,L,JPEG,Dataset\Training\glioma\Tr-gl_549.jpg
Training,glioma,512,512,L,JPEG,Dataset\Training\glioma\Tr-gl_55.jpg
Training,glioma,512,512,L,JPEG,Dataset\Training\glioma\Tr-gl_550.jpg
Training,glioma,512,512,L,JPEG,Dataset\Training\glioma\Tr-gl_551.jpg
Training,glioma,512,512,L,JPEG,Dataset\Training\glioma\Tr-gl_552.jpg
Training,glioma,512,512,RGB,JPEG,Dataset\Training\glioma\Tr-gl_553.jpg
Training,glioma,512,512,L,JPEG,Dataset\Training\glioma\Tr-gl_554.jpg
Training,glioma,512,512,L,JPEG,Dataset\Training\glioma\Tr-gl_555.jpg
Training,glioma,512,512,L,JPEG,Dataset\Training\glioma\Tr-gl_556.jpg
Training,glioma,512,512,L,JPEG,Dataset\Training\glioma\Tr-gl_557.jpg
Training,glioma,512,512,L,JPEG,Dataset\Training\glioma\Tr-gl_558.jpg
Training,glioma,512,512,L,JPEG,Dataset\Training\glioma\Tr-gl_559.jpg
Training,glioma,512,512,L,JPEG,Dataset\Training\glioma\Tr-gl_56.jpg
Training,glioma,512,512,L,JPEG,Dataset\Training\glioma\Tr-gl_560.jpg
Training,glioma,512,512,L,JPEG,Dataset\Training\glioma\Tr-gl_561.jpg
Training,glioma,512,512,L,JPEG,Dataset\Training\glioma\Tr-gl_562.jpg
Training,glioma,512,512,RGB,JPEG,Dataset\Training\glioma\Tr-gl_563.jpg
Training,glioma,512,512,L,JPEG,Dataset\Training\glioma\Tr-gl_564.jpg
Training,glioma,512,512,L,JPEG,Dataset\Training\glioma\Tr-gl_565.jpg
Training,glioma,512,512,L,JPEG,Dataset\Training\glioma\Tr-gl_566.jpg
Training,glioma,512,512,L,JPEG,Dataset\Training\glioma\Tr-gl_567.jpg
Training,glioma,512,512,L,JPEG,Dataset\Training\glioma\Tr-gl_568.jpg
Training,glioma,512,512,L,JPEG,Dataset\Training\glioma\Tr-gl_569.jpg
Training,glioma,512,512,L,JPEG,Dataset\Training\glioma\Tr-gl_57.jpg
Training,glioma,512,512,L,JPEG,Dataset\Training\glioma\Tr-gl_570.jpg
Training,glioma,512,512,L,JPEG,Dataset\Training\glioma\Tr-gl_571.jpg
Training,glioma,512,512,L,JPEG,Dataset\Training\glioma\Tr-gl_572.jpg
Training,glioma,512,512,L,JPEG,Dataset\Training\glioma\Tr-gl_573.jpg
Training,glioma,512,512,L,JPEG,Dataset\Training\glioma\Tr-gl_574.jpg
Training,glioma,512,512,L,JPEG,Dataset\Training\glioma\Tr-gl_575.jpg
Training,glioma,512,512,RGB,JPEG,Dataset\Training\glioma\Tr-gl_576.jpg
Training,glioma,512,512,L,JPEG,Dataset\Training\glioma\Tr-gl_577.jpg
Training,glioma,512,512,RGB,JPEG,Dataset\Training\glioma\Tr-gl_578.jpg
Training,glioma,512,512,L,JPEG,Dataset\Training\glioma\Tr-gl_579.jpg
Training,glioma,512,512,L,JPEG,Dataset\Training\glioma\Tr-gl_58.jpg
Training,glioma,512,512,RGB,JPEG,Dataset\Training\glioma\Tr-gl_580.jpg
Training,glioma,512,512,L,JPEG,Dataset\Training\glioma\Tr-gl_581.jpg
Training,glioma,512,512,L,JPEG,Dataset\Training\glioma\Tr-gl_582.jpg
Training,glioma,512,512,L,JPEG,Dataset\Training\glioma\Tr-gl_583.jpg
Training,glioma,512,512,RGB,JPEG,Dataset\Training\glioma\Tr-gl_584.jpg
Training,glioma,512,512,RGB,JPEG,Dataset\Training\glioma\Tr-gl_585.jpg
Training,glioma,512,512,L,JPEG,Dataset\Training\glioma\Tr-gl_586.jpg
Training,glioma,512,512,L,JPEG,Dataset\Training\glioma\Tr-gl_587.jpg
Training,glioma,512,512,L,JPEG,Dataset\Training\glioma\Tr-gl_588.jpg
Training,glioma,512,512,L,JPEG,Dataset\Training\glioma\Tr-gl_589.jpg
Training,glioma,512,512,RGB,JPEG,Dataset\Training\glioma\Tr-gl_59.jpg
Training,glioma,512,512,L,JPEG,Dataset\Training\glioma\Tr-gl_590.jpg
Training,glioma,512,512,L,JPEG,Dataset\Training\glioma\Tr-gl_591.jpg
Training,glioma,512,512,L,JPEG,Dataset\Training\glioma\Tr-gl_592.jpg
Training,glioma,512,512,L,JPEG,Dataset\Training\glioma\Tr-gl_593.jpg
Training,glioma,512,512,L,JPEG,Dataset\Training\glioma\Tr-gl_594.jpg
Training,glioma,512,512,L,JPEG,Dataset\Training\glioma\Tr-gl_595.jpg
Training,glioma,512,512,L,JPEG,Dataset\Training\glioma\Tr-gl_596.jpg
Training,glioma,512,512,L,JPEG,Dataset\Training\glioma\Tr-gl_597.jpg
Training,glioma,512,512,L,JPEG,Dataset\Training\glioma\Tr-gl_598.jpg
Training,glioma,512,512,L,JPEG,Dataset\Training\glioma\Tr-gl_599.jpg
Training,glioma,512,512,L,JPEG,Dataset\Training\glioma\Tr-gl_6.jpg
Training,glioma,512,512,L,JPEG,Dataset\Training\glioma\Tr-gl_60.jpg
Training,glioma,512,512,L,JPEG,Dataset\Training\glioma\Tr-gl_600.jpg
Training,glioma,512,512,L,JPEG,Dataset\Training\glioma\Tr-gl_601.jpg
Training,glioma,512,512,L,JPEG,Dataset\Training\glioma\Tr-gl_602.jpg
Training,glioma,512,512,L,JPEG,Dataset\Training\glioma\Tr-gl_603.jpg
Training,glioma,512,512,L,JPEG,Dataset\Training\glioma\Tr-gl_604.jpg
Training,glioma,512,512,L,JPEG,Dataset\Training\glioma\Tr-gl_605.jpg
Training,glioma,512,512,L,JPEG,Dataset\Training\glioma\Tr-gl_606.jpg
Training,glioma,512,512,L,JPEG,Dataset\Training\glioma\Tr-gl_607.jpg
Training,glioma,512,512,RGB,JPEG,Dataset\Training\glioma\Tr-gl_608.jpg
Training,glioma,512,512,L,JPEG,Dataset\Training\glioma\Tr-gl_609.jpg
Training,glioma,512,512,L,JPEG,Dataset\Training\glioma\Tr-gl_61.jpg
Training,glioma,512,512,L,JPEG,Dataset\Training\glioma\Tr-gl_610.jpg
Training,glioma,512,512,L,JPEG,Dataset\Training\glioma\Tr-gl_611.jpg
Training,glioma,512,512,L,JPEG,Dataset\Training\glioma\Tr-gl_612.jpg
Training,glioma,512,512,L,JPEG,Dataset\Training\glioma\Tr-gl_613.jpg
Training,glioma,512,512,L,JPEG,Dataset\Training\glioma\Tr-gl_614.jpg
Training,glioma,512,512,RGB,JPEG,Dataset\Training\glioma\Tr-gl_615.jpg
Training,glioma,512,512,L,JPEG,Dataset\Training\glioma\Tr-gl_616.jpg
Training,glioma,512,512,L,JPEG,Dataset\Training\glioma\Tr-gl_617.jpg
Training,glioma,512,512,L,JPEG,Dataset\Training\glioma\Tr-gl_618.jpg
Training,glioma,512,512,L,JPEG,Dataset\Training\glioma\Tr-gl_619.jpg
Training,glioma,512,512,L,JPEG,Dataset\Training\glioma\Tr-gl_62.jpg
Training,glioma,512,512,L,JPEG,Dataset\Training\glioma\Tr-gl_620.jpg
Training,glioma,512,512,L,JPEG,Dataset\Training\glioma\Tr-gl_621.jpg
Training,glioma,512,512,L,JPEG,Dataset\Training\glioma\Tr-gl_622.jpg
Training,glioma,512,512,L,JPEG,Dataset\Training\glioma\Tr-gl_623.jpg
Training,glioma,512,512,L,JPEG,Dataset\Training\glioma\Tr-gl_624.jpg
Training,glioma,512,512,RGB,JPEG,Dataset\Training\glioma\Tr-gl_625.jpg
Training,glioma,512,512,L,JPEG,Dataset\Training\glioma\Tr-gl_626.jpg
Training,glioma,512,512,L,JPEG,Dataset\Training\glioma\Tr-gl_627.jpg
Training,glioma,512,512,L,JPEG,Dataset\Training\glioma\Tr-gl_628.jpg
Training,glioma,512,512,L,JPEG,Dataset\Training\glioma\Tr-gl_629.jpg
Training,glioma,512,512,L,JPEG,Dataset\Training\glioma\Tr-gl_63.jpg
Training,glioma,512,512,L,JPEG,Dataset\Training\glioma\Tr-gl_630.jpg
Training,glioma,512,512,RGB,JPEG,Dataset\Training\glioma\Tr-gl_631.jpg
Training,glioma,512,512,L,JPEG,Dataset\Training\glioma\Tr-gl_632.jpg
Training,glioma,512,512,L,JPEG,Dataset\Training\glioma\Tr-gl_633.jpg
Training,glioma,512,512,L,JPEG,Dataset\Training\glioma\Tr-gl_634.jpg
Training,glioma,512,512,L,JPEG,Dataset\Training\glioma\Tr-gl_635.jpg
Training,glioma,512,512,RGB,JPEG,Dataset\Training\glioma\Tr-gl_636.jpg
Training,glioma,512,512,L,JPEG,Dataset\Training\glioma\Tr-gl_637.jpg
Training,glioma,512,512,L,JPEG,Dataset\Training\glioma\Tr-gl_638.jpg
Training,glioma,512,512,L,JPEG,Dataset\Training\glioma\Tr-gl_639.jpg
Training,glioma,512,512,L,JPEG,Dataset\Training\glioma\Tr-gl_64.jpg
Training,glioma,512,512,L,JPEG,Dataset\Training\glioma\Tr-gl_640.jpg
Training,glioma,512,512,L,JPEG,Dataset\Training\glioma\Tr-gl_641.jpg
Training,glioma,512,512,RGB,JPEG,Dataset\Training\glioma\Tr-gl_642.jpg
Training,glioma,512,512,L,JPEG,Dataset\Training\glioma\Tr-gl_643.jpg
Training,glioma,512,512,L,JPEG,Dataset\Training\glioma\Tr-gl_644.jpg
Training,glioma,512,512,L,JPEG,Dataset\Training\glioma\Tr-gl_645.jpg
Training,glioma,512,512,RGB,JPEG,Dataset\Training\glioma\Tr-gl_646.jpg
Training,glioma,512,512,L,JPEG,Dataset\Training\glioma\Tr-gl_647.jpg
Training,glioma,512,512,L,JPEG,Dataset\Training\glioma\Tr-gl_648.jpg
Training,glioma,512,512,L,JPEG,Dataset\Training\glioma\Tr-gl_649.jpg
Training,glioma,512,512,L,JPEG,Dataset\Training\glioma\Tr-gl_65.jpg
Training,glioma,512,512,L,JPEG,Dataset\Training\glioma\Tr-gl_650.jpg
Training,glioma,512,512,L,JPEG,Dataset\Training\glioma\Tr-gl_651.jpg
Training,glioma,512,512,L,JPEG,Dataset\Training\glioma\Tr-gl_652.jpg
Training,glioma,512,512,L,JPEG,Dataset\Training\glioma\Tr-gl_653.jpg
Training,glioma,512,512,RGB,JPEG,Dataset\Training\glioma\Tr-gl_654.jpg
Training,glioma,512,512,L,JPEG,Dataset\Training\glioma\Tr-gl_655.jpg
Training,glioma,512,512,RGB,JPEG,Dataset\Training\glioma\Tr-gl_656.jpg
Training,glioma,512,512,L,JPEG,Dataset\Training\glioma\Tr-gl_657.jpg
Training,glioma,512,512,L,JPEG,Dataset\Training\glioma\Tr-gl_658.jpg
Training,glioma,512,512,L,JPEG,Dataset\Training\glioma\Tr-gl_659.jpg
Training,glioma,512,512,L,JPEG,Dataset\Training\glioma\Tr-gl_66.jpg
Training,glioma,512,512,L,JPEG,Dataset\Training\glioma\Tr-gl_660.jpg
Training,glioma,512,512,L,JPEG,Dataset\Training\glioma\Tr-gl_661.jpg
Training,glioma,512,512,L,JPEG,Dataset\Training\glioma\Tr-gl_662.jpg
Training,glioma,512,512,L,JPEG,Dataset\Training\glioma\Tr-gl_663.jpg
Training,glioma,512,512,RGB,JPEG,Dataset\Training\glioma\Tr-gl_664.jpg
Training,glioma,512,512,L,JPEG,Dataset\Training\glioma\Tr-gl_665.jpg
Training,glioma,512,512,L,JPEG,Dataset\Training\glioma\Tr-gl_666.jpg
Training,glioma,512,512,L,JPEG,Dataset\Training\glioma\Tr-gl_667.jpg
Training,glioma,512,512,L,JPEG,Dataset\Training\glioma\Tr-gl_668.jpg
Training,glioma,512,512,L,JPEG,Dataset\Training\glioma\Tr-gl_669.jpg
Training,glioma,512,512,L,JPEG,Dataset\Training\glioma\Tr-gl_67.jpg
Training,glioma,512,512,L,JPEG,Dataset\Training\glioma\Tr-gl_670.jpg
Training,glioma,512,512,L,JPEG,Dataset\Training\glioma\Tr-gl_671.jpg
Training,glioma,512,512,L,JPEG,Dataset\Training\glioma\Tr-gl_672.jpg
Training,glioma,512,512,RGB,JPEG,Dataset\Training\glioma\Tr-gl_673.jpg
Training,glioma,512,512,L,JPEG,Dataset\Training\glioma\Tr-gl_674.jpg
Training,glioma,512,512,L,JPEG,Dataset\Training\glioma\Tr-gl_675.jpg
Training,glioma,512,512,L,JPEG,Dataset\Training\glioma\Tr-gl_676.jpg
Training,glioma,512,512,RGB,JPEG,Dataset\Training\glioma\Tr-gl_677.jpg
Training,glioma,512,512,L,JPEG,Dataset\Training\glioma\Tr-gl_678.jpg
Training,glioma,512,512,L,JPEG,Dataset\Training\glioma\Tr-gl_679.jpg
Training,glioma,512,512,L,JPEG,Dataset\Training\glioma\Tr-gl_68.jpg
Training,glioma,512,512,L,JPEG,Dataset\Training\glioma\Tr-gl_680.jpg
Training,glioma,512,512,L,JPEG,Dataset\Training\glioma\Tr-gl_681.jpg
Training,glioma,512,512,L,JPEG,Dataset\Training\glioma\Tr-gl_682.jpg
Training,glioma,512,512,RGB,JPEG,Dataset\Training\glioma\Tr-gl_683.jpg
Training,glioma,512,512,L,JPEG,Dataset\Training\glioma\Tr-gl_684.jpg
Training,glioma,512,512,L,JPEG,Dataset\Training\glioma\Tr-gl_685.jpg
Training,glioma,512,512,L,JPEG,Dataset\Training\glioma\Tr-gl_686.jpg
Training,glioma,512,512,RGB,JPEG,Dataset\Training\glioma\Tr-gl_687.jpg
Training,glioma,512,512,L,JPEG,Dataset\Training\glioma\Tr-gl_688.jpg
Training,glioma,512,512,L,JPEG,Dataset\Training\glioma\Tr-gl_689.jpg
Training,glioma,512,512,L,JPEG,Dataset\Training\glioma\Tr-gl_69.jpg
Training,glioma,512,512,L,JPEG,Dataset\Training\glioma\Tr-gl_690.jpg
Training,glioma,512,512,L,JPEG,Dataset\Training\glioma\Tr-gl_691.jpg
Training,glioma,512,512,L,JPEG,Dataset\Training\glioma\Tr-gl_692.jpg
Training,glioma,512,512,L,JPEG,Dataset\Training\glioma\Tr-gl_693.jpg
Training,glioma,512,512,L,JPEG,Dataset\Training\glioma\Tr-gl_694.jpg
Training,glioma,512,512,L,JPEG,Dataset\Training\glioma\Tr-gl_695.jpg
Training,glioma,512,512,RGB,JPEG,Dataset\Training\glioma\Tr-gl_696.jpg
Training,glioma,512,512,L,JPEG,Dataset\Training\glioma\Tr-gl_697.jpg
Training,glioma,512,512,L,JPEG,Dataset\Training\glioma\Tr-gl_698.jpg
Training,glioma,512,512,L,JPEG,Dataset\Training\glioma\Tr-gl_699.jpg
Training,glioma,512,512,L,JPEG,Dataset\Training\glioma\Tr-gl_7.jpg
Training,glioma,512,512,L,JPEG,Dataset\Training\glioma\Tr-gl_70.jpg
Training,glioma,512,512,L,JPEG,Dataset\Training\glioma\Tr-gl_700.jpg
Training,glioma,512,512,L,JPEG,Dataset\Training\glioma\Tr-gl_701.jpg
Training,glioma,512,512,RGB,JPEG,Dataset\Training\glioma\Tr-gl_702.jpg
Training,glioma,512,512,L,JPEG,Dataset\Training\glioma\Tr-gl_703.jpg
Training,glioma,512,512,L,JPEG,Dataset\Training\glioma\Tr-gl_704.jpg
Training,glioma,512,512,L,JPEG,Dataset\Training\glioma\Tr-gl_705.jpg
Training,glioma,512,512,RGB,JPEG,Dataset\Training\glioma\Tr-gl_706.jpg
Training,glioma,512,512,L,JPEG,Dataset\Training\glioma\Tr-gl_707.jpg
Training,glioma,512,512,L,JPEG,Dataset\Training\glioma\Tr-gl_708.jpg
Training,glioma,512,512,L,JPEG,Dataset\Training\glioma\Tr-gl_709.jpg
Training,glioma,512,512,L,JPEG,Dataset\Training\glioma\Tr-gl_71.jpg
Training,glioma,512,512,L,JPEG,Dataset\Training\glioma\Tr-gl_710.jpg
Training,glioma,512,512,L,JPEG,Dataset\Training\glioma\Tr-gl_711.jpg
Training,glioma,512,512,L,JPEG,Dataset\Training\glioma\Tr-gl_712.jpg
Training,glioma,512,512,L,JPEG,Dataset\Training\glioma\Tr-gl_713.jpg
Training,glioma,512,512,L,JPEG,Dataset\Training\glioma\Tr-gl_714.jpg
Training,glioma,512,512,L,JPEG,Dataset\Training\glioma\Tr-gl_715.jpg
Training,glioma,512,512,L,JPEG,Dataset\Training\glioma\Tr-gl_716.jpg
Training,glioma,512,512,L,JPEG,Dataset\Training\glioma\Tr-gl_717.jpg
Training,glioma,512,512,L,JPEG,Dataset\Training\glioma\Tr-gl_718.jpg
Training,glioma,512,512,L,JPEG,Dataset\Training\glioma\Tr-gl_719.jpg
Training,glioma,512,512,L,JPEG,Dataset\Training\glioma\Tr-gl_72.jpg
Training,glioma,512,512,RGB,JPEG,Dataset\Training\glioma\Tr-gl_720.jpg
Training,glioma,512,512,RGB,JPEG,Dataset\Training\glioma\Tr-gl_721.jpg
Training,glioma,512,512,L,JPEG,Dataset\Training\glioma\Tr-gl_722.jpg
Training,glioma,512,512,L,JPEG,Dataset\Training\glioma\Tr-gl_723.jpg
Training,glioma,512,512,L,JPEG,Dataset\Training\glioma\Tr-gl_724.jpg
Training,glioma,512,512,RGB,JPEG,Dataset\Training\glioma\Tr-gl_725.jpg
Training,glioma,512,512,L,JPEG,Dataset\Training\glioma\Tr-gl_726.jpg
Training,glioma,512,512,L,JPEG,Dataset\Training\glioma\Tr-gl_727.jpg
Training,glioma,512,512,L,JPEG,Dataset\Training\glioma\Tr-gl_728.jpg
Training,glioma,512,512,L,JPEG,Dataset\Training\glioma\Tr-gl_729.jpg
Training,glioma,512,512,L,JPEG,Dataset\Training\glioma\Tr-gl_73.jpg
Training,glioma,512,512,L,JPEG,Dataset\Training\glioma\Tr-gl_730.jpg
Training,glioma,512,512,L,JPEG,Dataset\Training\glioma\Tr-gl_731.jpg
Training,glioma,512,512,L,JPEG,Dataset\Training\glioma\Tr-gl_732.jpg
Training,glioma,512,512,L,JPEG,Dataset\Training\glioma\Tr-gl_733.jpg
Training,glioma,512,512,RGB,JPEG,Dataset\Training\glioma\Tr-gl_734.jpg
Training,glioma,512,512,L,JPEG,Dataset\Training\glioma\Tr-gl_735.jpg
Training,glioma,512,512,L,JPEG,Dataset\Training\glioma\Tr-gl_736.jpg
Training,glioma,512,512,L,JPEG,Dataset\Training\glioma\Tr-gl_737.jpg
Training,glioma,512,512,L,JPEG,Dataset\Training\glioma\Tr-gl_738.jpg
Training,glioma,512,512,L,JPEG,Dataset\Training\glioma\Tr-gl_739.jpg
Training,glioma,512,512,L,JPEG,Dataset\Training\glioma\Tr-gl_74.jpg
Training,glioma,512,512,RGB,JPEG,Dataset\Training\glioma\Tr-gl_740.jpg
Training,glioma,512,512,L,JPEG,Dataset\Training\glioma\Tr-gl_741.jpg
Training,glioma,512,512,RGB,JPEG,Dataset\Training\glioma\Tr-gl_742.jpg
Training,glioma,512,512,L,JPEG,Dataset\Training\glioma\Tr-gl_743.jpg
Training,glioma,512,512,L,JPEG,Dataset\Training\glioma\Tr-gl_744.jpg
Training,glioma,512,512,L,JPEG,Dataset\Training\glioma\Tr-gl_745.jpg
Training,glioma,512,512,L,JPEG,Dataset\Training\glioma\Tr-gl_746.jpg
Training,glioma,512,512,L,JPEG,Dataset\Training\glioma\Tr-gl_747.jpg
Training,glioma,512,512,L,JPEG,Dataset\Training\glioma\Tr-gl_748.jpg
Training,glioma,512,512,L,JPEG,Dataset\Training\glioma\Tr-gl_749.jpg
Training,glioma,512,512,L,JPEG,Dataset\Training\glioma\Tr-gl_75.jpg
Training,glioma,512,512,L,JPEG,Dataset\Training\glioma\Tr-gl_750.jpg
Training,glioma,512,512,L,JPEG,Dataset\Training\glioma\Tr-gl_751.jpg
Training,glioma,512,512,L,JPEG,Dataset\Training\glioma\Tr-gl_752.jpg
Training,glioma,512,512,L,JPEG,Dataset\Training\glioma\Tr-gl_753.jpg
Training,glioma,512,512,L,JPEG,Dataset\Training\glioma\Tr-gl_754.jpg
Training,glioma,512,512,RGB,JPEG,Dataset\Training\glioma\Tr-gl_755.jpg
Training,glioma,512,512,L,JPEG,Dataset\Training\glioma\Tr-gl_756.jpg
Training,glioma,512,512,L,JPEG,Dataset\Training\glioma\Tr-gl_757.jpg
Training,glioma,512,512,L,JPEG,Dataset\Training\glioma\Tr-gl_758.jpg
Training,glioma,512,512,L,JPEG,Dataset\Training\glioma\Tr-gl_759.jpg
Training,glioma,512,512,RGB,JPEG,Dataset\Training\glioma\Tr-gl_76.jpg
Training,glioma,512,512,L,JPEG,Dataset\Training\glioma\Tr-gl_760.jpg
Training,glioma,512,512,RGB,JPEG,Dataset\Training\glioma\Tr-gl_761.jpg
Training,glioma,512,512,RGB,JPEG,Dataset\Training\glioma\Tr-gl_762.jpg
Training,glioma,512,512,L,JPEG,Dataset\Training\glioma\Tr-gl_763.jpg
Training,glioma,512,512,L,JPEG,Dataset\Training\glioma\Tr-gl_764.jpg
Training,glioma,512,512,L,JPEG,Dataset\Training\glioma\Tr-gl_765.jpg
Training,glioma,512,512,L,JPEG,Dataset\Training\glioma\Tr-gl_766.jpg
Training,glioma,512,512,L,JPEG,Dataset\Training\glioma\Tr-gl_767.jpg
Training,glioma,512,512,L,JPEG,Dataset\Training\glioma\Tr-gl_768.jpg
Training,glioma,512,512,L,JPEG,Dataset\Training\glioma\Tr-gl_769.jpg
Training,glioma,512,512,L,JPEG,Dataset\Training\glioma\Tr-gl_77.jpg
Training,glioma,512,512,L,JPEG,Dataset\Training\glioma\Tr-gl_770.jpg
Training,glioma,512,512,L,JPEG,Dataset\Training\glioma\Tr-gl_771.jpg
Training,glioma,512,512,L,JPEG,Dataset\Training\glioma\Tr-gl_772.jpg
Training,glioma,512,512,L,JPEG,Dataset\Training\glioma\Tr-gl_773.jpg
Training,glioma,512,512,L,JPEG,Dataset\Training\glioma\Tr-gl_774.jpg
Training,glioma,512,512,L,JPEG,Dataset\Training\glioma\Tr-gl_775.jpg
Training,glioma,512,512,L,JPEG,Dataset\Training\glioma\Tr-gl_776.jpg
Training,glioma,512,512,L,JPEG,Dataset\Training\glioma\Tr-gl_777.jpg
Training,glioma,512,512,L,JPEG,Dataset\Training\glioma\Tr-gl_778.jpg
Training,glioma,512,512,L,JPEG,Dataset\Training\glioma\Tr-gl_779.jpg
Training,glioma,512,512,L,JPEG,Dataset\Training\glioma\Tr-gl_78.jpg
Training,glioma,512,512,RGB,JPEG,Dataset\Training\glioma\Tr-gl_780.jpg
Training,glioma,512,512,L,JPEG,Dataset\Training\glioma\Tr-gl_781.jpg
Training,glioma,512,512,RGB,JPEG,Dataset\Training\glioma\Tr-gl_782.jpg
Training,glioma,512,512,L,JPEG,Dataset\Training\glioma\Tr-gl_783.jpg
Training,glioma,512,512,L,JPEG,Dataset\Training\glioma\Tr-gl_784.jpg
Training,glioma,512,512,L,JPEG,Dataset\Training\glioma\Tr-gl_785.jpg
Training,glioma,512,512,L,JPEG,Dataset\Training\glioma\Tr-gl_786.jpg
Training,glioma,512,512,L,JPEG,Dataset\Training\glioma\Tr-gl_787.jpg
Training,glioma,512,512,L,JPEG,Dataset\Training\glioma\Tr-gl_788.jpg
Training,glioma,512,512,L,JPEG,Dataset\Training\glioma\Tr-gl_789.jpg
Training,glioma,512,512,L,JPEG,Dataset\Training\glioma\Tr-gl_79.jpg
Training,glioma,512,512,L,JPEG,Dataset\Training\glioma\Tr-gl_790.jpg
Training,glioma,512,512,L,JPEG,Dataset\Training\glioma\Tr-gl_791.jpg
Training,glioma,512,512,RGB,JPEG,Dataset\Training\glioma\Tr-gl_792.jpg
Training,glioma,512,512,L,JPEG,Dataset\Training\glioma\Tr-gl_793.jpg
Training,glioma,512,512,L,JPEG,Dataset\Training\glioma\Tr-gl_794.jpg
Training,glioma,512,512,L,JPEG,Dataset\Training\glioma\Tr-gl_795.jpg
Training,glioma,512,512,L,JPEG,Dataset\Training\glioma\Tr-gl_796.jpg
Training,glioma,512,512,RGB,JPEG,Dataset\Training\glioma\Tr-gl_797.jpg
Training,glioma,512,512,RGB,JPEG,Dataset\Training\glioma\Tr-gl_798.jpg
Training,glioma,512,512,L,JPEG,Dataset\Training\glioma\Tr-gl_799.jpg
Training,glioma,512,512,RGB,JPEG,Dataset\Training\glioma\Tr-gl_8.jpg
Training,glioma,512,512,RGB,JPEG,Dataset\Training\glioma\Tr-gl_80.jpg
Training,glioma,512,512,L,JPEG,Dataset\Training\glioma\Tr-gl_800.jpg
Training,glioma,512,512,L,JPEG,Dataset\Training\glioma\Tr-gl_801.jpg
Training,glioma,512,512,L,JPEG,Dataset\Training\glioma\Tr-gl_802.jpg
Training,glioma,512,512,L,JPEG,Dataset\Training\glioma\Tr-gl_803.jpg
Training,glioma,512,512,L,JPEG,Dataset\Training\glioma\Tr-gl_804.jpg
Training,glioma,512,512,L,JPEG,Dataset\Training\glioma\Tr-gl_805.jpg
Training,glioma,512,512,RGB,JPEG,Dataset\Training\glioma\Tr-gl_806.jpg
Training,glioma,512,512,L,JPEG,Dataset\Training\glioma\Tr-gl_807.jpg
Training,glioma,512,512,L,JPEG,Dataset\Training\glioma\Tr-gl_808.jpg
Training,glioma,512,512,L,JPEG,Dataset\Training\glioma\Tr-gl_809.jpg
Training,glioma,512,512,L,JPEG,Dataset\Training\glioma\Tr-gl_81.jpg
Training,glioma,512,512,L,JPEG,Dataset\Training\glioma\Tr-gl_810.jpg
Training,glioma,512,512,L,JPEG,Dataset\Training\glioma\Tr-gl_811.jpg
Training,glioma,512,512,L,JPEG,Dataset\Training\glioma\Tr-gl_812.jpg
Training,glioma,512,512,L,JPEG,Dataset\Training\glioma\Tr-gl_813.jpg
Training,glioma,512,512,L,JPEG,Dataset\Training\glioma\Tr-gl_814.jpg
Training,glioma,512,512,L,JPEG,Dataset\Training\glioma\Tr-gl_815.jpg
Training,glioma,512,512,L,JPEG,Dataset\Training\glioma\Tr-gl_816.jpg
Training,glioma,512,512,L,JPEG,Dataset\Training\glioma\Tr-gl_817.jpg
Training,glioma,512,512,L,JPEG,Dataset\Training\glioma\Tr-gl_818.jpg
Training,glioma,512,512,RGB,JPEG,Dataset\Training\glioma\Tr-gl_819.jpg
Training,glioma,512,512,L,JPEG,Dataset\Training\glioma\Tr-gl_82.jpg
Training,glioma,512,512,L,JPEG,Dataset\Training\glioma\Tr-gl_820.jpg
Training,glioma,512,512,L,JPEG,Dataset\Training\glioma\Tr-gl_821.jpg
Training,glioma,512,512,L,JPEG,Dataset\Training\glioma\Tr-gl_822.jpg
Training,glioma,512,512,RGB,JPEG,Dataset\Training\glioma\Tr-gl_823.jpg
Training,glioma,512,512,RGB,JPEG,Dataset\Training\glioma\Tr-gl_824.jpg
Training,glioma,512,512,L,JPEG,Dataset\Training\glioma\Tr-gl_825.jpg
Training,glioma,512,512,L,JPEG,Dataset\Training\glioma\Tr-gl_826.jpg
Training,glioma,512,512,L,JPEG,Dataset\Training\glioma\Tr-gl_827.jpg
Training,glioma,512,512,L,JPEG,Dataset\Training\glioma\Tr-gl_828.jpg
Training,glioma,512,512,L,JPEG,Dataset\Training\glioma\Tr-gl_829.jpg
Training,glioma,512,512,L,JPEG,Dataset\Training\glioma\Tr-gl_83.jpg
Training,glioma,512,512,L,JPEG,Dataset\Training\glioma\Tr-gl_830.jpg
Training,glioma,512,512,L,JPEG,Dataset\Training\glioma\Tr-gl_831.jpg
Training,glioma,512,512,L,JPEG,Dataset\Training\glioma\Tr-gl_832.jpg
Training,glioma,512,512,L,JPEG,Dataset\Training\glioma\Tr-gl_833.jpg
Training,glioma,512,512,L,JPEG,Dataset\Training\glioma\Tr-gl_834.jpg
Training,glioma,512,512,L,JPEG,Dataset\Training\glioma\Tr-gl_835.jpg
Training,glioma,512,512,L,JPEG,Dataset\Training\glioma\Tr-gl_836.jpg
Training,glioma,512,512,RGB,JPEG,Dataset\Training\glioma\Tr-gl_837.jpg
Training,glioma,512,512,L,JPEG,Dataset\Training\glioma\Tr-gl_838.jpg
Training,glioma,512,512,RGB,JPEG,Dataset\Training\glioma\Tr-gl_839.jpg
Training,glioma,512,512,L,JPEG,Dataset\Training\glioma\Tr-gl_84.jpg
Training,glioma,512,512,L,JPEG,Dataset\Training\glioma\Tr-gl_840.jpg
Training,glioma,512,512,L,JPEG,Dataset\Training\glioma\Tr-gl_841.jpg
Training,glioma,512,512,L,JPEG,Dataset\Training\glioma\Tr-gl_842.jpg
Training,glioma,512,512,L,JPEG,Dataset\Training\glioma\Tr-gl_843.jpg
Training,glioma,512,512,L,JPEG,Dataset\Training\glioma\Tr-gl_844.jpg
Training,glioma,512,512,L,JPEG,Dataset\Training\glioma\Tr-gl_845.jpg
Training,glioma,512,512,L,JPEG,Dataset\Training\glioma\Tr-gl_846.jpg
Training,glioma,512,512,L,JPEG,Dataset\Training\glioma\Tr-gl_847.jpg
Training,glioma,512,512,L,JPEG,Dataset\Training\glioma\Tr-gl_848.jpg
Training,glioma,512,512,L,JPEG,Dataset\Training\glioma\Tr-gl_849.jpg
Training,glioma,512,512,L,JPEG,Dataset\Training\glioma\Tr-gl_85.jpg
Training,glioma,512,512,L,JPEG,Dataset\Training\glioma\Tr-gl_850.jpg
Training,glioma,512,512,L,JPEG,Dataset\Training\glioma\Tr-gl_851.jpg
Training,glioma,512,512,L,JPEG,Dataset\Training\glioma\Tr-gl_852.jpg
Training,glioma,512,512,L,JPEG,Dataset\Training\glioma\Tr-gl_853.jpg
Training,glioma,512,512,L,JPEG,Dataset\Training\glioma\Tr-gl_854.jpg
Training,glioma,512,512,RGB,JPEG,Dataset\Training\glioma\Tr-gl_855.jpg
Training,glioma,512,512,L,JPEG,Dataset\Training\glioma\Tr-gl_856.jpg
Training,glioma,512,512,L,JPEG,Dataset\Training\glioma\Tr-gl_857.jpg
Training,glioma,512,512,L,JPEG,Dataset\Training\glioma\Tr-gl_858.jpg
Training,glioma,512,512,L,JPEG,Dataset\Training\glioma\Tr-gl_859.jpg
Training,glioma,512,512,L,JPEG,Dataset\Training\glioma\Tr-gl_86.jpg
Training,glioma,512,512,L,JPEG,Dataset\Training\glioma\Tr-gl_860.jpg
Training,glioma,512,512,RGB,JPEG,Dataset\Training\glioma\Tr-gl_861.jpg
Training,glioma,512,512,RGB,JPEG,Dataset\Training\glioma\Tr-gl_862.jpg
Training,glioma,512,512,L,JPEG,Dataset\Training\glioma\Tr-gl_863.jpg
Training,glioma,512,512,L,JPEG,Dataset\Training\glioma\Tr-gl_864.jpg
Training,glioma,512,512,L,JPEG,Dataset\Training\glioma\Tr-gl_865.jpg
Training,glioma,512,512,L,JPEG,Dataset\Training\glioma\Tr-gl_866.jpg
Training,glioma,512,512,L,JPEG,Dataset\Training\glioma\Tr-gl_867.jpg
Training,glioma,512,512,RGB,JPEG,Dataset\Training\glioma\Tr-gl_868.jpg
Training,glioma,512,512,L,JPEG,Dataset\Training\glioma\Tr-gl_869.jpg
Training,glioma,512,512,RGB,JPEG,Dataset\Training\glioma\Tr-gl_87.jpg
Training,glioma,512,512,L,JPEG,Dataset\Training\glioma\Tr-gl_870.jpg
Training,glioma,512,512,L,JPEG,Dataset\Training\glioma\Tr-gl_871.jpg
Training,glioma,512,512,L,JPEG,Dataset\Training\glioma\Tr-gl_872.jpg
Training,glioma,512,512,L,JPEG,Dataset\Training\glioma\Tr-gl_873.jpg
Training,glioma,512,512,L,JPEG,Dataset\Training\glioma\Tr-gl_874.jpg
Training,glioma,512,512,L,JPEG,Dataset\Training\glioma\Tr-gl_875.jpg
Training,glioma,512,512,L,JPEG,Dataset\Training\glioma\Tr-gl_876.jpg
Training,glioma,512,512,L,JPEG,Dataset\Training\glioma\Tr-gl_877.jpg
Training,glioma,512,512,L,JPEG,Dataset\Training\glioma\Tr-gl_878.jpg
Training,glioma,512,512,L,JPEG,Dataset\Training\glioma\Tr-gl_879.jpg
Training,glioma,512,512,L,JPEG,Dataset\Training\glioma\Tr-gl_88.jpg
Training,glioma,512,512,RGB,JPEG,Dataset\Training\glioma\Tr-gl_880.jpg
Training,glioma,512,512,L,JPEG,Dataset\Training\glioma\Tr-gl_881.jpg
Training,glioma,512,512,L,JPEG,Dataset\Training\glioma\Tr-gl_882.jpg
Training,glioma,512,512,L,JPEG,Dataset\Training\glioma\Tr-gl_883.jpg
Training,glioma,512,512,L,JPEG,Dataset\Training\glioma\Tr-gl_884.jpg
Training,glioma,512,512,RGB,JPEG,Dataset\Training\glioma\Tr-gl_885.jpg
Training,glioma,512,512,L,JPEG,Dataset\Training\glioma\Tr-gl_886.jpg
Training,glioma,512,512,L,JPEG,Dataset\Training\glioma\Tr-gl_887.jpg
Training,glioma,512,512,L,JPEG,Dataset\Training\glioma\Tr-gl_888.jpg
Training,glioma,512,512,L,JPEG,Dataset\Training\glioma\Tr-gl_889.jpg
Training,glioma,512,512,L,JPEG,Dataset\Training\glioma\Tr-gl_89.jpg
Training,glioma,512,512,L,JPEG,Dataset\Training\glioma\Tr-gl_890.jpg
Training,glioma,512,512,L,JPEG,Dataset\Training\glioma\Tr-gl_891.jpg
Training,glioma,512,512,L,JPEG,Dataset\Training\glioma\Tr-gl_892.jpg
Training,glioma,512,512,L,JPEG,Dataset\Training\glioma\Tr-gl_893.jpg
Training,glioma,512,512,RGB,JPEG,Dataset\Training\glioma\Tr-gl_894.jpg
Training,glioma,512,512,RGB,JPEG,Dataset\Training\glioma\Tr-gl_895.jpg
Training,glioma,512,512,L,JPEG,Dataset\Training\glioma\Tr-gl_896.jpg
Training,glioma,512,512,L,JPEG,Dataset\Training\glioma\Tr-gl_897.jpg
Training,glioma,512,512,L,JPEG,Dataset\Training\glioma\Tr-gl_898.jpg
Training,glioma,512,512,L,JPEG,Dataset\Training\glioma\Tr-gl_899.jpg
Training,glioma,512,512,L,JPEG,Dataset\Training\glioma\Tr-gl_9.jpg
Training,glioma,512,512,RGB,JPEG,Dataset\Training\glioma\Tr-gl_90.jpg
Training,glioma,512,512,L,JPEG,Dataset\Training\glioma\Tr-gl_900.jpg
Training,glioma,512,512,L,JPEG,Dataset\Training\glioma\Tr-gl_901.jpg
Training,glioma,512,512,L,JPEG,Dataset\Training\glioma\Tr-gl_902.jpg
Training,glioma,512,512,L,JPEG,Dataset\Training\glioma\Tr-gl_903.jpg
Training,glioma,512,512,L,JPEG,Dataset\Training\glioma\Tr-gl_904.jpg
Training,glioma,512,512,L,JPEG,Dataset\Training\glioma\Tr-gl_905.jpg
Training,glioma,512,512,L,JPEG,Dataset\Training\glioma\Tr-gl_906.jpg
Training,glioma,512,512,RGB,JPEG,Dataset\Training\glioma\Tr-gl_907.jpg
Training,glioma,512,512,L,JPEG,Dataset\Training\glioma\Tr-gl_908.jpg
Training,glioma,512,512,L,JPEG,Dataset\Training\glioma\Tr-gl_909.jpg
Training,glioma,512,512,L,JPEG,Dataset\Training\glioma\Tr-gl_91.jpg
Training,glioma,512,512,RGB,JPEG,Dataset\Training\glioma\Tr-gl_910.jpg
Training,glioma,512,512,L,JPEG,Dataset\Training\glioma\Tr-gl_911.jpg
Training,glioma,512,512,L,JPEG,Dataset\Training\glioma\Tr-gl_912.jpg
Training,glioma,512,512,L,JPEG,Dataset\Training\glioma\Tr-gl_913.jpg
Training,glioma,512,512,RGB,JPEG,Dataset\Training\glioma\Tr-gl_914.jpg
Training,glioma,512,512,L,JPEG,Dataset\Training\glioma\Tr-gl_915.jpg
Training,glioma,512,512,L,JPEG,Dataset\Training\glioma\Tr-gl_916.jpg
Training,glioma,512,512,L,JPEG,Dataset\Training\glioma\Tr-gl_917.jpg
Training,glioma,512,512,RGB,JPEG,Dataset\Training\glioma\Tr-gl_918.jpg
Training,glioma,512,512,L,JPEG,Dataset\Training\glioma\Tr-gl_919.jpg
Training,glioma,512,512,L,JPEG,Dataset\Training\glioma\Tr-gl_92.jpg
Training,glioma,512,512,L,JPEG,Dataset\Training\glioma\Tr-gl_920.jpg
Training,glioma,512,512,L,JPEG,Dataset\Training\glioma\Tr-gl_921.jpg
Training,glioma,512,512,L,JPEG,Dataset\Training\glioma\Tr-gl_922.jpg
Training,glioma,512,512,RGB,JPEG,Dataset\Training\glioma\Tr-gl_923.jpg
Training,glioma,512,512,L,JPEG,Dataset\Training\glioma\Tr-gl_924.jpg
Training,glioma,512,512,L,JPEG,Dataset\Training\glioma\Tr-gl_925.jpg
Training,glioma,512,512,RGB,JPEG,Dataset\Training\glioma\Tr-gl_926.jpg
Training,glioma,512,512,L,JPEG,Dataset\Training\glioma\Tr-gl_927.jpg
Training,glioma,512,512,L,JPEG,Dataset\Training\glioma\Tr-gl_928.jpg
Training,glioma,512,512,L,JPEG,Dataset\Training\glioma\Tr-gl_929.jpg
Training,glioma,512,512,L,JPEG,Dataset\Training\glioma\Tr-gl_93.jpg
Training,glioma,512,512,L,JPEG,Dataset\Training\glioma\Tr-gl_930.jpg
Training,glioma,512,512,RGB,JPEG,Dataset\Training\glioma\Tr-gl_931.jpg
Training,glioma,512,512,L,JPEG,Dataset\Training\glioma\Tr-gl_932.jpg
Training,glioma,512,512,L,JPEG,Dataset\Training\glioma\Tr-gl_933.jpg
Training,glioma,512,512,L,JPEG,Dataset\Training\glioma\Tr-gl_934.jpg
Training,glioma,512,512,RGB,JPEG,Dataset\Training\glioma\Tr-gl_935.jpg
Training,glioma,512,512,L,JPEG,Dataset\Training\glioma\Tr-gl_936.jpg
Training,glioma,512,512,L,JPEG,Dataset\Training\glioma\Tr-gl_937.jpg
Training,glioma,512,512,L,JPEG,Dataset\Training\glioma\Tr-gl_938.jpg
Training,glioma,512,512,L,JPEG,Dataset\Training\glioma\Tr-gl_939.jpg
Training,glioma,512,512,RGB,JPEG,Dataset\Training\glioma\Tr-gl_94.jpg
Training,glioma,512,512,L,JPEG,Dataset\Training\glioma\Tr-gl_940.jpg
Training,glioma,512,512,L,JPEG,Dataset\Training\glioma\Tr-gl_941.jpg
Training,glioma,512,512,L,JPEG,Dataset\Training\glioma\Tr-gl_942.jpg
Training,glioma,512,512,L,JPEG,Dataset\Training\glioma\Tr-gl_943.jpg
Training,glioma,512,512,L,JPEG,Dataset\Training\glioma\Tr-gl_944.jpg
Training,glioma,512,512,L,JPEG,Dataset\Training\glioma\Tr-gl_945.jpg
Training,glioma,512,512,L,JPEG,Dataset\Training\glioma\Tr-gl_946.jpg
Training,glioma,512,512,L,JPEG,Dataset\Training\glioma\Tr-gl_947.jpg
Training,glioma,512,512,L,JPEG,Dataset\Training\glioma\Tr-gl_948.jpg
Training,glioma,512,512,L,JPEG,Dataset\Training\glioma\Tr-gl_949.jpg
Training,glioma,512,512,L,JPEG,Dataset\Training\glioma\Tr-gl_95.jpg
Training,glioma,512,512,L,JPEG,Dataset\Training\glioma\Tr-gl_950.jpg
Training,glioma,512,512,L,JPEG,Dataset\Training\glioma\Tr-gl_951.jpg
Training,glioma,512,512,L,JPEG,Dataset\Training\glioma\Tr-gl_952.jpg
Training,glioma,512,512,L,JPEG,Dataset\Training\glioma\Tr-gl_953.jpg
Training,glioma,512,512,L,JPEG,Dataset\Training\glioma\Tr-gl_954.jpg
Training,glioma,512,512,L,JPEG,Dataset\Training\glioma\Tr-gl_955.jpg
Training,glioma,512,512,L,JPEG,Dataset\Training\glioma\Tr-gl_956.jpg
Training,glioma,512,512,L,JPEG,Dataset\Training\glioma\Tr-gl_957.jpg
Training,glioma,512,512,L,JPEG,Dataset\Training\glioma\Tr-gl_958.jpg
Training,glioma,512,512,L,JPEG,Dataset\Training\glioma\Tr-gl_959.jpg
Training,glioma,512,512,L,JPEG,Dataset\Training\glioma\Tr-gl_96.jpg
Training,glioma,512,512,L,JPEG,Dataset\Training\glioma\Tr-gl_960.jpg
Training,glioma,512,512,L,JPEG,Dataset\Training\glioma\Tr-gl_961.jpg
Training,glioma,512,512,L,JPEG,Dataset\Training\glioma\Tr-gl_962.jpg
Training,glioma,512,512,L,JPEG,Dataset\Training\glioma\Tr-gl_963.jpg
Training,glioma,512,512,L,JPEG,Dataset\Training\glioma\Tr-gl_964.jpg
Training,glioma,512,512,L,JPEG,Dataset\Training\glioma\Tr-gl_965.jpg
Training,glioma,512,512,L,JPEG,Dataset\Training\glioma\Tr-gl_966.jpg
Training,glioma,512,512,L,JPEG,Dataset\Training\glioma\Tr-gl_967.jpg
Training,glioma,512,512,L,JPEG,Dataset\Training\glioma\Tr-gl_968.jpg
Training,glioma,512,512,L,JPEG,Dataset\Training\glioma\Tr-gl_969.jpg
Training,glioma,512,512,L,JPEG,Dataset\Training\glioma\Tr-gl_97.jpg
Training,glioma,512,512,L,JPEG,Dataset\Training\glioma\Tr-gl_970.jpg
Training,glioma,512,512,L,JPEG,Dataset\Training\glioma\Tr-gl_971.jpg
Training,glioma,512,512,L,JPEG,Dataset\Training\glioma\Tr-gl_972.jpg
Training,glioma,512,512,L,JPEG,Dataset\Training\glioma\Tr-gl_973.jpg
Training,glioma,512,512,L,JPEG,Dataset\Training\glioma\Tr-gl_974.jpg
Training,glioma,512,512,L,JPEG,Dataset\Training\glioma\Tr-gl_975.jpg
Training,glioma,512,512,L,JPEG,Dataset\Training\glioma\Tr-gl_976.jpg
Training,glioma,512,512,L,JPEG,Dataset\Training\glioma\Tr-gl_977.jpg
Training,glioma,512,512,L,JPEG,Dataset\Training\glioma\Tr-gl_978.jpg
Training,glioma,512,512,L,JPEG,Dataset\Training\glioma\Tr-gl_979.jpg
Training,glioma,512,512,L,JPEG,Dataset\Training\glioma\Tr-gl_98.jpg
Training,glioma,512,512,RGB,JPEG,Dataset\Training\glioma\Tr-gl_980.jpg
Training,glioma,512,512,L,JPEG,Dataset\Training\glioma\Tr-gl_981.jpg
Training,glioma,512,512,L,JPEG,Dataset\Training\glioma\Tr-gl_982.jpg
Training,glioma,512,512,L,JPEG,Dataset\Training\glioma\Tr-gl_983.jpg
Training,glioma,512,512,L,JPEG,Dataset\Training\glioma\Tr-gl_984.jpg
Training,glioma,512,512,L,JPEG,Dataset\Training\glioma\Tr-gl_985.jpg
Training,glioma,512,512,L,JPEG,Dataset\Training\glioma\Tr-gl_986.jpg
Training,glioma,512,512,L,JPEG,Dataset\Training\glioma\Tr-gl_987.jpg
Training,glioma,512,512,L,JPEG,Dataset\Training\glioma\Tr-gl_988.jpg
Training,glioma,512,512,L,JPEG,Dataset\Training\glioma\Tr-gl_989.jpg
Training,glioma,512,512,L,JPEG,Dataset\Training\glioma\Tr-gl_99.jpg
Training,glioma,512,512,L,JPEG,Dataset\Training\glioma\Tr-gl_990.jpg
Training,glioma,512,512,L,JPEG,Dataset\Training\glioma\Tr-gl_991.jpg
Training,glioma,512,512,L,JPEG,Dataset\Training\glioma\Tr-gl_992.jpg
Training,glioma,512,512,L,JPEG,Dataset\Training\glioma\Tr-gl_993.jpg
Training,glioma,512,512,RGB,JPEG,Dataset\Training\glioma\Tr-gl_994.jpg
Training,glioma,512,512,L,JPEG,Dataset\Training\glioma\Tr-gl_995.jpg
Training,glioma,512,512,L,JPEG,Dataset\Training\glioma\Tr-gl_996.jpg
Training,glioma,512,512,L,JPEG,Dataset\Training\glioma\Tr-gl_997.jpg
Training,glioma,512,512,L,JPEG,Dataset\Training\glioma\Tr-gl_998.jpg
Training,glioma,512,512,L,JPEG,Dataset\Training\glioma\Tr-gl_999.jpg
Training,meningioma,512,512,RGB,JPEG,Dataset\Training\meningioma\Tr-aug-me_1.jpg
Training,meningioma,512,512,RGB,JPEG,Dataset\Training\meningioma\Tr-aug-me_10.jpg
Training,meningioma,512,512,L,JPEG,Dataset\Training\meningioma\Tr-aug-me_100.jpg
Training,meningioma,512,512,RGB,JPEG,Dataset\Training\meningioma\Tr-aug-me_11.jpg
Training,meningioma,512,512,RGB,JPEG,Dataset\Training\meningioma\Tr-aug-me_12.jpg
Training,meningioma,512,512,RGB,JPEG,Dataset\Training\meningioma\Tr-aug-me_13.jpg
Training,meningioma,512,512,RGB,JPEG,Dataset\Training\meningioma\Tr-aug-me_14.jpg
Training,meningioma,512,512,RGB,JPEG,Dataset\Training\meningioma\Tr-aug-me_15.jpg
Training,meningioma,512,512,RGB,JPEG,Dataset\Training\meningioma\Tr-aug-me_16.jpg
Training,meningioma,512,512,RGB,JPEG,Dataset\Training\meningioma\Tr-aug-me_17.jpg
Training,meningioma,512,512,RGB,JPEG,Dataset\Training\meningioma\Tr-aug-me_18.jpg
Training,meningioma,512,512,RGB,JPEG,Dataset\Training\meningioma\Tr-aug-me_19.jpg
Training,meningioma,512,512,RGB,JPEG,Dataset\Training\meningioma\Tr-aug-me_2.jpg
Training,meningioma,512,512,RGB,JPEG,Dataset\Training\meningioma\Tr-aug-me_20.jpg
Training,meningioma,512,512,RGB,JPEG,Dataset\Training\meningioma\Tr-aug-me_21.jpg
Training,meningioma,512,512,RGB,JPEG,Dataset\Training\meningioma\Tr-aug-me_22.jpg
Training,meningioma,512,512,RGB,JPEG,Dataset\Training\meningioma\Tr-aug-me_23.jpg
Training,meningioma,512,512,RGB,JPEG,Dataset\Training\meningioma\Tr-aug-me_24.jpg
Training,meningioma,512,512,RGB,JPEG,Dataset\Training\meningioma\Tr-aug-me_25.jpg
Training,meningioma,512,512,RGB,JPEG,Dataset\Training\meningioma\Tr-aug-me_26.jpg
Training,meningioma,512,512,RGB,JPEG,Dataset\Training\meningioma\Tr-aug-me_27.jpg
Training,meningioma,512,512,RGB,JPEG,Dataset\Training\meningioma\Tr-aug-me_28.jpg
Training,meningioma,512,512,RGB,JPEG,Dataset\Training\meningioma\Tr-aug-me_29.jpg
Training,meningioma,512,512,RGB,JPEG,Dataset\Training\meningioma\Tr-aug-me_3.jpg
Training,meningioma,512,512,RGB,JPEG,Dataset\Training\meningioma\Tr-aug-me_30.jpg
Training,meningioma,512,512,RGB,JPEG,Dataset\Training\meningioma\Tr-aug-me_31.jpg
Training,meningioma,512,512,RGB,JPEG,Dataset\Training\meningioma\Tr-aug-me_32.jpg
Training,meningioma,512,512,RGB,JPEG,Dataset\Training\meningioma\Tr-aug-me_33.jpg
Training,meningioma,512,512,RGB,JPEG,Dataset\Training\meningioma\Tr-aug-me_34.jpg
Training,meningioma,512,512,RGB,JPEG,Dataset\Training\meningioma\Tr-aug-me_35.jpg
Training,meningioma,512,512,RGB,JPEG,Dataset\Training\meningioma\Tr-aug-me_36.jpg
Training,meningioma,512,512,RGB,JPEG,Dataset\Training\meningioma\Tr-aug-me_37.jpg
Training,meningioma,512,512,RGB,JPEG,Dataset\Training\meningioma\Tr-aug-me_38.jpg
Training,meningioma,512,512,RGB,JPEG,Dataset\Training\meningioma\Tr-aug-me_39.jpg
Training,meningioma,512,512,RGB,JPEG,Dataset\Training\meningioma\Tr-aug-me_4.jpg
Training,meningioma,512,512,RGB,JPEG,Dataset\Training\meningioma\Tr-aug-me_40.jpg
Training,meningioma,512,512,RGB,JPEG,Dataset\Training\meningioma\Tr-aug-me_41.jpg
Training,meningioma,512,512,RGB,JPEG,Dataset\Training\meningioma\Tr-aug-me_42.jpg
Training,meningioma,512,512,RGB,JPEG,Dataset\Training\meningioma\Tr-aug-me_43.jpg
Training,meningioma,512,512,RGB,JPEG,Dataset\Training\meningioma\Tr-aug-me_44.jpg
Training,meningioma,512,512,RGB,JPEG,Dataset\Training\meningioma\Tr-aug-me_45.jpg
Training,meningioma,512,512,RGB,JPEG,Dataset\Training\meningioma\Tr-aug-me_46.jpg
Training,meningioma,512,512,RGB,JPEG,Dataset\Training\meningioma\Tr-aug-me_47.jpg
Training,meningioma,512,512,RGB,JPEG,Dataset\Training\meningioma\Tr-aug-me_48.jpg
Training,meningioma,512,512,RGB,JPEG,Dataset\Training\meningioma\Tr-aug-me_49.jpg
Training,meningioma,512,512,RGB,JPEG,Dataset\Training\meningioma\Tr-aug-me_5.jpg
Training,meningioma,512,512,RGB,JPEG,Dataset\Training\meningioma\Tr-aug-me_50.jpg
Training,meningioma,512,512,RGB,JPEG,Dataset\Training\meningioma\Tr-aug-me_51.jpg
Training,meningioma,512,512,RGB,JPEG,Dataset\Training\meningioma\Tr-aug-me_52.jpg
Training,meningioma,512,512,RGB,JPEG,Dataset\Training\meningioma\Tr-aug-me_53.jpg
Training,meningioma,512,512,RGB,JPEG,Dataset\Training\meningioma\Tr-aug-me_54.jpg
Training,meningioma,512,512,RGB,JPEG,Dataset\Training\meningioma\Tr-aug-me_55.jpg
Training,meningioma,512,512,RGB,JPEG,Dataset\Training\meningioma\Tr-aug-me_56.jpg
Training,meningioma,512,512,RGB,JPEG,Dataset\Training\meningioma\Tr-aug-me_57.jpg
Training,meningioma,512,512,RGB,JPEG,Dataset\Training\meningioma\Tr-aug-me_58.jpg
Training,meningioma,512,512,RGB,JPEG,Dataset\Training\meningioma\Tr-aug-me_59.jpg
Training,meningioma,512,512,RGB,JPEG,Dataset\Training\meningioma\Tr-aug-me_6.jpg
Training,meningioma,512,512,RGB,JPEG,Dataset\Training\meningioma\Tr-aug-me_60.jpg
Training,meningioma,512,512,RGB,JPEG,Dataset\Training\meningioma\Tr-aug-me_61.jpg
Training,meningioma,512,512,RGB,JPEG,Dataset\Training\meningioma\Tr-aug-me_62.jpg
Training,meningioma,512,512,RGB,JPEG,Dataset\Training\meningioma\Tr-aug-me_63.jpg
Training,meningioma,512,512,RGB,JPEG,Dataset\Training\meningioma\Tr-aug-me_64.jpg
Training,meningioma,512,512,RGB,JPEG,Dataset\Training\meningioma\Tr-aug-me_65.jpg
Training,meningioma,512,512,RGB,JPEG,Dataset\Training\meningioma\Tr-aug-me_66.jpg
Training,meningioma,512,512,RGB,JPEG,Dataset\Training\meningioma\Tr-aug-me_67.jpg
Training,meningioma,512,512,RGB,JPEG,Dataset\Training\meningioma\Tr-aug-me_68.jpg
Training,meningioma,512,512,RGB,JPEG,Dataset\Training\meningioma\Tr-aug-me_69.jpg
Training,meningioma,512,512,RGB,JPEG,Dataset\Training\meningioma\Tr-aug-me_7.jpg
Training,meningioma,512,512,RGB,JPEG,Dataset\Training\meningioma\Tr-aug-me_70.jpg
Training,meningioma,512,512,RGB,JPEG,Dataset\Training\meningioma\Tr-aug-me_71.jpg
Training,meningioma,512,512,RGB,JPEG,Dataset\Training\meningioma\Tr-aug-me_72.jpg
Training,meningioma,512,512,RGB,JPEG,Dataset\Training\meningioma\Tr-aug-me_73.jpg
Training,meningioma,512,512,RGB,JPEG,Dataset\Training\meningioma\Tr-aug-me_74.jpg
Training,meningioma,512,512,RGB,JPEG,Dataset\Training\meningioma\Tr-aug-me_75.jpg
Training,meningioma,512,512,RGB,JPEG,Dataset\Training\meningioma\Tr-aug-me_76.jpg
Training,meningioma,512,512,RGB,JPEG,Dataset\Training\meningioma\Tr-aug-me_77.jpg
Training,meningioma,512,512,RGB,JPEG,Dataset\Training\meningioma\Tr-aug-me_78.jpg
Training,meningioma,512,512,RGB,JPEG,Dataset\Training\meningioma\Tr-aug-me_79.jpg
Training,meningioma,512,512,RGB,JPEG,Dataset\Training\meningioma\Tr-aug-me_8.jpg
Training,meningioma,512,512,RGB,JPEG,Dataset\Training\meningioma\Tr-aug-me_80.jpg
Training,meningioma,512,512,RGB,JPEG,Dataset\Training\meningioma\Tr-aug-me_81.jpg
Training,meningioma,512,512,RGB,JPEG,Dataset\Training\meningioma\Tr-aug-me_82.jpg
Training,meningioma,512,512,RGB,JPEG,Dataset\Training\meningioma\Tr-aug-me_83.jpg
Training,meningioma,512,512,RGB,JPEG,Dataset\Training\meningioma\Tr-aug-me_84.jpg
Training,meningioma,512,512,RGB,JPEG,Dataset\Training\meningioma\Tr-aug-me_85.jpg
Training,meningioma,512,512,RGB,JPEG,Dataset\Training\meningioma\Tr-aug-me_86.jpg
Training,meningioma,512,512,RGB,JPEG,Dataset\Training\meningioma\Tr-aug-me_87.jpg
Training,meningioma,512,512,RGB,JPEG,Dataset\Training\meningioma\Tr-aug-me_88.jpg
Training,meningioma,512,512,L,JPEG,Dataset\Training\meningioma\Tr-aug-me_89.jpg
Training,meningioma,512,512,RGB,JPEG,Dataset\Training\meningioma\Tr-aug-me_9.jpg
Training,meningioma,512,512,L,JPEG,Dataset\Training\meningioma\Tr-aug-me_90.jpg
Training,meningioma,512,512,L,JPEG,Dataset\Training\meningioma\Tr-aug-me_91.jpg
Training,meningioma,512,512,L,JPEG,Dataset\Training\meningioma\Tr-aug-me_92.jpg
Training,meningioma,512,512,L,JPEG,Dataset\Training\meningioma\Tr-aug-me_93.jpg
Training,meningioma,512,512,L,JPEG,Dataset\Training\meningioma\Tr-aug-me_94.jpg
Training,meningioma,512,512,L,JPEG,Dataset\Training\meningioma\Tr-aug-me_95.jpg
Training,meningioma,512,512,L,JPEG,Dataset\Training\meningioma\Tr-aug-me_96.jpg
Training,meningioma,512,512,L,JPEG,Dataset\Training\meningioma\Tr-aug-me_97.jpg
Training,meningioma,512,512,L,JPEG,Dataset\Training\meningioma\Tr-aug-me_98.jpg
Training,meningioma,512,512,L,JPEG,Dataset\Training\meningioma\Tr-aug-me_99.jpg
Training,meningioma,512,512,RGB,JPEG,Dataset\Training\meningioma\Tr-me_1.jpg
Training,meningioma,512,512,L,JPEG,Dataset\Training\meningioma\Tr-me_10.jpg
Training,meningioma,512,512,L,JPEG,Dataset\Training\meningioma\Tr-me_100.jpg
Training,meningioma,512,512,RGB,JPEG,Dataset\Training\meningioma\Tr-me_1000.jpg
Training,meningioma,512,512,RGB,JPEG,Dataset\Training\meningioma\Tr-me_1001.jpg
Training,meningioma,512,512,RGB,JPEG,Dataset\Training\meningioma\Tr-me_1002.jpg
Training,meningioma,512,512,RGB,JPEG,Dataset\Training\meningioma\Tr-me_1003.jpg
Training,meningioma,512,512,RGB,JPEG,Dataset\Training\meningioma\Tr-me_1004.jpg
Training,meningioma,512,512,L,JPEG,Dataset\Training\meningioma\Tr-me_1005.jpg
Training,meningioma,512,512,RGB,JPEG,Dataset\Training\meningioma\Tr-me_1006.jpg
Training,meningioma,512,512,RGB,JPEG,Dataset\Training\meningioma\Tr-me_1007.jpg
Training,meningioma,512,512,RGB,JPEG,Dataset\Training\meningioma\Tr-me_1008.jpg
Training,meningioma,512,512,RGB,JPEG,Dataset\Training\meningioma\Tr-me_1009.jpg
Training,meningioma,512,512,L,JPEG,Dataset\Training\meningioma\Tr-me_101.jpg
Training,meningioma,512,512,RGB,JPEG,Dataset\Training\meningioma\Tr-me_1010.jpg
Training,meningioma,512,512,L,JPEG,Dataset\Training\meningioma\Tr-me_1011.jpg
Training,meningioma,512,512,RGB,JPEG,Dataset\Training\meningioma\Tr-me_1012.jpg
Training,meningioma,512,512,RGB,JPEG,Dataset\Training\meningioma\Tr-me_1013.jpg
Training,meningioma,226,212,RGB,JPEG,Dataset\Training\meningioma\Tr-me_1014.jpg
Training,meningioma,512,512,RGB,JPEG,Dataset\Training\meningioma\Tr-me_1015.jpg
Training,meningioma,512,512,RGB,JPEG,Dataset\Training\meningioma\Tr-me_1016.jpg
Training,meningioma,512,512,L,JPEG,Dataset\Training\meningioma\Tr-me_1017.jpg
Training,meningioma,512,512,L,JPEG,Dataset\Training\meningioma\Tr-me_1018.jpg
Training,meningioma,512,512,RGB,JPEG,Dataset\Training\meningioma\Tr-me_1019.jpg
Training,meningioma,512,512,L,JPEG,Dataset\Training\meningioma\Tr-me_102.jpg
Training,meningioma,512,512,L,JPEG,Dataset\Training\meningioma\Tr-me_1020.jpg
Training,meningioma,512,512,L,JPEG,Dataset\Training\meningioma\Tr-me_1021.jpg
Training,meningioma,512,512,L,JPEG,Dataset\Training\meningioma\Tr-me_1022.jpg
Training,meningioma,512,512,L,JPEG,Dataset\Training\meningioma\Tr-me_1023.jpg
Training,meningioma,512,512,L,JPEG,Dataset\Training\meningioma\Tr-me_1024.jpg
Training,meningioma,512,512,L,JPEG,Dataset\Training\meningioma\Tr-me_1025.jpg
Training,meningioma,512,512,RGB,JPEG,Dataset\Training\meningioma\Tr-me_1026.jpg
Training,meningioma,512,512,RGB,JPEG,Dataset\Training\meningioma\Tr-me_1027.jpg
Training,meningioma,512,512,L,JPEG,Dataset\Training\meningioma\Tr-me_1028.jpg
Training,meningioma,512,512,RGB,JPEG,Dataset\Training\meningioma\Tr-me_1029.jpg
Training,meningioma,512,512,L,JPEG,Dataset\Training\meningioma\Tr-me_103.jpg
Training,meningioma,512,512,RGB,JPEG,Dataset\Training\meningioma\Tr-me_1030.jpg
Training,meningioma,512,512,L,JPEG,Dataset\Training\meningioma\Tr-me_1031.jpg
Training,meningioma,1275,1427,RGB,JPEG,Dataset\Training\meningioma\Tr-me_1032.jpg
Training,meningioma,512,512,L,JPEG,Dataset\Training\meningioma\Tr-me_1033.jpg
Training,meningioma,512,512,RGB,JPEG,Dataset\Training\meningioma\Tr-me_1034.jpg
Training,meningioma,512,512,RGB,JPEG,Dataset\Training\meningioma\Tr-me_1035.jpg
Training,meningioma,512,512,L,JPEG,Dataset\Training\meningioma\Tr-me_1036.jpg
Training,meningioma,512,512,RGB,JPEG,Dataset\Training\meningioma\Tr-me_1037.jpg
Training,meningioma,512,512,RGB,JPEG,Dataset\Training\meningioma\Tr-me_1038.jpg
Training,meningioma,512,512,RGB,JPEG,Dataset\Training\meningioma\Tr-me_1039.jpg
Training,meningioma,512,512,RGB,JPEG,Dataset\Training\meningioma\Tr-me_104.jpg
Training,meningioma,512,512,RGB,JPEG,Dataset\Training\meningioma\Tr-me_1040.jpg
Training,meningioma,512,512,RGB,JPEG,Dataset\Training\meningioma\Tr-me_1041.jpg
Training,meningioma,512,512,RGB,JPEG,Dataset\Training\meningioma\Tr-me_1042.jpg
Training,meningioma,512,512,L,JPEG,Dataset\Training\meningioma\Tr-me_1043.jpg
Training,meningioma,366,395,RGB,JPEG,Dataset\Training\meningioma\Tr-me_1044.jpg
Training,meningioma,512,512,RGB,JPEG,Dataset\Training\meningioma\Tr-me_1045.jpg
Training,meningioma,512,512,RGB,JPEG,Dataset\Training\meningioma\Tr-me_1046.jpg
Training,meningioma,512,512,L,JPEG,Dataset\Training\meningioma\Tr-me_1047.jpg
Training,meningioma,512,512,RGB,JPEG,Dataset\Training\meningioma\Tr-me_1048.jpg
Training,meningioma,512,512,RGB,JPEG,Dataset\Training\meningioma\Tr-me_1049.jpg
Training,meningioma,512,512,L,JPEG,Dataset\Training\meningioma\Tr-me_105.jpg
Training,meningioma,512,512,L,JPEG,Dataset\Training\meningioma\Tr-me_1050.jpg
Training,meningioma,512,512,RGB,JPEG,Dataset\Training\meningioma\Tr-me_1051.jpg
Training,meningioma,512,512,RGB,JPEG,Dataset\Training\meningioma\Tr-me_1052.jpg
Training,meningioma,512,512,RGB,JPEG,Dataset\Training\meningioma\Tr-me_1053.jpg
Training,meningioma,512,512,L,JPEG,Dataset\Training\meningioma\Tr-me_1054.jpg
Training,meningioma,512,512,L,JPEG,Dataset\Training\meningioma\Tr-me_1055.jpg
Training,meningioma,512,512,L,JPEG,Dataset\Training\meningioma\Tr-me_1056.jpg
Training,meningioma,210,240,RGB,JPEG,Dataset\Training\meningioma\Tr-me_1057.jpg
Training,meningioma,512,512,RGB,JPEG,Dataset\Training\meningioma\Tr-me_1058.jpg
Training,meningioma,512,512,RGB,JPEG,Dataset\Training\meningioma\Tr-me_1059.jpg
Training,meningioma,512,512,RGB,JPEG,Dataset\Training\meningioma\Tr-me_106.jpg
Training,meningioma,512,512,L,JPEG,Dataset\Training\meningioma\Tr-me_1060.jpg
Training,meningioma,512,512,L,JPEG,Dataset\Training\meningioma\Tr-me_1061.jpg
Training,meningioma,512,512,RGB,JPEG,Dataset\Training\meningioma\Tr-me_1062.jpg
Training,meningioma,512,512,RGB,JPEG,Dataset\Training\meningioma\Tr-me_1063.jpg
Training,meningioma,374,456,RGB,JPEG,Dataset\Training\meningioma\Tr-me_1064.jpg
Training,meningioma,512,512,L,JPEG,Dataset\Training\meningioma\Tr-me_1065.jpg
Training,meningioma,512,512,RGB,JPEG,Dataset\Training\meningioma\Tr-me_1066.jpg
Training,meningioma,512,512,L,JPEG,Dataset\Training\meningioma\Tr-me_1067.jpg
Training,meningioma,512,512,L,JPEG,Dataset\Training\meningioma\Tr-me_1068.jpg
Training,meningioma,318,354,RGB,JPEG,Dataset\Training\meningioma\Tr-me_1069.jpg
Training,meningioma,512,512,RGB,JPEG,Dataset\Training\meningioma\Tr-me_107.jpg
Training,meningioma,512,512,RGB,JPEG,Dataset\Training\meningioma\Tr-me_1070.jpg
Training,meningioma,512,512,RGB,JPEG,Dataset\Training\meningioma\Tr-me_1071.jpg
Training,meningioma,512,512,L,JPEG,Dataset\Training\meningioma\Tr-me_1072.jpg
Training,meningioma,512,512,L,JPEG,Dataset\Training\meningioma\Tr-me_1073.jpg
Training,meningioma,512,512,RGB,JPEG,Dataset\Training\meningioma\Tr-me_1074.jpg
Training,meningioma,512,512,RGB,JPEG,Dataset\Training\meningioma\Tr-me_1075.jpg
Training,meningioma,512,512,L,JPEG,Dataset\Training\meningioma\Tr-me_1076.jpg
Training,meningioma,512,512,RGB,JPEG,Dataset\Training\meningioma\Tr-me_1077.jpg
Training,meningioma,512,512,L,JPEG,Dataset\Training\meningioma\Tr-me_1078.jpg
Training,meningioma,512,512,L,JPEG,Dataset\Training\meningioma\Tr-me_1079.jpg
Training,meningioma,512,512,RGB,JPEG,Dataset\Training\meningioma\Tr-me_108.jpg
Training,meningioma,512,512,RGB,JPEG,Dataset\Training\meningioma\Tr-me_1080.jpg
Training,meningioma,512,512,L,JPEG,Dataset\Training\meningioma\Tr-me_1081.jpg
Training,meningioma,512,512,L,JPEG,Dataset\Training\meningioma\Tr-me_1082.jpg
Training,meningioma,257,248,RGB,JPEG,Dataset\Training\meningioma\Tr-me_1083.jpg
Training,meningioma,512,512,L,JPEG,Dataset\Training\meningioma\Tr-me_1084.jpg
Training,meningioma,512,512,RGB,JPEG,Dataset\Training\meningioma\Tr-me_1085.jpg
Training,meningioma,512,512,L,JPEG,Dataset\Training\meningioma\Tr-me_1086.jpg
Training,meningioma,512,512,L,JPEG,Dataset\Training\meningioma\Tr-me_1087.jpg
Training,meningioma,512,512,L,JPEG,Dataset\Training\meningioma\Tr-me_1088.jpg
Training,meningioma,512,512,L,JPEG,Dataset\Training\meningioma\Tr-me_1089.jpg
Training,meningioma,369,395,RGB,JPEG,Dataset\Training\meningioma\Tr-me_109.jpg
Training,meningioma,512,512,RGB,JPEG,Dataset\Training\meningioma\Tr-me_1090.jpg
Training,meningioma,208,243,RGB,JPEG,Dataset\Training\meningioma\Tr-me_1091.jpg
Training,meningioma,512,512,RGB,JPEG,Dataset\Training\meningioma\Tr-me_1092.jpg
Training,meningioma,512,512,RGB,JPEG,Dataset\Training\meningioma\Tr-me_1093.jpg
Training,meningioma,512,512,RGB,JPEG,Dataset\Training\meningioma\Tr-me_1094.jpg
Training,meningioma,512,512,L,JPEG,Dataset\Training\meningioma\Tr-me_1095.jpg
Training,meningioma,512,512,L,JPEG,Dataset\Training\meningioma\Tr-me_1096.jpg
Training,meningioma,512,512,L,JPEG,Dataset\Training\meningioma\Tr-me_1097.jpg
Training,meningioma,512,512,RGB,JPEG,Dataset\Training\meningioma\Tr-me_1098.jpg
Training,meningioma,512,512,L,JPEG,Dataset\Training\meningioma\Tr-me_1099.jpg
Training,meningioma,512,512,RGB,JPEG,Dataset\Training\meningioma\Tr-me_11.jpg
Training,meningioma,290,339,RGB,JPEG,Dataset\Training\meningioma\Tr-me_110.jpg
Training,meningioma,512,512,L,JPEG,Dataset\Training\meningioma\Tr-me_1100.jpg
Training,meningioma,512,512,RGB,JPEG,Dataset\Training\meningioma\Tr-me_1101.jpg
Training,meningioma,512,512,RGB,JPEG,Dataset\Training\meningioma\Tr-me_1102.jpg
Training,meningioma,512,512,RGB,JPEG,Dataset\Training\meningioma\Tr-me_1103.jpg
Training,meningioma,512,512,L,JPEG,Dataset\Training\meningioma\Tr-me_1104.jpg
Training,meningioma,512,512,RGB,JPEG,Dataset\Training\meningioma\Tr-me_1105.jpg
Training,meningioma,512,512,L,JPEG,Dataset\Training\meningioma\Tr-me_1106.jpg
Training,meningioma,512,512,RGB,JPEG,Dataset\Training\meningioma\Tr-me_1107.jpg
Training,meningioma,512,512,RGB,JPEG,Dataset\Training\meningioma\Tr-me_1108.jpg
Training,meningioma,512,512,L,JPEG,Dataset\Training\meningioma\Tr-me_1109.jpg
Training,meningioma,512,512,RGB,JPEG,Dataset\Training\meningioma\Tr-me_111.jpg
Training,meningioma,214,235,RGB,JPEG,Dataset\Training\meningioma\Tr-me_1110.jpg
Training,meningioma,512,512,RGB,JPEG,Dataset\Training\meningioma\Tr-me_1111.jpg
Training,meningioma,402,396,RGB,JPEG,Dataset\Training\meningioma\Tr-me_1112.jpg
Training,meningioma,512,512,L,JPEG,Dataset\Training\meningioma\Tr-me_1113.jpg
Training,meningioma,512,512,RGB,JPEG,Dataset\Training\meningioma\Tr-me_1114.jpg
Training,meningioma,512,512,L,JPEG,Dataset\Training\meningioma\Tr-me_1115.jpg
Training,meningioma,512,512,RGB,JPEG,Dataset\Training\meningioma\Tr-me_1116.jpg
Training,meningioma,512,512,RGB,JPEG,Dataset\Training\meningioma\Tr-me_1117.jpg
Training,meningioma,512,512,RGB,JPEG,Dataset\Training\meningioma\Tr-me_1118.jpg
Training,meningioma,512,512,L,JPEG,Dataset\Training\meningioma\Tr-me_1119.jpg
Training,meningioma,512,512,L,JPEG,Dataset\Training\meningioma\Tr-me_112.jpg
Training,meningioma,512,512,RGB,JPEG,Dataset\Training\meningioma\Tr-me_1120.jpg
Training,meningioma,256,256,RGB,JPEG,Dataset\Training\meningioma\Tr-me_1121.jpg
Training,meningioma,300,345,RGB,JPEG,Dataset\Training\meningioma\Tr-me_1122.jpg
Training,meningioma,512,512,L,JPEG,Dataset\Training\meningioma\Tr-me_1123.jpg
Training,meningioma,512,512,RGB,JPEG,Dataset\Training\meningioma\Tr-me_1124.jpg
Training,meningioma,300,359,RGB,JPEG,Dataset\Training\meningioma\Tr-me_1125.jpg
Training,meningioma,512,512,RGB,JPEG,Dataset\Training\meningioma\Tr-me_1126.jpg
Training,meningioma,534,674,RGB,JPEG,Dataset\Training\meningioma\Tr-me_1127.jpg
Training,meningioma,512,512,L,JPEG,Dataset\Training\meningioma\Tr-me_1128.jpg
Training,meningioma,512,512,RGB,JPEG,Dataset\Training\meningioma\Tr-me_1129.jpg
Training,meningioma,512,512,L,JPEG,Dataset\Training\meningioma\Tr-me_113.jpg
Training,meningioma,512,512,RGB,JPEG,Dataset\Training\meningioma\Tr-me_1130.jpg
Training,meningioma,512,512,L,JPEG,Dataset\Training\meningioma\Tr-me_1131.jpg
Training,meningioma,512,512,L,JPEG,Dataset\Training\meningioma\Tr-me_1132.jpg
Training,meningioma,512,512,RGB,JPEG,Dataset\Training\meningioma\Tr-me_1133.jpg
Training,meningioma,512,512,L,JPEG,Dataset\Training\meningioma\Tr-me_1134.jpg
Training,meningioma,512,512,L,JPEG,Dataset\Training\meningioma\Tr-me_1135.jpg
Training,meningioma,512,512,L,JPEG,Dataset\Training\meningioma\Tr-me_1136.jpg
Training,meningioma,512,512,RGB,JPEG,Dataset\Training\meningioma\Tr-me_1137.jpg
Training,meningioma,512,512,RGB,JPEG,Dataset\Training\meningioma\Tr-me_1138.jpg
Training,meningioma,512,512,L,JPEG,Dataset\Training\meningioma\Tr-me_1139.jpg
Training,meningioma,512,512,RGB,JPEG,Dataset\Training\meningioma\Tr-me_114.jpg
Training,meningioma,512,512,L,JPEG,Dataset\Training\meningioma\Tr-me_1140.jpg
Training,meningioma,512,512,RGB,JPEG,Dataset\Training\meningioma\Tr-me_1141.jpg
Training,meningioma,512,512,L,JPEG,Dataset\Training\meningioma\Tr-me_1142.jpg
Training,meningioma,512,512,L,JPEG,Dataset\Training\meningioma\Tr-me_1143.jpg
Training,meningioma,512,512,RGB,JPEG,Dataset\Training\meningioma\Tr-me_1144.jpg
Training,meningioma,512,512,RGB,JPEG,Dataset\Training\meningioma\Tr-me_1145.jpg
Training,meningioma,206,249,RGB,JPEG,Dataset\Training\meningioma\Tr-me_1146.jpg
Training,meningioma,512,512,RGB,JPEG,Dataset\Training\meningioma\Tr-me_1147.jpg
Training,meningioma,512,512,RGB,JPEG,Dataset\Training\meningioma\Tr-me_1148.jpg
Training,meningioma,512,512,RGB,JPEG,Dataset\Training\meningioma\Tr-me_1149.jpg
Training,meningioma,512,512,RGB,JPEG,Dataset\Training\meningioma\Tr-me_115.jpg
Training,meningioma,512,512,RGB,JPEG,Dataset\Training\meningioma\Tr-me_1150.jpg
Training,meningioma,512,512,L,JPEG,Dataset\Training\meningioma\Tr-me_1151.jpg
Training,meningioma,512,512,RGB,JPEG,Dataset\Training\meningioma\Tr-me_1152.jpg
Training,meningioma,512,512,L,JPEG,Dataset\Training\meningioma\Tr-me_1153.jpg
Training,meningioma,512,512,RGB,JPEG,Dataset\Training\meningioma\Tr-me_1154.jpg
Training,meningioma,512,512,L,JPEG,Dataset\Training\meningioma\Tr-me_1155.jpg
Training,meningioma,512,512,RGB,JPEG,Dataset\Training\meningioma\Tr-me_1156.jpg
Training,meningioma,512,512,RGB,JPEG,Dataset\Training\meningioma\Tr-me_1157.jpg
Training,meningioma,512,512,L,JPEG,Dataset\Training\meningioma\Tr-me_1158.jpg
Training,meningioma,512,512,RGB,JPEG,Dataset\Training\meningioma\Tr-me_1159.jpg
Training,meningioma,512,512,L,JPEG,Dataset\Training\meningioma\Tr-me_116.jpg
Training,meningioma,512,512,RGB,JPEG,Dataset\Training\meningioma\Tr-me_1160.jpg
Training,meningioma,512,512,RGB,JPEG,Dataset\Training\meningioma\Tr-me_1161.jpg
Training,meningioma,512,512,RGB,JPEG,Dataset\Training\meningioma\Tr-me_1162.jpg
Training,meningioma,201,251,RGB,JPEG,Dataset\Training\meningioma\Tr-me_1163.jpg
Training,meningioma,512,512,L,JPEG,Dataset\Training\meningioma\Tr-me_1164.jpg
Training,meningioma,512,512,RGB,JPEG,Dataset\Training\meningioma\Tr-me_1165.jpg
Training,meningioma,225,225,RGB,JPEG,Dataset\Training\meningioma\Tr-me_1166.jpg
Training,meningioma,512,512,RGB,JPEG,Dataset\Training\meningioma\Tr-me_1167.jpg
Training,meningioma,273,326,RGB,JPEG,Dataset\Training\meningioma\Tr-me_1168.jpg
Training,meningioma,512,512,RGB,JPEG,Dataset\Training\meningioma\Tr-me_1169.jpg
Training,meningioma,512,512,L,JPEG,Dataset\Training\meningioma\Tr-me_117.jpg
Training,meningioma,512,512,RGB,JPEG,Dataset\Training\meningioma\Tr-me_1170.jpg
Training,meningioma,512,512,L,JPEG,Dataset\Training\meningioma\Tr-me_1171.jpg
Training,meningioma,512,512,RGB,JPEG,Dataset\Training\meningioma\Tr-me_1172.jpg
Training,meningioma,512,512,RGB,JPEG,Dataset\Training\meningioma\Tr-me_1173.jpg
Training,meningioma,512,512,L,JPEG,Dataset\Training\meningioma\Tr-me_1174.jpg
Training,meningioma,512,512,L,JPEG,Dataset\Training\meningioma\Tr-me_1175.jpg
Training,meningioma,512,512,RGB,JPEG,Dataset\Training\meningioma\Tr-me_1176.jpg
Training,meningioma,512,512,RGB,JPEG,Dataset\Training\meningioma\Tr-me_1177.jpg
Training,meningioma,512,512,RGB,JPEG,Dataset\Training\meningioma\Tr-me_1178.jpg
Training,meningioma,512,512,RGB,JPEG,Dataset\Training\meningioma\Tr-me_1179.jpg
Training,meningioma,512,512,L,JPEG,Dataset\Training\meningioma\Tr-me_118.jpg
Training,meningioma,512,512,RGB,JPEG,Dataset\Training\meningioma\Tr-me_1180.jpg
Training,meningioma,512,512,L,JPEG,Dataset\Training\meningioma\Tr-me_1181.jpg
Training,meningioma,512,512,L,JPEG,Dataset\Training\meningioma\Tr-me_1182.jpg
Training,meningioma,512,512,RGB,JPEG,Dataset\Training\meningioma\Tr-me_1183.jpg
Training,meningioma,512,512,L,JPEG,Dataset\Training\meningioma\Tr-me_1184.jpg
Training,meningioma,512,512,L,JPEG,Dataset\Training\meningioma\Tr-me_1185.jpg
Training,meningioma,512,512,L,JPEG,Dataset\Training\meningioma\Tr-me_1186.jpg
Training,meningioma,512,512,RGB,JPEG,Dataset\Training\meningioma\Tr-me_1187.jpg
Training,meningioma,512,512,RGB,JPEG,Dataset\Training\meningioma\Tr-me_1188.jpg
Training,meningioma,512,512,RGB,JPEG,Dataset\Training\meningioma\Tr-me_1189.jpg
Training,meningioma,512,512,L,JPEG,Dataset\Training\meningioma\Tr-me_119.jpg
Training,meningioma,512,512,RGB,JPEG,Dataset\Training\meningioma\Tr-me_1190.jpg
Training,meningioma,512,512,RGB,JPEG,Dataset\Training\meningioma\Tr-me_1191.jpg
Training,meningioma,512,512,RGB,JPEG,Dataset\Training\meningioma\Tr-me_1192.jpg
Training,meningioma,512,512,L,JPEG,Dataset\Training\meningioma\Tr-me_1193.jpg
Training,meningioma,215,220,RGB,JPEG,Dataset\Training\meningioma\Tr-me_1194.jpg
Training,meningioma,512,512,RGB,JPEG,Dataset\Training\meningioma\Tr-me_1195.jpg
Training,meningioma,512,512,RGB,JPEG,Dataset\Training\meningioma\Tr-me_1196.jpg
Training,meningioma,512,512,L,JPEG,Dataset\Training\meningioma\Tr-me_1197.jpg
Training,meningioma,278,306,RGB,JPEG,Dataset\Training\meningioma\Tr-me_1198.jpg
Training,meningioma,512,512,L,JPEG,Dataset\Training\meningioma\Tr-me_1199.jpg
Training,meningioma,512,512,RGB,JPEG,Dataset\Training\meningioma\Tr-me_12.jpg
Training,meningioma,512,512,RGB,JPEG,Dataset\Training\meningioma\Tr-me_120.jpg
Training,meningioma,512,512,L,JPEG,Dataset\Training\meningioma\Tr-me_1200.jpg
Training,meningioma,512,512,RGB,JPEG,Dataset\Training\meningioma\Tr-me_1201.jpg
Training,meningioma,512,512,RGB,JPEG,Dataset\Training\meningioma\Tr-me_1202.jpg
Training,meningioma,512,512,RGB,JPEG,Dataset\Training\meningioma\Tr-me_1203.jpg
Training,meningioma,512,512,L,JPEG,Dataset\Training\meningioma\Tr-me_1204.jpg
Training,meningioma,512,512,L,JPEG,Dataset\Training\meningioma\Tr-me_1205.jpg
Training,meningioma,512,512,RGB,JPEG,Dataset\Training\meningioma\Tr-me_1206.jpg
Training,meningioma,512,512,RGB,JPEG,Dataset\Training\meningioma\Tr-me_1207.jpg
Training,meningioma,512,512,L,JPEG,Dataset\Training\meningioma\Tr-me_1208.jpg
Training,meningioma,512,512,RGB,JPEG,Dataset\Training\meningioma\Tr-me_1209.jpg
Training,meningioma,512,512,RGB,JPEG,Dataset\Training\meningioma\Tr-me_121.jpg
Training,meningioma,512,512,L,JPEG,Dataset\Training\meningioma\Tr-me_1210.jpg
Training,meningioma,512,512,L,JPEG,Dataset\Training\meningioma\Tr-me_1211.jpg
Training,meningioma,512,512,L,JPEG,Dataset\Training\meningioma\Tr-me_1212.jpg
Training,meningioma,512,512,RGB,JPEG,Dataset\Training\meningioma\Tr-me_1213.jpg
Training,meningioma,512,512,L,JPEG,Dataset\Training\meningioma\Tr-me_1214.jpg
Training,meningioma,512,512,L,JPEG,Dataset\Training\meningioma\Tr-me_1215.jpg
Training,meningioma,512,512,RGB,JPEG,Dataset\Training\meningioma\Tr-me_1216.jpg
Training,meningioma,512,512,L,JPEG,Dataset\Training\meningioma\Tr-me_1217.jpg
Training,meningioma,512,512,RGB,JPEG,Dataset\Training\meningioma\Tr-me_1218.jpg
Training,meningioma,512,512,L,JPEG,Dataset\Training\meningioma\Tr-me_1219.jpg
Training,meningioma,512,512,RGB,JPEG,Dataset\Training\meningioma\Tr-me_122.jpg
Training,meningioma,512,512,RGB,JPEG,Dataset\Training\meningioma\Tr-me_1220.jpg
Training,meningioma,512,512,L,JPEG,Dataset\Training\meningioma\Tr-me_1221.jpg
Training,meningioma,512,512,RGB,JPEG,Dataset\Training\meningioma\Tr-me_1222.jpg
Training,meningioma,512,512,L,JPEG,Dataset\Training\meningioma\Tr-me_1223.jpg
Training,meningioma,512,512,RGB,JPEG,Dataset\Training\meningioma\Tr-me_1224.jpg
Training,meningioma,286,356,RGB,JPEG,Dataset\Training\meningioma\Tr-me_1225.jpg
Training,meningioma,512,512,L,JPEG,Dataset\Training\meningioma\Tr-me_1226.jpg
Training,meningioma,512,512,L,JPEG,Dataset\Training\meningioma\Tr-me_1227.jpg
Training,meningioma,512,512,RGB,JPEG,Dataset\Training\meningioma\Tr-me_1228.jpg
Training,meningioma,512,512,RGB,JPEG,Dataset\Training\meningioma\Tr-me_1229.jpg
Training,meningioma,512,512,L,JPEG,Dataset\Training\meningioma\Tr-me_123.jpg
Training,meningioma,512,512,L,JPEG,Dataset\Training\meningioma\Tr-me_1230.jpg
Training,meningioma,512,512,L,JPEG,Dataset\Training\meningioma\Tr-me_1231.jpg
Training,meningioma,512,512,L,JPEG,Dataset\Training\meningioma\Tr-me_1232.jpg
Training,meningioma,512,512,RGB,JPEG,Dataset\Training\meningioma\Tr-me_1233.jpg
Training,meningioma,512,512,L,JPEG,Dataset\Training\meningioma\Tr-me_1234.jpg
Training,meningioma,512,512,L,JPEG,Dataset\Training\meningioma\Tr-me_1235.jpg
Training,meningioma,512,512,L,JPEG,Dataset\Training\meningioma\Tr-me_1236.jpg
Training,meningioma,503,369,RGB,JPEG,Dataset\Training\meningioma\Tr-me_1237.jpg
Training,meningioma,512,512,L,JPEG,Dataset\Training\meningioma\Tr-me_1238.jpg
Training,meningioma,512,512,L,JPEG,Dataset\Training\meningioma\Tr-me_1239.jpg
Training,meningioma,512,512,RGB,JPEG,Dataset\Training\meningioma\Tr-me_124.jpg
Training,meningioma,512,512,RGB,JPEG,Dataset\Training\meningioma\Tr-me_1240.jpg
Training,meningioma,512,512,RGB,JPEG,Dataset\Training\meningioma\Tr-me_1241.jpg
Training,meningioma,512,512,L,JPEG,Dataset\Training\meningioma\Tr-me_1242.jpg
Training,meningioma,512,512,RGB,JPEG,Dataset\Training\meningioma\Tr-me_1243.jpg
Training,meningioma,512,512,L,JPEG,Dataset\Training\meningioma\Tr-me_1244.jpg
Training,meningioma,512,512,RGB,JPEG,Dataset\Training\meningioma\Tr-me_1245.jpg
Training,meningioma,512,512,L,JPEG,Dataset\Training\meningioma\Tr-me_1246.jpg
Training,meningioma,512,512,RGB,JPEG,Dataset\Training\meningioma\Tr-me_1247.jpg
Training,meningioma,512,512,RGB,JPEG,Dataset\Training\meningioma\Tr-me_1248.jpg
Training,meningioma,211,239,RGB,JPEG,Dataset\Training\meningioma\Tr-me_1249.jpg
Training,meningioma,512,512,L,JPEG,Dataset\Training\meningioma\Tr-me_125.jpg
Training,meningioma,512,512,L,JPEG,Dataset\Training\meningioma\Tr-me_1250.jpg
Training,meningioma,512,512,RGB,JPEG,Dataset\Training\meningioma\Tr-me_1251.jpg
Training,meningioma,512,512,L,JPEG,Dataset\Training\meningioma\Tr-me_1252.jpg
Training,meningioma,512,512,L,JPEG,Dataset\Training\meningioma\Tr-me_1253.jpg
Training,meningioma,512,512,RGB,JPEG,Dataset\Training\meningioma\Tr-me_1254.jpg
Training,meningioma,512,512,L,JPEG,Dataset\Training\meningioma\Tr-me_1255.jpg
Training,meningioma,512,512,RGB,JPEG,Dataset\Training\meningioma\Tr-me_1256.jpg
Training,meningioma,512,512,RGB,JPEG,Dataset\Training\meningioma\Tr-me_1257.jpg
Training,meningioma,512,512,RGB,JPEG,Dataset\Training\meningioma\Tr-me_1258.jpg
Training,meningioma,512,512,RGB,JPEG,Dataset\Training\meningioma\Tr-me_1259.jpg
Training,meningioma,225,225,RGB,JPEG,Dataset\Training\meningioma\Tr-me_126.jpg
Training,meningioma,512,512,L,JPEG,Dataset\Training\meningioma\Tr-me_1260.jpg
Training,meningioma,512,512,RGB,JPEG,Dataset\Training\meningioma\Tr-me_1261.jpg
Training,meningioma,200,223,RGB,JPEG,Dataset\Training\meningioma\Tr-me_1262.jpg
Training,meningioma,512,512,L,JPEG,Dataset\Training\meningioma\Tr-me_1263.jpg
Training,meningioma,512,512,RGB,JPEG,Dataset\Training\meningioma\Tr-me_1264.jpg
Training,meningioma,512,512,L,JPEG,Dataset\Training\meningioma\Tr-me_1265.jpg
Training,meningioma,512,512,L,JPEG,Dataset\Training\meningioma\Tr-me_1266.jpg
Training,meningioma,512,512,L,JPEG,Dataset\Training\meningioma\Tr-me_1267.jpg
Training,meningioma,512,512,RGB,JPEG,Dataset\Training\meningioma\Tr-me_1268.jpg
Training,meningioma,512,512,RGB,JPEG,Dataset\Training\meningioma\Tr-me_1269.jpg
Training,meningioma,512,512,RGB,JPEG,Dataset\Training\meningioma\Tr-me_127.jpg
Training,meningioma,512,512,RGB,JPEG,Dataset\Training\meningioma\Tr-me_1270.jpg
Training,meningioma,512,512,L,JPEG,Dataset\Training\meningioma\Tr-me_1271.jpg
Training,meningioma,512,512,RGB,JPEG,Dataset\Training\meningioma\Tr-me_1272.jpg
Training,meningioma,512,512,RGB,JPEG,Dataset\Training\meningioma\Tr-me_1273.jpg
Training,meningioma,512,512,L,JPEG,Dataset\Training\meningioma\Tr-me_1274.jpg
Training,meningioma,512,512,RGB,JPEG,Dataset\Training\meningioma\Tr-me_1275.jpg
Training,meningioma,512,512,RGB,JPEG,Dataset\Training\meningioma\Tr-me_1276.jpg
Training,meningioma,512,512,RGB,JPEG,Dataset\Training\meningioma\Tr-me_1277.jpg
Training,meningioma,512,512,RGB,JPEG,Dataset\Training\meningioma\Tr-me_1278.jpg
Training,meningioma,512,512,RGB,JPEG,Dataset\Training\meningioma\Tr-me_1279.jpg
Training,meningioma,512,512,L,JPEG,Dataset\Training\meningioma\Tr-me_128.jpg
Training,meningioma,512,512,L,JPEG,Dataset\Training\meningioma\Tr-me_1280.jpg
Training,meningioma,512,512,L,JPEG,Dataset\Training\meningioma\Tr-me_1281.jpg
Training,meningioma,480,480,RGB,JPEG,Dataset\Training\meningioma\Tr-me_1282.jpg
Training,meningioma,512,512,L,JPEG,Dataset\Training\meningioma\Tr-me_1283.jpg
Training,meningioma,512,512,RGB,JPEG,Dataset\Training\meningioma\Tr-me_1284.jpg
Training,meningioma,512,512,L,JPEG,Dataset\Training\meningioma\Tr-me_1285.jpg
Training,meningioma,201,207,RGB,JPEG,Dataset\Training\meningioma\Tr-me_1286.jpg
Training,meningioma,512,512,L,JPEG,Dataset\Training\meningioma\Tr-me_1287.jpg
Training,meningioma,512,512,L,JPEG,Dataset\Training\meningioma\Tr-me_1288.jpg
Training,meningioma,1149,1019,RGB,JPEG,Dataset\Training\meningioma\Tr-me_1289.jpg
Training,meningioma,512,512,RGB,JPEG,Dataset\Training\meningioma\Tr-me_129.jpg
Training,meningioma,630,423,RGB,JPEG,Dataset\Training\meningioma\Tr-me_1290.jpg
Training,meningioma,512,512,L,JPEG,Dataset\Training\meningioma\Tr-me_1291.jpg
Training,meningioma,512,512,L,JPEG,Dataset\Training\meningioma\Tr-me_1292.jpg
Training,meningioma,512,512,RGB,JPEG,Dataset\Training\meningioma\Tr-me_1293.jpg
Training,meningioma,507,362,RGB,JPEG,Dataset\Training\meningioma\Tr-me_1294.jpg
Training,meningioma,512,512,L,JPEG,Dataset\Training\meningioma\Tr-me_1295.jpg
Training,meningioma,512,512,RGB,JPEG,Dataset\Training\meningioma\Tr-me_1296.jpg
Training,meningioma,512,512,RGB,JPEG,Dataset\Training\meningioma\Tr-me_1297.jpg
Training,meningioma,512,512,RGB,JPEG,Dataset\Training\meningioma\Tr-me_1298.jpg
Training,meningioma,512,512,RGB,JPEG,Dataset\Training\meningioma\Tr-me_1299.jpg
Training,meningioma,512,512,L,JPEG,Dataset\Training\meningioma\Tr-me_13.jpg
Training,meningioma,512,512,L,JPEG,Dataset\Training\meningioma\Tr-me_130.jpg
Training,meningioma,512,512,RGB,JPEG,Dataset\Training\meningioma\Tr-me_1300.jpg
Training,meningioma,491,624,RGB,JPEG,Dataset\Training\meningioma\Tr-me_131.jpg
Training,meningioma,512,512,L,JPEG,Dataset\Training\meningioma\Tr-me_132.jpg
Training,meningioma,512,512,L,JPEG,Dataset\Training\meningioma\Tr-me_133.jpg
Training,meningioma,512,512,RGB,JPEG,Dataset\Training\meningioma\Tr-me_134.jpg
Training,meningioma,512,512,L,JPEG,Dataset\Training\meningioma\Tr-me_135.jpg
Training,meningioma,512,512,L,JPEG,Dataset\Training\meningioma\Tr-me_136.jpg
Training,meningioma,512,512,RGB,JPEG,Dataset\Training\meningioma\Tr-me_137.jpg
Training,meningioma,512,512,L,JPEG,Dataset\Training\meningioma\Tr-me_138.jpg
Training,meningioma,512,512,RGB,JPEG,Dataset\Training\meningioma\Tr-me_139.jpg
Training,meningioma,216,234,RGB,JPEG,Dataset\Training\meningioma\Tr-me_14.jpg
Training,meningioma,512,512,L,JPEG,Dataset\Training\meningioma\Tr-me_140.jpg
Training,meningioma,512,512,RGB,JPEG,Dataset\Training\meningioma\Tr-me_141.jpg
Training,meningioma,512,512,L,JPEG,Dataset\Training\meningioma\Tr-me_142.jpg
Training,meningioma,512,512,RGB,JPEG,Dataset\Training\meningioma\Tr-me_143.jpg
Training,meningioma,512,512,RGB,JPEG,Dataset\Training\meningioma\Tr-me_144.jpg
Training,meningioma,315,315,RGB,JPEG,Dataset\Training\meningioma\Tr-me_145.jpg
Training,meningioma,512,512,RGB,JPEG,Dataset\Training\meningioma\Tr-me_146.jpg
Training,meningioma,512,512,L,JPEG,Dataset\Training\meningioma\Tr-me_147.jpg
Training,meningioma,512,512,RGB,JPEG,Dataset\Training\meningioma\Tr-me_148.jpg
Training,meningioma,512,512,RGB,JPEG,Dataset\Training\meningioma\Tr-me_149.jpg
Training,meningioma,512,512,L,JPEG,Dataset\Training\meningioma\Tr-me_15.jpg
Training,meningioma,512,512,RGB,JPEG,Dataset\Training\meningioma\Tr-me_150.jpg
Training,meningioma,512,512,RGB,JPEG,Dataset\Training\meningioma\Tr-me_151.jpg
Training,meningioma,512,512,RGB,JPEG,Dataset\Training\meningioma\Tr-me_152.jpg
Training,meningioma,512,512,RGB,JPEG,Dataset\Training\meningioma\Tr-me_153.jpg
Training,meningioma,351,398,RGB,JPEG,Dataset\Training\meningioma\Tr-me_154.jpg
Training,meningioma,512,512,L,JPEG,Dataset\Training\meningioma\Tr-me_155.jpg
Training,meningioma,512,512,L,JPEG,Dataset\Training\meningioma\Tr-me_156.jpg
Training,meningioma,512,512,RGB,JPEG,Dataset\Training\meningioma\Tr-me_157.jpg
Training,meningioma,645,439,RGB,JPEG,Dataset\Training\meningioma\Tr-me_158.jpg
Training,meningioma,512,512,L,JPEG,Dataset\Training\meningioma\Tr-me_159.jpg
Training,meningioma,512,512,L,JPEG,Dataset\Training\meningioma\Tr-me_16.jpg
Training,meningioma,512,512,L,JPEG,Dataset\Training\meningioma\Tr-me_160.jpg
Training,meningioma,512,512,L,JPEG,Dataset\Training\meningioma\Tr-me_161.jpg
Training,meningioma,512,512,L,JPEG,Dataset\Training\meningioma\Tr-me_162.jpg
Training,meningioma,512,512,RGB,JPEG,Dataset\Training\meningioma\Tr-me_163.jpg
Training,meningioma,512,512,RGB,JPEG,Dataset\Training\meningioma\Tr-me_164.jpg
Training,meningioma,512,512,RGB,JPEG,Dataset\Training\meningioma\Tr-me_165.jpg
Training,meningioma,512,512,RGB,JPEG,Dataset\Training\meningioma\Tr-me_166.jpg
Training,meningioma,416,395,RGB,JPEG,Dataset\Training\meningioma\Tr-me_167.jpg
Training,meningioma,512,512,L,JPEG,Dataset\Training\meningioma\Tr-me_168.jpg
Training,meningioma,512,512,RGB,JPEG,Dataset\Training\meningioma\Tr-me_169.jpg
Training,meningioma,512,512,L,JPEG,Dataset\Training\meningioma\Tr-me_17.jpg
Training,meningioma,512,512,RGB,JPEG,Dataset\Training\meningioma\Tr-me_170.jpg
Training,meningioma,512,512,RGB,JPEG,Dataset\Training\meningioma\Tr-me_171.jpg
Training,meningioma,512,512,RGB,JPEG,Dataset\Training\meningioma\Tr-me_172.jpg
Training,meningioma,512,512,L,JPEG,Dataset\Training\meningioma\Tr-me_173.jpg
Training,meningioma,512,512,RGB,JPEG,Dataset\Training\meningioma\Tr-me_174.jpg
Training,meningioma,512,512,RGB,JPEG,Dataset\Training\meningioma\Tr-me_175.jpg
Training,meningioma,512,512,L,JPEG,Dataset\Training\meningioma\Tr-me_176.jpg
Training,meningioma,512,512,L,JPEG,Dataset\Training\meningioma\Tr-me_177.jpg
Training,meningioma,512,512,L,JPEG,Dataset\Training\meningioma\Tr-me_178.jpg
Training,meningioma,512,512,L,JPEG,Dataset\Training\meningioma\Tr-me_179.jpg
Training,meningioma,512,512,RGB,JPEG,Dataset\Training\meningioma\Tr-me_18.jpg
Training,meningioma,512,512,RGB,JPEG,Dataset\Training\meningioma\Tr-me_180.jpg
Training,meningioma,512,512,L,JPEG,Dataset\Training\meningioma\Tr-me_181.jpg
Training,meningioma,512,512,L,JPEG,Dataset\Training\meningioma\Tr-me_182.jpg
Training,meningioma,512,512,RGB,JPEG,Dataset\Training\meningioma\Tr-me_183.jpg
Training,meningioma,512,512,L,JPEG,Dataset\Training\meningioma\Tr-me_184.jpg
Training,meningioma,512,512,RGB,JPEG,Dataset\Training\meningioma\Tr-me_185.jpg
Training,meningioma,324,284,RGB,JPEG,Dataset\Training\meningioma\Tr-me_186.jpg
Training,meningioma,512,512,L,JPEG,Dataset\Training\meningioma\Tr-me_187.jpg
Training,meningioma,512,512,RGB,JPEG,Dataset\Training\meningioma\Tr-me_188.jpg
Training,meningioma,512,512,L,JPEG,Dataset\Training\meningioma\Tr-me_189.jpg
Training,meningioma,374,370,RGB,JPEG,Dataset\Training\meningioma\Tr-me_19.jpg
Training,meningioma,512,512,L,JPEG,Dataset\Training\meningioma\Tr-me_190.jpg
Training,meningioma,512,512,L,JPEG,Dataset\Training\meningioma\Tr-me_191.jpg
Training,meningioma,512,512,RGB,JPEG,Dataset\Training\meningioma\Tr-me_192.jpg
Training,meningioma,512,512,RGB,JPEG,Dataset\Training\meningioma\Tr-me_193.jpg
Training,meningioma,512,512,RGB,JPEG,Dataset\Training\meningioma\Tr-me_194.jpg
Training,meningioma,512,512,RGB,JPEG,Dataset\Training\meningioma\Tr-me_195.jpg
Training,meningioma,512,512,L,JPEG,Dataset\Training\meningioma\Tr-me_196.jpg
Training,meningioma,512,512,L,JPEG,Dataset\Training\meningioma\Tr-me_197.jpg
Training,meningioma,512,512,RGB,JPEG,Dataset\Training\meningioma\Tr-me_198.jpg
Training,meningioma,512,512,L,JPEG,Dataset\Training\meningioma\Tr-me_199.jpg
Training,meningioma,512,512,RGB,JPEG,Dataset\Training\meningioma\Tr-me_2.jpg
Training,meningioma,512,512,L,JPEG,Dataset\Training\meningioma\Tr-me_20.jpg
Training,meningioma,312,401,RGB,JPEG,Dataset\Training\meningioma\Tr-me_200.jpg
Training,meningioma,512,512,L,JPEG,Dataset\Training\meningioma\Tr-me_201.jpg
Training,meningioma,230,241,RGB,JPEG,Dataset\Training\meningioma\Tr-me_202.jpg
Training,meningioma,512,512,RGB,JPEG,Dataset\Training\meningioma\Tr-me_203.jpg
Training,meningioma,512,512,RGB,JPEG,Dataset\Training\meningioma\Tr-me_204.jpg
Training,meningioma,338,345,RGB,JPEG,Dataset\Training\meningioma\Tr-me_205.jpg
Training,meningioma,512,512,L,JPEG,Dataset\Training\meningioma\Tr-me_206.jpg
Training,meningioma,512,512,RGB,JPEG,Dataset\Training\meningioma\Tr-me_207.jpg
Training,meningioma,512,512,RGB,JPEG,Dataset\Training\meningioma\Tr-me_208.jpg
Training,meningioma,512,512,RGB,JPEG,Dataset\Training\meningioma\Tr-me_209.jpg
Training,meningioma,512,512,L,JPEG,Dataset\Training\meningioma\Tr-me_21.jpg
Training,meningioma,512,512,L,JPEG,Dataset\Training\meningioma\Tr-me_210.jpg
Training,meningioma,512,512,RGB,JPEG,Dataset\Training\meningioma\Tr-me_211.jpg
Training,meningioma,512,512,RGB,JPEG,Dataset\Training\meningioma\Tr-me_212.jpg
Training,meningioma,512,512,L,JPEG,Dataset\Training\meningioma\Tr-me_213.jpg
Training,meningioma,512,512,RGB,JPEG,Dataset\Training\meningioma\Tr-me_214.jpg
Training,meningioma,512,512,L,JPEG,Dataset\Training\meningioma\Tr-me_215.jpg
Training,meningioma,512,512,RGB,JPEG,Dataset\Training\meningioma\Tr-me_216.jpg
Training,meningioma,512,512,RGB,JPEG,Dataset\Training\meningioma\Tr-me_217.jpg
Training,meningioma,512,512,L,JPEG,Dataset\Training\meningioma\Tr-me_218.jpg
Training,meningioma,512,512,RGB,JPEG,Dataset\Training\meningioma\Tr-me_219.jpg
Training,meningioma,512,512,L,JPEG,Dataset\Training\meningioma\Tr-me_22.jpg
Training,meningioma,512,512,L,JPEG,Dataset\Training\meningioma\Tr-me_220.jpg
Training,meningioma,450,446,RGB,JPEG,Dataset\Training\meningioma\Tr-me_221.jpg
Training,meningioma,512,512,L,JPEG,Dataset\Training\meningioma\Tr-me_222.jpg
Training,meningioma,512,512,RGB,JPEG,Dataset\Training\meningioma\Tr-me_223.jpg
Training,meningioma,512,512,RGB,JPEG,Dataset\Training\meningioma\Tr-me_224.jpg
Training,meningioma,512,512,RGB,JPEG,Dataset\Training\meningioma\Tr-me_225.jpg
Training,meningioma,512,512,L,JPEG,Dataset\Training\meningioma\Tr-me_226.jpg
Training,meningioma,512,512,L,JPEG,Dataset\Training\meningioma\Tr-me_227.jpg
Training,meningioma,512,512,L,JPEG,Dataset\Training\meningioma\Tr-me_228.jpg
Training,meningioma,512,512,RGB,JPEG,Dataset\Training\meningioma\Tr-me_229.jpg
Training,meningioma,512,512,L,JPEG,Dataset\Training\meningioma\Tr-me_23.jpg
Training,meningioma,512,512,RGB,JPEG,Dataset\Training\meningioma\Tr-me_230.jpg
Training,meningioma,512,512,RGB,JPEG,Dataset\Training\meningioma\Tr-me_231.jpg
Training,meningioma,512,512,RGB,JPEG,Dataset\Training\meningioma\Tr-me_232.jpg
Training,meningioma,512,512,L,JPEG,Dataset\Training\meningioma\Tr-me_233.jpg
Training,meningioma,512,512,RGB,JPEG,Dataset\Training\meningioma\Tr-me_234.jpg
Training,meningioma,512,512,RGB,JPEG,Dataset\Training\meningioma\Tr-me_235.jpg
Training,meningioma,512,512,RGB,JPEG,Dataset\Training\meningioma\Tr-me_236.jpg
Training,meningioma,512,512,RGB,JPEG,Dataset\Training\meningioma\Tr-me_237.jpg
Training,meningioma,367,395,RGB,JPEG,Dataset\Training\meningioma\Tr-me_238.jpg
Training,meningioma,200,223,RGB,JPEG,Dataset\Training\meningioma\Tr-me_239.jpg
Training,meningioma,512,512,RGB,JPEG,Dataset\Training\meningioma\Tr-me_24.jpg
Training,meningioma,512,512,RGB,JPEG,Dataset\Training\meningioma\Tr-me_240.jpg
Training,meningioma,825,993,RGB,JPEG,Dataset\Training\meningioma\Tr-me_241.jpg
Training,meningioma,512,512,RGB,JPEG,Dataset\Training\meningioma\Tr-me_242.jpg
Training,meningioma,512,512,RGB,JPEG,Dataset\Training\meningioma\Tr-me_243.jpg
Training,meningioma,512,512,L,JPEG,Dataset\Training\meningioma\Tr-me_244.jpg
Training,meningioma,512,512,L,JPEG,Dataset\Training\meningioma\Tr-me_245.jpg
Training,meningioma,512,512,RGB,JPEG,Dataset\Training\meningioma\Tr-me_246.jpg
Training,meningioma,512,512,RGB,JPEG,Dataset\Training\meningioma\Tr-me_247.jpg
Training,meningioma,512,512,RGB,JPEG,Dataset\Training\meningioma\Tr-me_248.jpg
Training,meningioma,512,512,L,JPEG,Dataset\Training\meningioma\Tr-me_249.jpg
Training,meningioma,512,512,RGB,JPEG,Dataset\Training\meningioma\Tr-me_25.jpg
Training,meningioma,512,512,L,JPEG,Dataset\Training\meningioma\Tr-me_250.jpg
Training,meningioma,512,512,RGB,JPEG,Dataset\Training\meningioma\Tr-me_251.jpg
Training,meningioma,512,512,RGB,JPEG,Dataset\Training\meningioma\Tr-me_252.jpg
Training,meningioma,512,512,L,JPEG,Dataset\Training\meningioma\Tr-me_253.jpg
Training,meningioma,512,512,RGB,JPEG,Dataset\Training\meningioma\Tr-me_254.jpg
Training,meningioma,512,512,L,JPEG,Dataset\Training\meningioma\Tr-me_255.jpg
Training,meningioma,512,512,RGB,JPEG,Dataset\Training\meningioma\Tr-me_256.jpg
Training,meningioma,512,512,RGB,JPEG,Dataset\Training\meningioma\Tr-me_257.jpg
Training,meningioma,512,512,RGB,JPEG,Dataset\Training\meningioma\Tr-me_258.jpg
Training,meningioma,512,512,L,JPEG,Dataset\Training\meningioma\Tr-me_259.jpg
Training,meningioma,512,512,RGB,JPEG,Dataset\Training\meningioma\Tr-me_26.jpg
Training,meningioma,512,512,L,JPEG,Dataset\Training\meningioma\Tr-me_260.jpg
Training,meningioma,512,512,RGB,JPEG,Dataset\Training\meningioma\Tr-me_261.jpg
Training,meningioma,512,512,RGB,JPEG,Dataset\Training\meningioma\Tr-me_262.jpg
Training,meningioma,512,512,RGB,JPEG,Dataset\Training\meningioma\Tr-me_263.jpg
Training,meningioma,512,512,L,JPEG,Dataset\Training\meningioma\Tr-me_264.jpg
Training,meningioma,512,512,RGB,JPEG,Dataset\Training\meningioma\Tr-me_265.jpg
Training,meningioma,512,512,RGB,JPEG,Dataset\Training\meningioma\Tr-me_266.jpg
Training,meningioma,512,512,L,JPEG,Dataset\Training\meningioma\Tr-me_267.jpg
Training,meningioma,512,512,L,JPEG,Dataset\Training\meningioma\Tr-me_268.jpg
Training,meningioma,512,512,L,JPEG,Dataset\Training\meningioma\Tr-me_269.jpg
Training,meningioma,512,512,L,JPEG,Dataset\Training\meningioma\Tr-me_27.jpg
Training,meningioma,512,512,L,JPEG,Dataset\Training\meningioma\Tr-me_270.jpg
Training,meningioma,202,223,RGB,JPEG,Dataset\Training\meningioma\Tr-me_271.jpg
Training,meningioma,512,512,RGB,JPEG,Dataset\Training\meningioma\Tr-me_272.jpg
Training,meningioma,512,512,L,JPEG,Dataset\Training\meningioma\Tr-me_273.jpg
Training,meningioma,512,512,L,JPEG,Dataset\Training\meningioma\Tr-me_274.jpg
Training,meningioma,512,512,L,JPEG,Dataset\Training\meningioma\Tr-me_275.jpg
Training,meningioma,512,512,L,JPEG,Dataset\Training\meningioma\Tr-me_276.jpg
Training,meningioma,512,512,L,JPEG,Dataset\Training\meningioma\Tr-me_277.jpg
Training,meningioma,512,512,L,JPEG,Dataset\Training\meningioma\Tr-me_278.jpg
Training,meningioma,512,512,L,JPEG,Dataset\Training\meningioma\Tr-me_279.jpg
Training,meningioma,512,512,L,JPEG,Dataset\Training\meningioma\Tr-me_28.jpg
Training,meningioma,512,512,L,JPEG,Dataset\Training\meningioma\Tr-me_280.jpg
Training,meningioma,512,512,RGB,JPEG,Dataset\Training\meningioma\Tr-me_281.jpg
Training,meningioma,512,512,RGB,JPEG,Dataset\Training\meningioma\Tr-me_282.jpg
Training,meningioma,512,512,L,JPEG,Dataset\Training\meningioma\Tr-me_283.jpg
Training,meningioma,512,512,L,JPEG,Dataset\Training\meningioma\Tr-me_284.jpg
Training,meningioma,512,512,L,JPEG,Dataset\Training\meningioma\Tr-me_285.jpg
Training,meningioma,512,512,L,JPEG,Dataset\Training\meningioma\Tr-me_286.jpg
Training,meningioma,512,512,RGB,JPEG,Dataset\Training\meningioma\Tr-me_287.jpg
Training,meningioma,512,512,L,JPEG,Dataset\Training\meningioma\Tr-me_288.jpg
Training,meningioma,306,365,RGB,JPEG,Dataset\Training\meningioma\Tr-me_289.jpg
Training,meningioma,512,512,RGB,JPEG,Dataset\Training\meningioma\Tr-me_29.jpg
Training,meningioma,512,512,RGB,JPEG,Dataset\Training\meningioma\Tr-me_290.jpg
Training,meningioma,512,512,L,JPEG,Dataset\Training\meningioma\Tr-me_291.jpg
Training,meningioma,512,512,RGB,JPEG,Dataset\Training\meningioma\Tr-me_292.jpg
Training,meningioma,512,512,RGB,JPEG,Dataset\Training\meningioma\Tr-me_293.jpg
Training,meningioma,512,512,RGB,JPEG,Dataset\Training\meningioma\Tr-me_294.jpg
Training,meningioma,512,512,L,JPEG,Dataset\Training\meningioma\Tr-me_295.jpg
Training,meningioma,512,512,RGB,JPEG,Dataset\Training\meningioma\Tr-me_296.jpg
Training,meningioma,512,512,RGB,JPEG,Dataset\Training\meningioma\Tr-me_297.jpg
Training,meningioma,512,512,RGB,JPEG,Dataset\Training\meningioma\Tr-me_298.jpg
Training,meningioma,512,512,RGB,JPEG,Dataset\Training\meningioma\Tr-me_299.jpg
Training,meningioma,238,212,RGB,JPEG,Dataset\Training\meningioma\Tr-me_3.jpg
Training,meningioma,512,512,L,JPEG,Dataset\Training\meningioma\Tr-me_30.jpg
Training,meningioma,512,512,L,JPEG,Dataset\Training\meningioma\Tr-me_300.jpg
Training,meningioma,512,512,L,JPEG,Dataset\Training\meningioma\Tr-me_301.jpg
Training,meningioma,512,512,L,JPEG,Dataset\Training\meningioma\Tr-me_302.jpg
Training,meningioma,512,512,L,JPEG,Dataset\Training\meningioma\Tr-me_303.jpg
Training,meningioma,512,512,L,JPEG,Dataset\Training\meningioma\Tr-me_304.jpg
Training,meningioma,512,512,L,JPEG,Dataset\Training\meningioma\Tr-me_305.jpg
Training,meningioma,512,512,RGB,JPEG,Dataset\Training\meningioma\Tr-me_306.jpg
Training,meningioma,512,512,L,JPEG,Dataset\Training\meningioma\Tr-me_307.jpg
Training,meningioma,512,512,RGB,JPEG,Dataset\Training\meningioma\Tr-me_308.jpg
Training,meningioma,512,512,RGB,JPEG,Dataset\Training\meningioma\Tr-me_309.jpg
Training,meningioma,512,512,RGB,JPEG,Dataset\Training\meningioma\Tr-me_31.jpg
Training,meningioma,512,512,L,JPEG,Dataset\Training\meningioma\Tr-me_310.jpg
Training,meningioma,512,512,L,JPEG,Dataset\Training\meningioma\Tr-me_311.jpg
Training,meningioma,512,512,RGB,JPEG,Dataset\Training\meningioma\Tr-me_312.jpg
Training,meningioma,512,512,L,JPEG,Dataset\Training\meningioma\Tr-me_313.jpg
Training,meningioma,512,512,L,JPEG,Dataset\Training\meningioma\Tr-me_314.jpg
Training,meningioma,512,512,L,JPEG,Dataset\Training\meningioma\Tr-me_315.jpg
Training,meningioma,512,512,RGB,JPEG,Dataset\Training\meningioma\Tr-me_316.jpg
Training,meningioma,512,512,RGB,JPEG,Dataset\Training\meningioma\Tr-me_317.jpg
Training,meningioma,485,510,RGB,JPEG,Dataset\Training\meningioma\Tr-me_318.jpg
Training,meningioma,512,512,RGB,JPEG,Dataset\Training\meningioma\Tr-me_319.jpg
Training,meningioma,512,512,L,JPEG,Dataset\Training\meningioma\Tr-me_32.jpg
Training,meningioma,512,512,L,JPEG,Dataset\Training\meningioma\Tr-me_320.jpg
Training,meningioma,512,512,L,JPEG,Dataset\Training\meningioma\Tr-me_321.jpg
Training,meningioma,512,512,RGB,JPEG,Dataset\Training\meningioma\Tr-me_322.jpg
Training,meningioma,512,512,RGB,JPEG,Dataset\Training\meningioma\Tr-me_323.jpg
Training,meningioma,512,512,L,JPEG,Dataset\Training\meningioma\Tr-me_324.jpg
Training,meningioma,512,512,L,JPEG,Dataset\Training\meningioma\Tr-me_325.jpg
Training,meningioma,512,512,L,JPEG,Dataset\Training\meningioma\Tr-me_326.jpg
Training,meningioma,512,512,L,JPEG,Dataset\Training\meningioma\Tr-me_327.jpg
Training,meningioma,512,512,RGB,JPEG,Dataset\Training\meningioma\Tr-me_328.jpg
Training,meningioma,512,512,RGB,JPEG,Dataset\Training\meningioma\Tr-me_329.jpg
Training,meningioma,512,512,RGB,JPEG,Dataset\Training\meningioma\Tr-me_33.jpg
Training,meningioma,300,412,RGB,JPEG,Dataset\Training\meningioma\Tr-me_330.jpg
Training,meningioma,204,249,RGB,JPEG,Dataset\Training\meningioma\Tr-me_331.jpg
Training,meningioma,512,512,RGB,JPEG,Dataset\Training\meningioma\Tr-me_332.jpg
Training,meningioma,512,512,L,JPEG,Dataset\Training\meningioma\Tr-me_333.jpg
Training,meningioma,512,512,RGB,JPEG,Dataset\Training\meningioma\Tr-me_334.jpg
Training,meningioma,512,512,RGB,JPEG,Dataset\Training\meningioma\Tr-me_335.jpg
Training,meningioma,512,512,RGB,JPEG,Dataset\Training\meningioma\Tr-me_336.jpg
Training,meningioma,512,512,RGB,JPEG,Dataset\Training\meningioma\Tr-me_337.jpg
Training,meningioma,512,512,L,JPEG,Dataset\Training\meningioma\Tr-me_338.jpg
Training,meningioma,455,500,RGB,JPEG,Dataset\Training\meningioma\Tr-me_339.jpg
Training,meningioma,512,512,RGB,JPEG,Dataset\Training\meningioma\Tr-me_34.jpg
Training,meningioma,512,512,L,JPEG,Dataset\Training\meningioma\Tr-me_340.jpg
Training,meningioma,512,512,RGB,JPEG,Dataset\Training\meningioma\Tr-me_341.jpg
Training,meningioma,512,512,RGB,JPEG,Dataset\Training\meningioma\Tr-me_342.jpg
Training,meningioma,512,512,L,JPEG,Dataset\Training\meningioma\Tr-me_343.jpg
Training,meningioma,512,512,L,JPEG,Dataset\Training\meningioma\Tr-me_344.jpg
Training,meningioma,512,512,L,JPEG,Dataset\Training\meningioma\Tr-me_345.jpg
Training,meningioma,512,512,L,JPEG,Dataset\Training\meningioma\Tr-me_346.jpg
Training,meningioma,512,512,L,JPEG,Dataset\Training\meningioma\Tr-me_347.jpg
Training,meningioma,512,512,RGB,JPEG,Dataset\Training\meningioma\Tr-me_348.jpg
Training,meningioma,512,512,L,JPEG,Dataset\Training\meningioma\Tr-me_349.jpg
Training,meningioma,512,512,RGB,JPEG,Dataset\Training\meningioma\Tr-me_35.jpg
Training,meningioma,512,512,L,JPEG,Dataset\Training\meningioma\Tr-me_350.jpg
Training,meningioma,512,512,L,JPEG,Dataset\Training\meningioma\Tr-me_351.jpg
Training,meningioma,512,512,L,JPEG,Dataset\Training\meningioma\Tr-me_352.jpg
Training,meningioma,512,512,L,JPEG,Dataset\Training\meningioma\Tr-me_353.jpg
Training,meningioma,512,512,RGB,JPEG,Dataset\Training\meningioma\Tr-me_354.jpg
Training,meningioma,512,512,RGB,JPEG,Dataset\Training\meningioma\Tr-me_355.jpg
Training,meningioma,512,512,L,JPEG,Dataset\Training\meningioma\Tr-me_356.jpg
Training,meningioma,512,512,RGB,JPEG,Dataset\Training\meningioma\Tr-me_357.jpg
Training,meningioma,512,512,RGB,JPEG,Dataset\Training\meningioma\Tr-me_358.jpg
Training,meningioma,512,512,RGB,JPEG,Dataset\Training\meningioma\Tr-me_359.jpg
Training,meningioma,442,442,RGB,JPEG,Dataset\Training\meningioma\Tr-me_36.jpg
Training,meningioma,512,512,RGB,JPEG,Dataset\Training\meningioma\Tr-me_360.jpg
Training,meningioma,512,512,RGB,JPEG,Dataset\Training\meningioma\Tr-me_361.jpg
Training,meningioma,512,512,L,JPEG,Dataset\Training\meningioma\Tr-me_362.jpg
Training,meningioma,512,512,RGB,JPEG,Dataset\Training\meningioma\Tr-me_363.jpg
Training,meningioma,512,512,L,JPEG,Dataset\Training\meningioma\Tr-me_364.jpg
Training,meningioma,512,512,L,JPEG,Dataset\Training\meningioma\Tr-me_365.jpg
Training,meningioma,512,512,RGB,JPEG,Dataset\Training\meningioma\Tr-me_366.jpg
Training,meningioma,512,512,RGB,JPEG,Dataset\Training\meningioma\Tr-me_367.jpg
Training,meningioma,512,512,RGB,JPEG,Dataset\Training\meningioma\Tr-me_368.jpg
Training,meningioma,512,512,L,JPEG,Dataset\Training\meningioma\Tr-me_369.jpg
Training,meningioma,512,512,RGB,JPEG,Dataset\Training\meningioma\Tr-me_37.jpg
Training,meningioma,512,512,L,JPEG,Dataset\Training\meningioma\Tr-me_370.jpg
Training,meningioma,512,512,L,JPEG,Dataset\Training\meningioma\Tr-me_371.jpg
Training,meningioma,512,512,RGB,JPEG,Dataset\Training\meningioma\Tr-me_372.jpg
Training,meningioma,289,354,RGB,JPEG,Dataset\Training\meningioma\Tr-me_373.jpg
Training,meningioma,512,512,RGB,JPEG,Dataset\Training\meningioma\Tr-me_374.jpg
Training,meningioma,512,512,RGB,JPEG,Dataset\Training\meningioma\Tr-me_375.jpg
Training,meningioma,512,512,L,JPEG,Dataset\Training\meningioma\Tr-me_376.jpg
Training,meningioma,512,512,RGB,JPEG,Dataset\Training\meningioma\Tr-me_377.jpg
Training,meningioma,512,512,RGB,JPEG,Dataset\Training\meningioma\Tr-me_378.jpg
Training,meningioma,512,512,L,JPEG,Dataset\Training\meningioma\Tr-me_379.jpg
Training,meningioma,512,512,RGB,JPEG,Dataset\Training\meningioma\Tr-me_38.jpg
Training,meningioma,512,512,RGB,JPEG,Dataset\Training\meningioma\Tr-me_380.jpg
Training,meningioma,512,512,RGB,JPEG,Dataset\Training\meningioma\Tr-me_381.jpg
Training,meningioma,512,512,L,JPEG,Dataset\Training\meningioma\Tr-me_382.jpg
Training,meningioma,512,512,RGB,JPEG,Dataset\Training\meningioma\Tr-me_383.jpg
Training,meningioma,512,512,RGB,JPEG,Dataset\Training\meningioma\Tr-me_384.jpg
Training,meningioma,512,512,RGB,JPEG,Dataset\Training\meningioma\Tr-me_385.jpg
Training,meningioma,512,512,RGB,JPEG,Dataset\Training\meningioma\Tr-me_386.jpg
Training,meningioma,512,512,RGB,JPEG,Dataset\Training\meningioma\Tr-me_387.jpg
Training,meningioma,512,512,L,JPEG,Dataset\Training\meningioma\Tr-me_388.jpg
Training,meningioma,512,512,L,JPEG,Dataset\Training\meningioma\Tr-me_389.jpg
Training,meningioma,512,512,RGB,JPEG,Dataset\Training\meningioma\Tr-me_39.jpg
Training,meningioma,512,512,RGB,JPEG,Dataset\Training\meningioma\Tr-me_390.jpg
Training,meningioma,512,512,RGB,JPEG,Dataset\Training\meningioma\Tr-me_391.jpg
Training,meningioma,512,512,RGB,JPEG,Dataset\Training\meningioma\Tr-me_392.jpg
Training,meningioma,512,512,L,JPEG,Dataset\Training\meningioma\Tr-me_393.jpg
Training,meningioma,512,512,L,JPEG,Dataset\Training\meningioma\Tr-me_394.jpg
Training,meningioma,512,512,RGB,JPEG,Dataset\Training\meningioma\Tr-me_395.jpg
Training,meningioma,512,512,L,JPEG,Dataset\Training\meningioma\Tr-me_396.jpg
Training,meningioma,512,512,RGB,JPEG,Dataset\Training\meningioma\Tr-me_397.jpg
Training,meningioma,512,512,RGB,JPEG,Dataset\Training\meningioma\Tr-me_398.jpg
Training,meningioma,512,512,L,JPEG,Dataset\Training\meningioma\Tr-me_399.jpg
Training,meningioma,512,512,L,JPEG,Dataset\Training\meningioma\Tr-me_4.jpg
Training,meningioma,512,512,L,JPEG,Dataset\Training\meningioma\Tr-me_40.jpg
Training,meningioma,512,512,RGB,JPEG,Dataset\Training\meningioma\Tr-me_400.jpg
Training,meningioma,512,512,L,JPEG,Dataset\Training\meningioma\Tr-me_401.jpg
Training,meningioma,512,512,RGB,JPEG,Dataset\Training\meningioma\Tr-me_402.jpg
Training,meningioma,512,512,RGB,JPEG,Dataset\Training\meningioma\Tr-me_403.jpg
Training,meningioma,305,337,RGB,JPEG,Dataset\Training\meningioma\Tr-me_404.jpg
Training,meningioma,512,512,RGB,JPEG,Dataset\Training\meningioma\Tr-me_405.jpg
Training,meningioma,512,512,RGB,JPEG,Dataset\Training\meningioma\Tr-me_406.jpg
Training,meningioma,512,512,RGB,JPEG,Dataset\Training\meningioma\Tr-me_407.jpg
Training,meningioma,512,512,L,JPEG,Dataset\Training\meningioma\Tr-me_408.jpg
Training,meningioma,512,512,L,JPEG,Dataset\Training\meningioma\Tr-me_409.jpg
Training,meningioma,512,512,RGB,JPEG,Dataset\Training\meningioma\Tr-me_41.jpg
Training,meningioma,512,512,RGB,JPEG,Dataset\Training\meningioma\Tr-me_410.jpg
Training,meningioma,512,512,RGB,JPEG,Dataset\Training\meningioma\Tr-me_411.jpg
Training,meningioma,512,512,L,JPEG,Dataset\Training\meningioma\Tr-me_412.jpg
Training,meningioma,512,512,L,JPEG,Dataset\Training\meningioma\Tr-me_413.jpg
Training,meningioma,512,512,L,JPEG,Dataset\Training\meningioma\Tr-me_414.jpg
Training,meningioma,512,512,RGB,JPEG,Dataset\Training\meningioma\Tr-me_415.jpg
Training,meningioma,512,512,L,JPEG,Dataset\Training\meningioma\Tr-me_416.jpg
Training,meningioma,250,270,RGB,JPEG,Dataset\Training\meningioma\Tr-me_417.jpg
Training,meningioma,512,512,RGB,JPEG,Dataset\Training\meningioma\Tr-me_418.jpg
Training,meningioma,512,512,L,JPEG,Dataset\Training\meningioma\Tr-me_419.jpg
Training,meningioma,512,512,L,JPEG,Dataset\Training\meningioma\Tr-me_42.jpg
Training,meningioma,512,512,RGB,JPEG,Dataset\Training\meningioma\Tr-me_420.jpg
Training,meningioma,442,442,RGB,JPEG,Dataset\Training\meningioma\Tr-me_421.jpg
Training,meningioma,512,512,L,JPEG,Dataset\Training\meningioma\Tr-me_422.jpg
Training,meningioma,512,512,RGB,JPEG,Dataset\Training\meningioma\Tr-me_423.jpg
Training,meningioma,343,367,RGB,JPEG,Dataset\Training\meningioma\Tr-me_424.jpg
Training,meningioma,512,512,L,JPEG,Dataset\Training\meningioma\Tr-me_425.jpg
Training,meningioma,512,512,L,JPEG,Dataset\Training\meningioma\Tr-me_426.jpg
Training,meningioma,512,512,L,JPEG,Dataset\Training\meningioma\Tr-me_427.jpg
Training,meningioma,512,512,RGB,JPEG,Dataset\Training\meningioma\Tr-me_428.jpg
Training,meningioma,512,512,RGB,JPEG,Dataset\Training\meningioma\Tr-me_429.jpg
Training,meningioma,512,512,L,JPEG,Dataset\Training\meningioma\Tr-me_43.jpg
Training,meningioma,512,512,RGB,JPEG,Dataset\Training\meningioma\Tr-me_430.jpg
Training,meningioma,512,512,RGB,JPEG,Dataset\Training\meningioma\Tr-me_431.jpg
Training,meningioma,341,395,RGB,JPEG,Dataset\Training\meningioma\Tr-me_432.jpg
Training,meningioma,512,512,RGB,JPEG,Dataset\Training\meningioma\Tr-me_433.jpg
Training,meningioma,512,512,RGB,JPEG,Dataset\Training\meningioma\Tr-me_434.jpg
Training,meningioma,512,512,L,JPEG,Dataset\Training\meningioma\Tr-me_435.jpg
Training,meningioma,512,512,L,JPEG,Dataset\Training\meningioma\Tr-me_436.jpg
Training,meningioma,442,442,RGB,JPEG,Dataset\Training\meningioma\Tr-me_437.jpg
Training,meningioma,512,512,RGB,JPEG,Dataset\Training\meningioma\Tr-me_438.jpg
Training,meningioma,512,512,L,JPEG,Dataset\Training\meningioma\Tr-me_439.jpg
Training,meningioma,512,512,RGB,JPEG,Dataset\Training\meningioma\Tr-me_44.jpg
Training,meningioma,512,512,RGB,JPEG,Dataset\Training\meningioma\Tr-me_440.jpg
Training,meningioma,512,512,RGB,JPEG,Dataset\Training\meningioma\Tr-me_441.jpg
Training,meningioma,512,512,RGB,JPEG,Dataset\Training\meningioma\Tr-me_442.jpg
Training,meningioma,512,512,RGB,JPEG,Dataset\Training\meningioma\Tr-me_443.jpg
Training,meningioma,512,512,L,JPEG,Dataset\Training\meningioma\Tr-me_444.jpg
Training,meningioma,512,512,RGB,JPEG,Dataset\Training\meningioma\Tr-me_445.jpg
Training,meningioma,512,512,L,JPEG,Dataset\Training\meningioma\Tr-me_446.jpg
Training,meningioma,512,512,L,JPEG,Dataset\Training\meningioma\Tr-me_447.jpg
Training,meningioma,512,512,RGB,JPEG,Dataset\Training\meningioma\Tr-me_448.jpg
Training,meningioma,512,512,RGB,JPEG,Dataset\Training\meningioma\Tr-me_449.jpg
Training,meningioma,512,512,RGB,JPEG,Dataset\Training\meningioma\Tr-me_45.jpg
Training,meningioma,205,251,RGB,JPEG,Dataset\Training\meningioma\Tr-me_450.jpg
Training,meningioma,512,512,L,JPEG,Dataset\Training\meningioma\Tr-me_451.jpg
Training,meningioma,512,512,RGB,JPEG,Dataset\Training\meningioma\Tr-me_452.jpg
Training,meningioma,306,306,RGB,JPEG,Dataset\Training\meningioma\Tr-me_453.jpg
Training,meningioma,512,512,L,JPEG,Dataset\Training\meningioma\Tr-me_454.jpg
Training,meningioma,512,512,L,JPEG,Dataset\Training\meningioma\Tr-me_455.jpg
Training,meningioma,512,512,L,JPEG,Dataset\Training\meningioma\Tr-me_456.jpg
Training,meningioma,512,512,L,JPEG,Dataset\Training\meningioma\Tr-me_457.jpg
Training,meningioma,554,554,RGB,JPEG,Dataset\Training\meningioma\Tr-me_458.jpg
Training,meningioma,512,512,RGB,JPEG,Dataset\Training\meningioma\Tr-me_459.jpg
Training,meningioma,512,512,L,JPEG,Dataset\Training\meningioma\Tr-me_46.jpg
Training,meningioma,512,512,RGB,JPEG,Dataset\Training\meningioma\Tr-me_460.jpg
Training,meningioma,512,512,RGB,JPEG,Dataset\Training\meningioma\Tr-me_461.jpg
Training,meningioma,512,512,RGB,JPEG,Dataset\Training\meningioma\Tr-me_462.jpg
Training,meningioma,512,512,RGB,JPEG,Dataset\Training\meningioma\Tr-me_463.jpg
Training,meningioma,591,650,RGB,JPEG,Dataset\Training\meningioma\Tr-me_464.jpg
Training,meningioma,225,225,RGB,JPEG,Dataset\Training\meningioma\Tr-me_465.jpg
Training,meningioma,512,512,RGB,JPEG,Dataset\Training\meningioma\Tr-me_466.jpg
Training,meningioma,512,512,RGB,JPEG,Dataset\Training\meningioma\Tr-me_467.jpg
Training,meningioma,225,225,RGB,JPEG,Dataset\Training\meningioma\Tr-me_468.jpg
Training,meningioma,512,512,L,JPEG,Dataset\Training\meningioma\Tr-me_469.jpg
Training,meningioma,512,512,RGB,JPEG,Dataset\Training\meningioma\Tr-me_47.jpg
Training,meningioma,512,512,RGB,JPEG,Dataset\Training\meningioma\Tr-me_470.jpg
Training,meningioma,512,512,L,JPEG,Dataset\Training\meningioma\Tr-me_471.jpg
Training,meningioma,212,237,RGB,JPEG,Dataset\Training\meningioma\Tr-me_472.jpg
Training,meningioma,512,512,L,JPEG,Dataset\Training\meningioma\Tr-me_473.jpg
Training,meningioma,512,512,RGB,JPEG,Dataset\Training\meningioma\Tr-me_474.jpg
Training,meningioma,512,512,L,JPEG,Dataset\Training\meningioma\Tr-me_475.jpg
Training,meningioma,512,512,L,JPEG,Dataset\Training\meningioma\Tr-me_476.jpg
Training,meningioma,512,512,L,JPEG,Dataset\Training\meningioma\Tr-me_477.jpg
Training,meningioma,512,512,RGB,JPEG,Dataset\Training\meningioma\Tr-me_478.jpg
Training,meningioma,530,526,RGB,JPEG,Dataset\Training\meningioma\Tr-me_479.jpg
Training,meningioma,512,512,L,JPEG,Dataset\Training\meningioma\Tr-me_48.jpg
Training,meningioma,512,512,L,JPEG,Dataset\Training\meningioma\Tr-me_480.jpg
Training,meningioma,512,512,RGB,JPEG,Dataset\Training\meningioma\Tr-me_481.jpg
Training,meningioma,512,512,L,JPEG,Dataset\Training\meningioma\Tr-me_482.jpg
Training,meningioma,512,512,RGB,JPEG,Dataset\Training\meningioma\Tr-me_483.jpg
Training,meningioma,512,512,L,JPEG,Dataset\Training\meningioma\Tr-me_484.jpg
Training,meningioma,512,512,L,JPEG,Dataset\Training\meningioma\Tr-me_485.jpg
Training,meningioma,214,216,RGB,JPEG,Dataset\Training\meningioma\Tr-me_486.jpg
Training,meningioma,512,512,RGB,JPEG,Dataset\Training\meningioma\Tr-me_487.jpg
Training,meningioma,512,512,L,JPEG,Dataset\Training\meningioma\Tr-me_488.jpg
Training,meningioma,295,394,RGB,JPEG,Dataset\Training\meningioma\Tr-me_489.jpg
Training,meningioma,512,512,RGB,JPEG,Dataset\Training\meningioma\Tr-me_49.jpg
Training,meningioma,512,512,L,JPEG,Dataset\Training\meningioma\Tr-me_490.jpg
Training,meningioma,512,512,L,JPEG,Dataset\Training\meningioma\Tr-me_491.jpg
Training,meningioma,512,512,L,JPEG,Dataset\Training\meningioma\Tr-me_492.jpg
Training,meningioma,512,512,L,JPEG,Dataset\Training\meningioma\Tr-me_493.jpg
Training,meningioma,512,512,L,JPEG,Dataset\Training\meningioma\Tr-me_494.jpg
Training,meningioma,512,512,RGB,JPEG,Dataset\Training\meningioma\Tr-me_495.jpg
Training,meningioma,512,512,L,JPEG,Dataset\Training\meningioma\Tr-me_496.jpg
Training,meningioma,219,234,RGB,JPEG,Dataset\Training\meningioma\Tr-me_497.jpg
Training,meningioma,512,512,RGB,JPEG,Dataset\Training\meningioma\Tr-me_498.jpg
Training,meningioma,512,512,RGB,JPEG,Dataset\Training\meningioma\Tr-me_499.jpg
Training,meningioma,512,512,L,JPEG,Dataset\Training\meningioma\Tr-me_5.jpg
Training,meningioma,472,546,RGB,JPEG,Dataset\Training\meningioma\Tr-me_50.jpg
Training,meningioma,512,512,L,JPEG,Dataset\Training\meningioma\Tr-me_500.jpg
Training,meningioma,512,512,RGB,JPEG,Dataset\Training\meningioma\Tr-me_501.jpg
Training,meningioma,512,512,RGB,JPEG,Dataset\Training\meningioma\Tr-me_502.jpg
Training,meningioma,512,512,L,JPEG,Dataset\Training\meningioma\Tr-me_503.jpg
Training,meningioma,512,512,L,JPEG,Dataset\Training\meningioma\Tr-me_504.jpg
Training,meningioma,512,512,L,JPEG,Dataset\Training\meningioma\Tr-me_505.jpg
Training,meningioma,512,512,L,JPEG,Dataset\Training\meningioma\Tr-me_506.jpg
Training,meningioma,512,512,L,JPEG,Dataset\Training\meningioma\Tr-me_507.jpg
Training,meningioma,512,512,L,JPEG,Dataset\Training\meningioma\Tr-me_508.jpg
Training,meningioma,512,512,RGB,JPEG,Dataset\Training\meningioma\Tr-me_509.jpg
Training,meningioma,512,512,L,JPEG,Dataset\Training\meningioma\Tr-me_51.jpg
Training,meningioma,512,512,RGB,JPEG,Dataset\Training\meningioma\Tr-me_510.jpg
Training,meningioma,512,512,RGB,JPEG,Dataset\Training\meningioma\Tr-me_511.jpg
Training,meningioma,512,512,L,JPEG,Dataset\Training\meningioma\Tr-me_512.jpg
Training,meningioma,512,512,RGB,JPEG,Dataset\Training\meningioma\Tr-me_513.jpg
Training,meningioma,512,512,RGB,JPEG,Dataset\Training\meningioma\Tr-me_514.jpg
Training,meningioma,512,512,RGB,JPEG,Dataset\Training\meningioma\Tr-me_515.jpg
Training,meningioma,512,512,RGB,JPEG,Dataset\Training\meningioma\Tr-me_516.jpg
Training,meningioma,512,512,RGB,JPEG,Dataset\Training\meningioma\Tr-me_517.jpg
Training,meningioma,512,512,L,JPEG,Dataset\Training\meningioma\Tr-me_518.jpg
Training,meningioma,512,512,RGB,JPEG,Dataset\Training\meningioma\Tr-me_519.jpg
Training,meningioma,304,410,RGB,JPEG,Dataset\Training\meningioma\Tr-me_52.jpg
Training,meningioma,512,512,L,JPEG,Dataset\Training\meningioma\Tr-me_520.jpg
Training,meningioma,512,512,L,JPEG,Dataset\Training\meningioma\Tr-me_521.jpg
Training,meningioma,512,512,RGB,JPEG,Dataset\Training\meningioma\Tr-me_522.jpg
Training,meningioma,512,512,L,JPEG,Dataset\Training\meningioma\Tr-me_523.jpg
Training,meningioma,512,512,RGB,JPEG,Dataset\Training\meningioma\Tr-me_524.jpg
Training,meningioma,512,512,L,JPEG,Dataset\Training\meningioma\Tr-me_525.jpg
Training,meningioma,512,512,RGB,JPEG,Dataset\Training\meningioma\Tr-me_526.jpg
Training,meningioma,512,512,RGB,JPEG,Dataset\Training\meningioma\Tr-me_527.jpg
Training,meningioma,512,512,RGB,JPEG,Dataset\Training\meningioma\Tr-me_528.jpg
Training,meningioma,512,512,L,JPEG,Dataset\Training\meningioma\Tr-me_529.jpg
Training,meningioma,512,512,L,JPEG,Dataset\Training\meningioma\Tr-me_53.jpg
Training,meningioma,323,342,RGB,JPEG,Dataset\Training\meningioma\Tr-me_530.jpg
Training,meningioma,512,512,RGB,JPEG,Dataset\Training\meningioma\Tr-me_531.jpg
Training,meningioma,512,512,L,JPEG,Dataset\Training\meningioma\Tr-me_532.jpg
Training,meningioma,512,512,L,JPEG,Dataset\Training\meningioma\Tr-me_533.jpg
Training,meningioma,455,500,RGB,JPEG,Dataset\Training\meningioma\Tr-me_534.jpg
Training,meningioma,512,512,RGB,JPEG,Dataset\Training\meningioma\Tr-me_535.jpg
Training,meningioma,512,512,RGB,JPEG,Dataset\Training\meningioma\Tr-me_536.jpg
Training,meningioma,512,512,L,JPEG,Dataset\Training\meningioma\Tr-me_537.jpg
Training,meningioma,512,512,RGB,JPEG,Dataset\Training\meningioma\Tr-me_538.jpg
Training,meningioma,512,512,RGB,JPEG,Dataset\Training\meningioma\Tr-me_539.jpg
Training,meningioma,512,512,L,JPEG,Dataset\Training\meningioma\Tr-me_54.jpg
Training,meningioma,512,512,L,JPEG,Dataset\Training\meningioma\Tr-me_540.jpg
Training,meningioma,512,512,L,JPEG,Dataset\Training\meningioma\Tr-me_541.jpg
Training,meningioma,512,512,RGB,JPEG,Dataset\Training\meningioma\Tr-me_542.jpg
Training,meningioma,213,237,RGB,JPEG,Dataset\Training\meningioma\Tr-me_543.jpg
Training,meningioma,512,512,RGB,JPEG,Dataset\Training\meningioma\Tr-me_544.jpg
Training,meningioma,512,512,RGB,JPEG,Dataset\Training\meningioma\Tr-me_545.jpg
Training,meningioma,512,512,L,JPEG,Dataset\Training\meningioma\Tr-me_546.jpg
Training,meningioma,512,512,L,JPEG,Dataset\Training\meningioma\Tr-me_547.jpg
Training,meningioma,512,512,RGB,JPEG,Dataset\Training\meningioma\Tr-me_548.jpg
Training,meningioma,512,512,L,JPEG,Dataset\Training\meningioma\Tr-me_549.jpg
Training,meningioma,512,512,L,JPEG,Dataset\Training\meningioma\Tr-me_55.jpg
Training,meningioma,512,512,L,JPEG,Dataset\Training\meningioma\Tr-me_550.jpg
Training,meningioma,512,512,RGB,JPEG,Dataset\Training\meningioma\Tr-me_551.jpg
Training,meningioma,512,512,RGB,JPEG,Dataset\Training\meningioma\Tr-me_552.jpg
Training,meningioma,217,232,RGB,JPEG,Dataset\Training\meningioma\Tr-me_553.jpg
Training,meningioma,512,512,RGB,JPEG,Dataset\Training\meningioma\Tr-me_554.jpg
Training,meningioma,512,512,L,JPEG,Dataset\Training\meningioma\Tr-me_555.jpg
Training,meningioma,512,512,L,JPEG,Dataset\Training\meningioma\Tr-me_556.jpg
Training,meningioma,226,214,RGB,JPEG,Dataset\Training\meningioma\Tr-me_557.jpg
Training,meningioma,512,512,L,JPEG,Dataset\Training\meningioma\Tr-me_558.jpg
Training,meningioma,512,512,L,JPEG,Dataset\Training\meningioma\Tr-me_559.jpg
Training,meningioma,512,512,RGB,JPEG,Dataset\Training\meningioma\Tr-me_56.jpg
Training,meningioma,512,512,RGB,JPEG,Dataset\Training\meningioma\Tr-me_560.jpg
Training,meningioma,341,395,RGB,JPEG,Dataset\Training\meningioma\Tr-me_561.jpg
Training,meningioma,512,512,L,JPEG,Dataset\Training\meningioma\Tr-me_562.jpg
Training,meningioma,512,512,RGB,JPEG,Dataset\Training\meningioma\Tr-me_563.jpg
Training,meningioma,512,512,RGB,JPEG,Dataset\Training\meningioma\Tr-me_564.jpg
Training,meningioma,512,512,L,JPEG,Dataset\Training\meningioma\Tr-me_565.jpg
Training,meningioma,512,512,RGB,JPEG,Dataset\Training\meningioma\Tr-me_566.jpg
Training,meningioma,552,527,RGB,JPEG,Dataset\Training\meningioma\Tr-me_567.jpg
Training,meningioma,512,512,RGB,JPEG,Dataset\Training\meningioma\Tr-me_568.jpg
Training,meningioma,512,512,RGB,JPEG,Dataset\Training\meningioma\Tr-me_569.jpg
Training,meningioma,512,512,RGB,JPEG,Dataset\Training\meningioma\Tr-me_57.jpg
Training,meningioma,512,512,L,JPEG,Dataset\Training\meningioma\Tr-me_570.jpg
Training,meningioma,512,512,L,JPEG,Dataset\Training\meningioma\Tr-me_571.jpg
Training,meningioma,512,512,L,JPEG,Dataset\Training\meningioma\Tr-me_572.jpg
Training,meningioma,512,512,L,JPEG,Dataset\Training\meningioma\Tr-me_573.jpg
Training,meningioma,512,512,L,JPEG,Dataset\Training\meningioma\Tr-me_574.jpg
Training,meningioma,512,512,L,JPEG,Dataset\Training\meningioma\Tr-me_575.jpg
Training,meningioma,512,512,L,JPEG,Dataset\Training\meningioma\Tr-me_576.jpg
Training,meningioma,512,512,L,JPEG,Dataset\Training\meningioma\Tr-me_577.jpg
Training,meningioma,512,512,RGB,JPEG,Dataset\Training\meningioma\Tr-me_578.jpg
Training,meningioma,512,512,L,JPEG,Dataset\Training\meningioma\Tr-me_579.jpg
Training,meningioma,512,512,RGB,JPEG,Dataset\Training\meningioma\Tr-me_58.jpg
Training,meningioma,512,512,RGB,JPEG,Dataset\Training\meningioma\Tr-me_580.jpg
Training,meningioma,512,512,RGB,JPEG,Dataset\Training\meningioma\Tr-me_581.jpg
Training,meningioma,512,512,L,JPEG,Dataset\Training\meningioma\Tr-me_582.jpg
Training,meningioma,225,225,RGB,JPEG,Dataset\Training\meningioma\Tr-me_583.jpg
Training,meningioma,512,512,RGB,JPEG,Dataset\Training\meningioma\Tr-me_584.jpg
Training,meningioma,512,512,RGB,JPEG,Dataset\Training\meningioma\Tr-me_585.jpg
Training,meningioma,512,512,L,JPEG,Dataset\Training\meningioma\Tr-me_586.jpg
Training,meningioma,512,512,RGB,JPEG,Dataset\Training\meningioma\Tr-me_587.jpg
Training,meningioma,512,512,L,JPEG,Dataset\Training\meningioma\Tr-me_588.jpg
Training,meningioma,512,512,RGB,JPEG,Dataset\Training\meningioma\Tr-me_589.jpg
Training,meningioma,512,512,RGB,JPEG,Dataset\Training\meningioma\Tr-me_59.jpg
Training,meningioma,512,512,RGB,JPEG,Dataset\Training\meningioma\Tr-me_590.jpg
Training,meningioma,512,512,RGB,JPEG,Dataset\Training\meningioma\Tr-me_591.jpg
Training,meningioma,512,512,L,JPEG,Dataset\Training\meningioma\Tr-me_592.jpg
Training,meningioma,512,512,RGB,JPEG,Dataset\Training\meningioma\Tr-me_593.jpg
Training,meningioma,512,512,L,JPEG,Dataset\Training\meningioma\Tr-me_594.jpg
Training,meningioma,512,512,L,JPEG,Dataset\Training\meningioma\Tr-me_595.jpg
Training,meningioma,512,512,RGB,JPEG,Dataset\Training\meningioma\Tr-me_596.jpg
Training,meningioma,213,236,RGB,JPEG,Dataset\Training\meningioma\Tr-me_597.jpg
Training,meningioma,512,512,L,JPEG,Dataset\Training\meningioma\Tr-me_598.jpg
Training,meningioma,512,512,RGB,JPEG,Dataset\Training\meningioma\Tr-me_599.jpg
Training,meningioma,512,512,RGB,JPEG,Dataset\Training\meningioma\Tr-me_6.jpg
Training,meningioma,512,512,L,JPEG,Dataset\Training\meningioma\Tr-me_60.jpg
Training,meningioma,512,512,L,JPEG,Dataset\Training\meningioma\Tr-me_600.jpg
Training,meningioma,512,512,L,JPEG,Dataset\Training\meningioma\Tr-me_601.jpg
Training,meningioma,512,512,RGB,JPEG,Dataset\Training\meningioma\Tr-me_602.jpg
Training,meningioma,512,512,L,JPEG,Dataset\Training\meningioma\Tr-me_603.jpg
Training,meningioma,512,512,L,JPEG,Dataset\Training\meningioma\Tr-me_604.jpg
Training,meningioma,512,512,RGB,JPEG,Dataset\Training\meningioma\Tr-me_605.jpg
Training,meningioma,512,512,RGB,JPEG,Dataset\Training\meningioma\Tr-me_606.jpg
Training,meningioma,512,512,RGB,JPEG,Dataset\Training\meningioma\Tr-me_607.jpg
Training,meningioma,512,512,RGB,JPEG,Dataset\Training\meningioma\Tr-me_608.jpg
Training,meningioma,512,512,L,JPEG,Dataset\Training\meningioma\Tr-me_609.jpg
Training,meningioma,512,512,RGB,JPEG,Dataset\Training\meningioma\Tr-me_61.jpg
Training,meningioma,512,512,L,JPEG,Dataset\Training\meningioma\Tr-me_610.jpg
Training,meningioma,512,512,RGB,JPEG,Dataset\Training\meningioma\Tr-me_611.jpg
Training,meningioma,512,512,L,JPEG,Dataset\Training\meningioma\Tr-me_612.jpg
Training,meningioma,512,512,RGB,JPEG,Dataset\Training\meningioma\Tr-me_613.jpg
Training,meningioma,512,512,L,JPEG,Dataset\Training\meningioma\Tr-me_614.jpg
Training,meningioma,512,512,RGB,JPEG,Dataset\Training\meningioma\Tr-me_615.jpg
Training,meningioma,200,235,RGB,JPEG,Dataset\Training\meningioma\Tr-me_616.jpg
Training,meningioma,512,512,L,JPEG,Dataset\Training\meningioma\Tr-me_617.jpg
Training,meningioma,512,512,L,JPEG,Dataset\Training\meningioma\Tr-me_618.jpg
Training,meningioma,512,512,RGB,JPEG,Dataset\Training\meningioma\Tr-me_619.jpg
Training,meningioma,512,512,RGB,JPEG,Dataset\Training\meningioma\Tr-me_62.jpg
Training,meningioma,512,512,RGB,JPEG,Dataset\Training\meningioma\Tr-me_620.jpg
Training,meningioma,512,512,L,JPEG,Dataset\Training\meningioma\Tr-me_621.jpg
Training,meningioma,512,512,RGB,JPEG,Dataset\Training\meningioma\Tr-me_622.jpg
Training,meningioma,512,512,L,JPEG,Dataset\Training\meningioma\Tr-me_623.jpg
Training,meningioma,512,512,RGB,JPEG,Dataset\Training\meningioma\Tr-me_624.jpg
Training,meningioma,512,512,RGB,JPEG,Dataset\Training\meningioma\Tr-me_625.jpg
Training,meningioma,512,512,L,JPEG,Dataset\Training\meningioma\Tr-me_626.jpg
Training,meningioma,512,512,L,JPEG,Dataset\Training\meningioma\Tr-me_627.jpg
Training,meningioma,512,512,RGB,JPEG,Dataset\Training\meningioma\Tr-me_628.jpg
Training,meningioma,512,512,RGB,JPEG,Dataset\Training\meningioma\Tr-me_629.jpg
Training,meningioma,512,512,RGB,JPEG,Dataset\Training\meningioma\Tr-me_63.jpg
Training,meningioma,512,512,RGB,JPEG,Dataset\Training\meningioma\Tr-me_630.jpg
Training,meningioma,512,512,RGB,JPEG,Dataset\Training\meningioma\Tr-me_631.jpg
Training,meningioma,512,512,RGB,JPEG,Dataset\Training\meningioma\Tr-me_632.jpg
Training,meningioma,512,512,RGB,JPEG,Dataset\Training\meningioma\Tr-me_633.jpg
Training,meningioma,512,512,L,JPEG,Dataset\Training\meningioma\Tr-me_634.jpg
Training,meningioma,512,512,L,JPEG,Dataset\Training\meningioma\Tr-me_635.jpg
Training,meningioma,512,512,L,JPEG,Dataset\Training\meningioma\Tr-me_636.jpg
Training,meningioma,229,223,RGB,JPEG,Dataset\Training\meningioma\Tr-me_637.jpg
Training,meningioma,512,512,RGB,JPEG,Dataset\Training\meningioma\Tr-me_638.jpg
Training,meningioma,528,581,RGB,JPEG,Dataset\Training\meningioma\Tr-me_639.jpg
Training,meningioma,512,512,RGB,JPEG,Dataset\Training\meningioma\Tr-me_64.jpg
Training,meningioma,512,512,RGB,JPEG,Dataset\Training\meningioma\Tr-me_640.jpg
Training,meningioma,512,512,L,JPEG,Dataset\Training\meningioma\Tr-me_641.jpg
Training,meningioma,512,512,RGB,JPEG,Dataset\Training\meningioma\Tr-me_642.jpg
Training,meningioma,512,512,L,JPEG,Dataset\Training\meningioma\Tr-me_643.jpg
Training,meningioma,512,512,RGB,JPEG,Dataset\Training\meningioma\Tr-me_644.jpg
Training,meningioma,512,512,L,JPEG,Dataset\Training\meningioma\Tr-me_645.jpg
Training,meningioma,512,512,RGB,JPEG,Dataset\Training\meningioma\Tr-me_646.jpg
Training,meningioma,512,512,RGB,JPEG,Dataset\Training\meningioma\Tr-me_647.jpg
Training,meningioma,512,512,L,JPEG,Dataset\Training\meningioma\Tr-me_648.jpg
Training,meningioma,512,512,L,JPEG,Dataset\Training\meningioma\Tr-me_649.jpg
Training,meningioma,512,512,L,JPEG,Dataset\Training\meningioma\Tr-me_65.jpg
Training,meningioma,512,512,L,JPEG,Dataset\Training\meningioma\Tr-me_650.jpg
Training,meningioma,512,512,L,JPEG,Dataset\Training\meningioma\Tr-me_651.jpg
Training,meningioma,512,512,L,JPEG,Dataset\Training\meningioma\Tr-me_652.jpg
Training,meningioma,512,512,RGB,JPEG,Dataset\Training\meningioma\Tr-me_653.jpg
Training,meningioma,512,512,L,JPEG,Dataset\Training\meningioma\Tr-me_654.jpg
Training,meningioma,512,512,L,JPEG,Dataset\Training\meningioma\Tr-me_655.jpg
Training,meningioma,512,512,RGB,JPEG,Dataset\Training\meningioma\Tr-me_656.jpg
Training,meningioma,512,512,RGB,JPEG,Dataset\Training\meningioma\Tr-me_657.jpg
Training,meningioma,512,512,RGB,JPEG,Dataset\Training\meningioma\Tr-me_658.jpg
Training,meningioma,512,512,RGB,JPEG,Dataset\Training\meningioma\Tr-me_659.jpg
Training,meningioma,512,512,L,JPEG,Dataset\Training\meningioma\Tr-me_66.jpg
Training,meningioma,512,512,RGB,JPEG,Dataset\Training\meningioma\Tr-me_660.jpg
Training,meningioma,225,225,RGB,JPEG,Dataset\Training\meningioma\Tr-me_661.jpg
Training,meningioma,512,512,RGB,JPEG,Dataset\Training\meningioma\Tr-me_662.jpg
Training,meningioma,512,512,L,JPEG,Dataset\Training\meningioma\Tr-me_663.jpg
Training,meningioma,512,512,RGB,JPEG,Dataset\Training\meningioma\Tr-me_664.jpg
Training,meningioma,512,512,RGB,JPEG,Dataset\Training\meningioma\Tr-me_665.jpg
Training,meningioma,212,237,RGB,JPEG,Dataset\Training\meningioma\Tr-me_666.jpg
Training,meningioma,512,512,L,JPEG,Dataset\Training\meningioma\Tr-me_667.jpg
Training,meningioma,512,512,RGB,JPEG,Dataset\Training\meningioma\Tr-me_668.jpg
Training,meningioma,512,512,RGB,JPEG,Dataset\Training\meningioma\Tr-me_669.jpg
Training,meningioma,512,512,L,JPEG,Dataset\Training\meningioma\Tr-me_67.jpg
Training,meningioma,512,512,RGB,JPEG,Dataset\Training\meningioma\Tr-me_670.jpg
Training,meningioma,512,512,RGB,JPEG,Dataset\Training\meningioma\Tr-me_671.jpg
Training,meningioma,512,512,RGB,JPEG,Dataset\Training\meningioma\Tr-me_672.jpg
Training,meningioma,512,512,RGB,JPEG,Dataset\Training\meningioma\Tr-me_673.jpg
Training,meningioma,512,512,RGB,JPEG,Dataset\Training\meningioma\Tr-me_674.jpg
Training,meningioma,512,512,L,JPEG,Dataset\Training\meningioma\Tr-me_675.jpg
Training,meningioma,512,512,RGB,JPEG,Dataset\Training\meningioma\Tr-me_676.jpg
Training,meningioma,512,512,RGB,JPEG,Dataset\Training\meningioma\Tr-me_677.jpg
Training,meningioma,206,245,RGB,JPEG,Dataset\Training\meningioma\Tr-me_678.jpg
Training,meningioma,513,522,RGB,JPEG,Dataset\Training\meningioma\Tr-me_679.jpg
Training,meningioma,512,512,L,JPEG,Dataset\Training\meningioma\Tr-me_68.jpg
Training,meningioma,512,512,L,JPEG,Dataset\Training\meningioma\Tr-me_680.jpg
Training,meningioma,512,512,RGB,JPEG,Dataset\Training\meningioma\Tr-me_681.jpg
Training,meningioma,512,512,RGB,JPEG,Dataset\Training\meningioma\Tr-me_682.jpg
Training,meningioma,512,512,L,JPEG,Dataset\Training\meningioma\Tr-me_683.jpg
Training,meningioma,313,393,RGB,JPEG,Dataset\Training\meningioma\Tr-me_684.jpg
Training,meningioma,512,512,RGB,JPEG,Dataset\Training\meningioma\Tr-me_685.jpg
Training,meningioma,512,512,L,JPEG,Dataset\Training\meningioma\Tr-me_686.jpg
Training,meningioma,512,512,RGB,JPEG,Dataset\Training\meningioma\Tr-me_687.jpg
Training,meningioma,441,427,RGB,JPEG,Dataset\Training\meningioma\Tr-me_688.jpg
Training,meningioma,512,512,RGB,JPEG,Dataset\Training\meningioma\Tr-me_689.jpg
Training,meningioma,512,512,L,JPEG,Dataset\Training\meningioma\Tr-me_69.jpg
Training,meningioma,512,512,RGB,JPEG,Dataset\Training\meningioma\Tr-me_690.jpg
Training,meningioma,512,512,RGB,JPEG,Dataset\Training\meningioma\Tr-me_691.jpg
Training,meningioma,512,512,L,JPEG,Dataset\Training\meningioma\Tr-me_692.jpg
Training,meningioma,512,512,RGB,JPEG,Dataset\Training\meningioma\Tr-me_693.jpg
Training,meningioma,209,225,RGB,JPEG,Dataset\Training\meningioma\Tr-me_694.jpg
Training,meningioma,512,512,RGB,JPEG,Dataset\Training\meningioma\Tr-me_695.jpg
Training,meningioma,512,512,L,JPEG,Dataset\Training\meningioma\Tr-me_696.jpg
Training,meningioma,512,512,RGB,JPEG,Dataset\Training\meningioma\Tr-me_697.jpg
Training,meningioma,512,512,RGB,JPEG,Dataset\Training\meningioma\Tr-me_698.jpg
Training,meningioma,512,512,RGB,JPEG,Dataset\Training\meningioma\Tr-me_699.jpg
Training,meningioma,512,512,RGB,JPEG,Dataset\Training\meningioma\Tr-me_7.jpg
Training,meningioma,512,512,L,JPEG,Dataset\Training\meningioma\Tr-me_70.jpg
Training,meningioma,512,512,RGB,JPEG,Dataset\Training\meningioma\Tr-me_700.jpg
Training,meningioma,512,512,RGB,JPEG,Dataset\Training\meningioma\Tr-me_701.jpg
Training,meningioma,512,512,RGB,JPEG,Dataset\Training\meningioma\Tr-me_702.jpg
Training,meningioma,512,512,L,JPEG,Dataset\Training\meningioma\Tr-me_703.jpg
Training,meningioma,512,512,L,JPEG,Dataset\Training\meningioma\Tr-me_704.jpg
Training,meningioma,512,512,L,JPEG,Dataset\Training\meningioma\Tr-me_705.jpg
Training,meningioma,216,216,RGB,JPEG,Dataset\Training\meningioma\Tr-me_706.jpg
Training,meningioma,512,512,L,JPEG,Dataset\Training\meningioma\Tr-me_707.jpg
Training,meningioma,512,512,RGB,JPEG,Dataset\Training\meningioma\Tr-me_708.jpg
Training,meningioma,512,512,RGB,JPEG,Dataset\Training\meningioma\Tr-me_709.jpg
Training,meningioma,512,512,RGB,JPEG,Dataset\Training\meningioma\Tr-me_71.jpg
Training,meningioma,512,512,L,JPEG,Dataset\Training\meningioma\Tr-me_710.jpg
Training,meningioma,512,512,L,JPEG,Dataset\Training\meningioma\Tr-me_711.jpg
Training,meningioma,512,512,L,JPEG,Dataset\Training\meningioma\Tr-me_712.jpg
Training,meningioma,512,512,L,JPEG,Dataset\Training\meningioma\Tr-me_713.jpg
Training,meningioma,554,554,RGB,JPEG,Dataset\Training\meningioma\Tr-me_714.jpg
Training,meningioma,330,355,RGB,JPEG,Dataset\Training\meningioma\Tr-me_715.jpg
Training,meningioma,512,512,L,JPEG,Dataset\Training\meningioma\Tr-me_716.jpg
Training,meningioma,315,341,RGB,JPEG,Dataset\Training\meningioma\Tr-me_717.jpg
Training,meningioma,512,512,L,JPEG,Dataset\Training\meningioma\Tr-me_718.jpg
Training,meningioma,512,512,L,JPEG,Dataset\Training\meningioma\Tr-me_719.jpg
Training,meningioma,512,512,L,JPEG,Dataset\Training\meningioma\Tr-me_72.jpg
Training,meningioma,512,512,RGB,JPEG,Dataset\Training\meningioma\Tr-me_720.jpg
Training,meningioma,512,512,RGB,JPEG,Dataset\Training\meningioma\Tr-me_721.jpg
Training,meningioma,512,512,L,JPEG,Dataset\Training\meningioma\Tr-me_722.jpg
Training,meningioma,512,512,RGB,JPEG,Dataset\Training\meningioma\Tr-me_723.jpg
Training,meningioma,512,512,L,JPEG,Dataset\Training\meningioma\Tr-me_724.jpg
Training,meningioma,512,512,RGB,JPEG,Dataset\Training\meningioma\Tr-me_725.jpg
Training,meningioma,213,237,RGB,JPEG,Dataset\Training\meningioma\Tr-me_726.jpg
Training,meningioma,512,512,L,JPEG,Dataset\Training\meningioma\Tr-me_727.jpg
Training,meningioma,512,512,RGB,JPEG,Dataset\Training\meningioma\Tr-me_728.jpg
Training,meningioma,512,512,RGB,JPEG,Dataset\Training\meningioma\Tr-me_729.jpg
Training,meningioma,512,512,L,JPEG,Dataset\Training\meningioma\Tr-me_73.jpg
Training,meningioma,512,512,L,JPEG,Dataset\Training\meningioma\Tr-me_730.jpg
Training,meningioma,512,512,L,JPEG,Dataset\Training\meningioma\Tr-me_731.jpg
Training,meningioma,512,512,RGB,JPEG,Dataset\Training\meningioma\Tr-me_732.jpg
Training,meningioma,512,512,RGB,JPEG,Dataset\Training\meningioma\Tr-me_733.jpg
Training,meningioma,512,512,L,JPEG,Dataset\Training\meningioma\Tr-me_734.jpg
Training,meningioma,512,512,RGB,JPEG,Dataset\Training\meningioma\Tr-me_735.jpg
Training,meningioma,512,512,RGB,JPEG,Dataset\Training\meningioma\Tr-me_736.jpg
Training,meningioma,212,238,RGB,JPEG,Dataset\Training\meningioma\Tr-me_737.jpg
Training,meningioma,512,512,L,JPEG,Dataset\Training\meningioma\Tr-me_738.jpg
Training,meningioma,512,512,RGB,JPEG,Dataset\Training\meningioma\Tr-me_739.jpg
Training,meningioma,512,512,RGB,JPEG,Dataset\Training\meningioma\Tr-me_74.jpg
Training,meningioma,221,228,RGB,JPEG,Dataset\Training\meningioma\Tr-me_740.jpg
Training,meningioma,512,512,RGB,JPEG,Dataset\Training\meningioma\Tr-me_741.jpg
Training,meningioma,512,512,L,JPEG,Dataset\Training\meningioma\Tr-me_742.jpg
Training,meningioma,512,512,L,JPEG,Dataset\Training\meningioma\Tr-me_743.jpg
Training,meningioma,512,512,L,JPEG,Dataset\Training\meningioma\Tr-me_744.jpg
Training,meningioma,512,512,L,JPEG,Dataset\Training\meningioma\Tr-me_745.jpg
Training,meningioma,512,512,RGB,JPEG,Dataset\Training\meningioma\Tr-me_746.jpg
Training,meningioma,512,512,RGB,JPEG,Dataset\Training\meningioma\Tr-me_747.jpg
Training,meningioma,512,512,RGB,JPEG,Dataset\Training\meningioma\Tr-me_748.jpg
Training,meningioma,512,512,RGB,JPEG,Dataset\Training\meningioma\Tr-me_749.jpg
Training,meningioma,512,512,RGB,JPEG,Dataset\Training\meningioma\Tr-me_75.jpg
Training,meningioma,512,512,L,JPEG,Dataset\Training\meningioma\Tr-me_750.jpg
Training,meningioma,512,512,RGB,JPEG,Dataset\Training\meningioma\Tr-me_751.jpg
Training,meningioma,512,512,L,JPEG,Dataset\Training\meningioma\Tr-me_752.jpg
Training,meningioma,252,303,RGB,JPEG,Dataset\Training\meningioma\Tr-me_753.jpg
Training,meningioma,512,512,L,JPEG,Dataset\Training\meningioma\Tr-me_754.jpg
Training,meningioma,512,512,L,JPEG,Dataset\Training\meningioma\Tr-me_755.jpg
Training,meningioma,512,512,RGB,JPEG,Dataset\Training\meningioma\Tr-me_756.jpg
Training,meningioma,512,512,RGB,JPEG,Dataset\Training\meningioma\Tr-me_757.jpg
Training,meningioma,201,251,RGB,JPEG,Dataset\Training\meningioma\Tr-me_758.jpg
Training,meningioma,512,512,RGB,JPEG,Dataset\Training\meningioma\Tr-me_759.jpg
Training,meningioma,512,512,RGB,JPEG,Dataset\Training\meningioma\Tr-me_76.jpg
Training,meningioma,314,358,RGB,JPEG,Dataset\Training\meningioma\Tr-me_760.jpg
Training,meningioma,512,512,L,JPEG,Dataset\Training\meningioma\Tr-me_761.jpg
Training,meningioma,512,512,RGB,JPEG,Dataset\Training\meningioma\Tr-me_762.jpg
Training,meningioma,512,512,L,JPEG,Dataset\Training\meningioma\Tr-me_763.jpg
Training,meningioma,512,512,RGB,JPEG,Dataset\Training\meningioma\Tr-me_764.jpg
Training,meningioma,512,512,L,JPEG,Dataset\Training\meningioma\Tr-me_765.jpg
Training,meningioma,512,512,RGB,JPEG,Dataset\Training\meningioma\Tr-me_766.jpg
Training,meningioma,512,512,L,JPEG,Dataset\Training\meningioma\Tr-me_767.jpg
Training,meningioma,512,512,RGB,JPEG,Dataset\Training\meningioma\Tr-me_768.jpg
Training,meningioma,512,512,L,JPEG,Dataset\Training\meningioma\Tr-me_769.jpg
Training,meningioma,512,512,L,JPEG,Dataset\Training\meningioma\Tr-me_77.jpg
Training,meningioma,512,512,L,JPEG,Dataset\Training\meningioma\Tr-me_770.jpg
Training,meningioma,341,372,RGB,JPEG,Dataset\Training\meningioma\Tr-me_771.jpg
Training,meningioma,512,512,L,JPEG,Dataset\Training\meningioma\Tr-me_772.jpg
Training,meningioma,512,512,L,JPEG,Dataset\Training\meningioma\Tr-me_773.jpg
Training,meningioma,512,512,L,JPEG,Dataset\Training\meningioma\Tr-me_774.jpg
Training,meningioma,512,512,RGB,JPEG,Dataset\Training\meningioma\Tr-me_775.jpg
Training,meningioma,291,340,RGB,JPEG,Dataset\Training\meningioma\Tr-me_776.jpg
Training,meningioma,512,512,RGB,JPEG,Dataset\Training\meningioma\Tr-me_777.jpg
Training,meningioma,512,512,RGB,JPEG,Dataset\Training\meningioma\Tr-me_778.jpg
Training,meningioma,512,512,RGB,JPEG,Dataset\Training\meningioma\Tr-me_779.jpg
Training,meningioma,512,512,L,JPEG,Dataset\Training\meningioma\Tr-me_78.jpg
Training,meningioma,512,512,RGB,JPEG,Dataset\Training\meningioma\Tr-me_780.jpg
Training,meningioma,512,512,L,JPEG,Dataset\Training\meningioma\Tr-me_781.jpg
Training,meningioma,512,512,L,JPEG,Dataset\Training\meningioma\Tr-me_782.jpg
Training,meningioma,512,512,L,JPEG,Dataset\Training\meningioma\Tr-me_783.jpg
Training,meningioma,512,512,L,JPEG,Dataset\Training\meningioma\Tr-me_784.jpg
Training,meningioma,512,512,L,JPEG,Dataset\Training\meningioma\Tr-me_785.jpg
Training,meningioma,512,512,L,JPEG,Dataset\Training\meningioma\Tr-me_786.jpg
Training,meningioma,512,512,RGB,JPEG,Dataset\Training\meningioma\Tr-me_787.jpg
Training,meningioma,512,512,RGB,JPEG,Dataset\Training\meningioma\Tr-me_788.jpg
Training,meningioma,512,512,L,JPEG,Dataset\Training\meningioma\Tr-me_789.jpg
Training,meningioma,512,512,RGB,JPEG,Dataset\Training\meningioma\Tr-me_79.jpg
Training,meningioma,512,512,RGB,JPEG,Dataset\Training\meningioma\Tr-me_790.jpg
Training,meningioma,512,512,RGB,JPEG,Dataset\Training\meningioma\Tr-me_791.jpg
Training,meningioma,512,512,L,JPEG,Dataset\Training\meningioma\Tr-me_792.jpg
Training,meningioma,512,512,L,JPEG,Dataset\Training\meningioma\Tr-me_793.jpg
Training,meningioma,512,512,L,JPEG,Dataset\Training\meningioma\Tr-me_794.jpg
Training,meningioma,512,512,L,JPEG,Dataset\Training\meningioma\Tr-me_795.jpg
Training,meningioma,226,223,RGB,JPEG,Dataset\Training\meningioma\Tr-me_796.jpg
Training,meningioma,512,512,RGB,JPEG,Dataset\Training\meningioma\Tr-me_797.jpg
Training,meningioma,512,512,RGB,JPEG,Dataset\Training\meningioma\Tr-me_798.jpg
Training,meningioma,224,219,RGB,JPEG,Dataset\Training\meningioma\Tr-me_799.jpg
Training,meningioma,512,512,L,JPEG,Dataset\Training\meningioma\Tr-me_8.jpg
Training,meningioma,512,512,RGB,JPEG,Dataset\Training\meningioma\Tr-me_80.jpg
Training,meningioma,512,512,RGB,JPEG,Dataset\Training\meningioma\Tr-me_800.jpg
Training,meningioma,512,512,RGB,JPEG,Dataset\Training\meningioma\Tr-me_801.jpg
Training,meningioma,512,512,L,JPEG,Dataset\Training\meningioma\Tr-me_802.jpg
Training,meningioma,512,512,RGB,JPEG,Dataset\Training\meningioma\Tr-me_803.jpg
Training,meningioma,512,512,RGB,JPEG,Dataset\Training\meningioma\Tr-me_804.jpg
Training,meningioma,512,512,L,JPEG,Dataset\Training\meningioma\Tr-me_805.jpg
Training,meningioma,512,512,L,JPEG,Dataset\Training\meningioma\Tr-me_806.jpg
Training,meningioma,512,512,L,JPEG,Dataset\Training\meningioma\Tr-me_807.jpg
Training,meningioma,512,512,L,JPEG,Dataset\Training\meningioma\Tr-me_808.jpg
Training,meningioma,512,512,RGB,JPEG,Dataset\Training\meningioma\Tr-me_809.jpg
Training,meningioma,512,512,L,JPEG,Dataset\Training\meningioma\Tr-me_81.jpg
Training,meningioma,512,512,RGB,JPEG,Dataset\Training\meningioma\Tr-me_810.jpg
Training,meningioma,420,264,RGB,JPEG,Dataset\Training\meningioma\Tr-me_811.jpg
Training,meningioma,512,512,RGB,JPEG,Dataset\Training\meningioma\Tr-me_812.jpg
Training,meningioma,512,512,L,JPEG,Dataset\Training\meningioma\Tr-me_813.jpg
Training,meningioma,512,512,RGB,JPEG,Dataset\Training\meningioma\Tr-me_814.jpg
Training,meningioma,512,512,L,JPEG,Dataset\Training\meningioma\Tr-me_815.jpg
Training,meningioma,512,512,RGB,JPEG,Dataset\Training\meningioma\Tr-me_816.jpg
Training,meningioma,512,512,RGB,JPEG,Dataset\Training\meningioma\Tr-me_817.jpg
Training,meningioma,512,512,RGB,JPEG,Dataset\Training\meningioma\Tr-me_818.jpg
Training,meningioma,512,512,RGB,JPEG,Dataset\Training\meningioma\Tr-me_819.jpg
Training,meningioma,512,512,RGB,JPEG,Dataset\Training\meningioma\Tr-me_82.jpg
Training,meningioma,512,512,RGB,JPEG,Dataset\Training\meningioma\Tr-me_820.jpg
Training,meningioma,512,512,L,JPEG,Dataset\Training\meningioma\Tr-me_821.jpg
Training,meningioma,512,512,RGB,JPEG,Dataset\Training\meningioma\Tr-me_822.jpg
Training,meningioma,512,512,RGB,JPEG,Dataset\Training\meningioma\Tr-me_823.jpg
Training,meningioma,512,512,L,JPEG,Dataset\Training\meningioma\Tr-me_824.jpg
Training,meningioma,512,512,RGB,JPEG,Dataset\Training\meningioma\Tr-me_825.jpg
Training,meningioma,512,512,RGB,JPEG,Dataset\Training\meningioma\Tr-me_826.jpg
Training,meningioma,512,512,L,JPEG,Dataset\Training\meningioma\Tr-me_827.jpg
Training,meningioma,512,512,L,JPEG,Dataset\Training\meningioma\Tr-me_828.jpg
Training,meningioma,512,512,L,JPEG,Dataset\Training\meningioma\Tr-me_829.jpg
Training,meningioma,512,512,L,JPEG,Dataset\Training\meningioma\Tr-me_83.jpg
Training,meningioma,512,512,L,JPEG,Dataset\Training\meningioma\Tr-me_830.jpg
Training,meningioma,512,512,L,JPEG,Dataset\Training\meningioma\Tr-me_831.jpg
Training,meningioma,512,512,RGB,JPEG,Dataset\Training\meningioma\Tr-me_832.jpg
Training,meningioma,512,512,RGB,JPEG,Dataset\Training\meningioma\Tr-me_833.jpg
Training,meningioma,512,512,RGB,JPEG,Dataset\Training\meningioma\Tr-me_834.jpg
Training,meningioma,512,512,L,JPEG,Dataset\Training\meningioma\Tr-me_835.jpg
Training,meningioma,512,512,RGB,JPEG,Dataset\Training\meningioma\Tr-me_836.jpg
Training,meningioma,512,512,L,JPEG,Dataset\Training\meningioma\Tr-me_837.jpg
Training,meningioma,512,512,L,JPEG,Dataset\Training\meningioma\Tr-me_838.jpg
Training,meningioma,512,512,RGB,JPEG,Dataset\Training\meningioma\Tr-me_839.jpg
Training,meningioma,512,512,RGB,JPEG,Dataset\Training\meningioma\Tr-me_84.jpg
Training,meningioma,512,512,RGB,JPEG,Dataset\Training\meningioma\Tr-me_840.jpg
Training,meningioma,512,512,L,JPEG,Dataset\Training\meningioma\Tr-me_841.jpg
Training,meningioma,512,512,L,JPEG,Dataset\Training\meningioma\Tr-me_842.jpg
Training,meningioma,512,512,L,JPEG,Dataset\Training\meningioma\Tr-me_843.jpg
Training,meningioma,512,512,L,JPEG,Dataset\Training\meningioma\Tr-me_844.jpg
Training,meningioma,200,236,RGB,JPEG,Dataset\Training\meningioma\Tr-me_845.jpg
Training,meningioma,209,241,RGB,JPEG,Dataset\Training\meningioma\Tr-me_846.jpg
Training,meningioma,512,512,L,JPEG,Dataset\Training\meningioma\Tr-me_847.jpg
Training,meningioma,512,512,RGB,JPEG,Dataset\Training\meningioma\Tr-me_848.jpg
Training,meningioma,512,512,RGB,JPEG,Dataset\Training\meningioma\Tr-me_849.jpg
Training,meningioma,512,512,L,JPEG,Dataset\Training\meningioma\Tr-me_85.jpg
Training,meningioma,512,512,RGB,JPEG,Dataset\Training\meningioma\Tr-me_850.jpg
Training,meningioma,512,512,RGB,JPEG,Dataset\Training\meningioma\Tr-me_851.jpg
Training,meningioma,512,512,L,JPEG,Dataset\Training\meningioma\Tr-me_852.jpg
Training,meningioma,512,512,RGB,JPEG,Dataset\Training\meningioma\Tr-me_853.jpg
Training,meningioma,512,512,RGB,JPEG,Dataset\Training\meningioma\Tr-me_854.jpg
Training,meningioma,512,512,L,JPEG,Dataset\Training\meningioma\Tr-me_855.jpg
Training,meningioma,512,512,L,JPEG,Dataset\Training\meningioma\Tr-me_856.jpg
Training,meningioma,512,512,RGB,JPEG,Dataset\Training\meningioma\Tr-me_857.jpg
Training,meningioma,298,354,RGB,JPEG,Dataset\Training\meningioma\Tr-me_858.jpg
Training,meningioma,512,512,L,JPEG,Dataset\Training\meningioma\Tr-me_859.jpg
Training,meningioma,455,500,RGB,JPEG,Dataset\Training\meningioma\Tr-me_86.jpg
Training,meningioma,512,512,L,JPEG,Dataset\Training\meningioma\Tr-me_860.jpg
Training,meningioma,512,512,RGB,JPEG,Dataset\Training\meningioma\Tr-me_861.jpg
Training,meningioma,225,225,RGB,JPEG,Dataset\Training\meningioma\Tr-me_862.jpg
Training,meningioma,512,512,L,JPEG,Dataset\Training\meningioma\Tr-me_863.jpg
Training,meningioma,512,512,L,JPEG,Dataset\Training\meningioma\Tr-me_864.jpg
Training,meningioma,290,342,RGB,JPEG,Dataset\Training\meningioma\Tr-me_865.jpg
Training,meningioma,512,512,RGB,JPEG,Dataset\Training\meningioma\Tr-me_866.jpg
Training,meningioma,257,320,RGB,JPEG,Dataset\Training\meningioma\Tr-me_867.jpg
Training,meningioma,512,512,L,JPEG,Dataset\Training\meningioma\Tr-me_868.jpg
Training,meningioma,512,512,RGB,JPEG,Dataset\Training\meningioma\Tr-me_869.jpg
Training,meningioma,512,512,L,JPEG,Dataset\Training\meningioma\Tr-me_87.jpg
Training,meningioma,512,512,RGB,JPEG,Dataset\Training\meningioma\Tr-me_870.jpg
Training,meningioma,512,512,RGB,JPEG,Dataset\Training\meningioma\Tr-me_871.jpg
Training,meningioma,512,512,RGB,JPEG,Dataset\Training\meningioma\Tr-me_872.jpg
Training,meningioma,512,512,RGB,JPEG,Dataset\Training\meningioma\Tr-me_873.jpg
Training,meningioma,512,512,RGB,JPEG,Dataset\Training\meningioma\Tr-me_874.jpg
Training,meningioma,512,512,RGB,JPEG,Dataset\Training\meningioma\Tr-me_875.jpg
Training,meningioma,512,512,L,JPEG,Dataset\Training\meningioma\Tr-me_876.jpg
Training,meningioma,239,224,RGB,JPEG,Dataset\Training\meningioma\Tr-me_877.jpg
Training,meningioma,512,512,L,JPEG,Dataset\Training\meningioma\Tr-me_878.jpg
Training,meningioma,512,512,L,JPEG,Dataset\Training\meningioma\Tr-me_879.jpg
Training,meningioma,512,512,RGB,JPEG,Dataset\Training\meningioma\Tr-me_88.jpg
Training,meningioma,200,252,RGB,JPEG,Dataset\Training\meningioma\Tr-me_880.jpg
Training,meningioma,512,512,L,JPEG,Dataset\Training\meningioma\Tr-me_881.jpg
Training,meningioma,512,512,RGB,JPEG,Dataset\Training\meningioma\Tr-me_882.jpg
Training,meningioma,512,512,L,JPEG,Dataset\Training\meningioma\Tr-me_883.jpg
Training,meningioma,512,512,RGB,JPEG,Dataset\Training\meningioma\Tr-me_884.jpg
Training,meningioma,512,512,L,JPEG,Dataset\Training\meningioma\Tr-me_885.jpg
Training,meningioma,512,512,RGB,JPEG,Dataset\Training\meningioma\Tr-me_886.jpg
Training,meningioma,512,512,L,JPEG,Dataset\Training\meningioma\Tr-me_887.jpg
Training,meningioma,512,512,RGB,JPEG,Dataset\Training\meningioma\Tr-me_888.jpg
Training,meningioma,512,512,L,JPEG,Dataset\Training\meningioma\Tr-me_889.jpg
Training,meningioma,512,512,L,JPEG,Dataset\Training\meningioma\Tr-me_89.jpg
Training,meningioma,512,512,RGB,JPEG,Dataset\Training\meningioma\Tr-me_890.jpg
Training,meningioma,512,512,L,JPEG,Dataset\Training\meningioma\Tr-me_891.jpg
Training,meningioma,512,512,L,JPEG,Dataset\Training\meningioma\Tr-me_892.jpg
Training,meningioma,512,512,RGB,JPEG,Dataset\Training\meningioma\Tr-me_893.jpg
Training,meningioma,512,512,RGB,JPEG,Dataset\Training\meningioma\Tr-me_894.jpg
Training,meningioma,512,512,RGB,JPEG,Dataset\Training\meningioma\Tr-me_895.jpg
Training,meningioma,512,512,RGB,JPEG,Dataset\Training\meningioma\Tr-me_896.jpg
Training,meningioma,300,258,RGB,JPEG,Dataset\Training\meningioma\Tr-me_897.jpg
Training,meningioma,512,512,RGB,JPEG,Dataset\Training\meningioma\Tr-me_898.jpg
Training,meningioma,512,512,RGB,JPEG,Dataset\Training\meningioma\Tr-me_899.jpg
Training,meningioma,512,512,RGB,JPEG,Dataset\Training\meningioma\Tr-me_9.jpg
Training,meningioma,512,512,L,JPEG,Dataset\Training\meningioma\Tr-me_90.jpg
Training,meningioma,512,512,RGB,JPEG,Dataset\Training\meningioma\Tr-me_900.jpg
Training,meningioma,512,512,RGB,JPEG,Dataset\Training\meningioma\Tr-me_901.jpg
Training,meningioma,512,512,L,JPEG,Dataset\Training\meningioma\Tr-me_902.jpg
Training,meningioma,512,512,L,JPEG,Dataset\Training\meningioma\Tr-me_903.jpg
Training,meningioma,512,512,RGB,JPEG,Dataset\Training\meningioma\Tr-me_904.jpg
Training,meningioma,369,398,RGB,JPEG,Dataset\Training\meningioma\Tr-me_905.jpg
Training,meningioma,512,512,RGB,JPEG,Dataset\Training\meningioma\Tr-me_906.jpg
Training,meningioma,512,512,L,JPEG,Dataset\Training\meningioma\Tr-me_907.jpg
Training,meningioma,512,512,L,JPEG,Dataset\Training\meningioma\Tr-me_908.jpg
Training,meningioma,512,512,L,JPEG,Dataset\Training\meningioma\Tr-me_909.jpg
Training,meningioma,512,512,RGB,JPEG,Dataset\Training\meningioma\Tr-me_91.jpg
Training,meningioma,512,512,RGB,JPEG,Dataset\Training\meningioma\Tr-me_910.jpg
Training,meningioma,512,512,RGB,JPEG,Dataset\Training\meningioma\Tr-me_911.jpg
Training,meningioma,512,512,RGB,JPEG,Dataset\Training\meningioma\Tr-me_912.jpg
Training,meningioma,512,512,RGB,JPEG,Dataset\Training\meningioma\Tr-me_913.jpg
Training,meningioma,512,512,L,JPEG,Dataset\Training\meningioma\Tr-me_914.jpg
Training,meningioma,512,512,L,JPEG,Dataset\Training\meningioma\Tr-me_915.jpg
Training,meningioma,512,512,RGB,JPEG,Dataset\Training\meningioma\Tr-me_916.jpg
Training,meningioma,512,512,L,JPEG,Dataset\Training\meningioma\Tr-me_917.jpg
Training,meningioma,512,512,L,JPEG,Dataset\Training\meningioma\Tr-me_918.jpg
Training,meningioma,512,512,L,JPEG,Dataset\Training\meningioma\Tr-me_919.jpg
Training,meningioma,512,512,RGB,JPEG,Dataset\Training\meningioma\Tr-me_92.jpg
Training,meningioma,262,308,RGB,JPEG,Dataset\Training\meningioma\Tr-me_920.jpg
Training,meningioma,512,512,L,JPEG,Dataset\Training\meningioma\Tr-me_921.jpg
Training,meningioma,512,512,L,JPEG,Dataset\Training\meningioma\Tr-me_922.jpg
Training,meningioma,512,512,RGB,JPEG,Dataset\Training\meningioma\Tr-me_923.jpg
Training,meningioma,512,512,L,JPEG,Dataset\Training\meningioma\Tr-me_924.jpg
Training,meningioma,497,320,RGB,JPEG,Dataset\Training\meningioma\Tr-me_925.jpg
Training,meningioma,512,512,RGB,JPEG,Dataset\Training\meningioma\Tr-me_926.jpg
Training,meningioma,512,512,RGB,JPEG,Dataset\Training\meningioma\Tr-me_927.jpg
Training,meningioma,512,512,RGB,JPEG,Dataset\Training\meningioma\Tr-me_928.jpg
Training,meningioma,512,512,L,JPEG,Dataset\Training\meningioma\Tr-me_929.jpg
Training,meningioma,512,512,L,JPEG,Dataset\Training\meningioma\Tr-me_93.jpg
Training,meningioma,512,512,RGB,JPEG,Dataset\Training\meningioma\Tr-me_930.jpg
Training,meningioma,512,512,RGB,JPEG,Dataset\Training\meningioma\Tr-me_931.jpg
Training,meningioma,512,512,RGB,JPEG,Dataset\Training\meningioma\Tr-me_932.jpg
Training,meningioma,512,512,RGB,JPEG,Dataset\Training\meningioma\Tr-me_933.jpg
Training,meningioma,512,512,L,JPEG,Dataset\Training\meningioma\Tr-me_934.jpg
Training,meningioma,512,512,L,JPEG,Dataset\Training\meningioma\Tr-me_935.jpg
Training,meningioma,329,314,RGB,JPEG,Dataset\Training\meningioma\Tr-me_936.jpg
Training,meningioma,512,512,RGB,JPEG,Dataset\Training\meningioma\Tr-me_937.jpg
Training,meningioma,512,512,RGB,JPEG,Dataset\Training\meningioma\Tr-me_938.jpg
Training,meningioma,512,512,RGB,JPEG,Dataset\Training\meningioma\Tr-me_939.jpg
Training,meningioma,512,512,RGB,JPEG,Dataset\Training\meningioma\Tr-me_94.jpg
Training,meningioma,512,512,L,JPEG,Dataset\Training\meningioma\Tr-me_940.jpg
Training,meningioma,512,512,L,JPEG,Dataset\Training\meningioma\Tr-me_941.jpg
Training,meningioma,180,218,RGB,JPEG,Dataset\Training\meningioma\Tr-me_942.jpg
Training,meningioma,512,512,RGB,JPEG,Dataset\Training\meningioma\Tr-me_943.jpg
Training,meningioma,512,512,L,JPEG,Dataset\Training\meningioma\Tr-me_944.jpg
Training,meningioma,512,512,L,JPEG,Dataset\Training\meningioma\Tr-me_945.jpg
Training,meningioma,215,234,RGB,JPEG,Dataset\Training\meningioma\Tr-me_946.jpg
Training,meningioma,512,512,RGB,JPEG,Dataset\Training\meningioma\Tr-me_947.jpg
Training,meningioma,512,512,L,JPEG,Dataset\Training\meningioma\Tr-me_948.jpg
Training,meningioma,512,512,RGB,JPEG,Dataset\Training\meningioma\Tr-me_949.jpg
Training,meningioma,512,512,RGB,JPEG,Dataset\Training\meningioma\Tr-me_95.jpg
Training,meningioma,512,512,L,JPEG,Dataset\Training\meningioma\Tr-me_950.jpg
Training,meningioma,512,512,RGB,JPEG,Dataset\Training\meningioma\Tr-me_951.jpg
Training,meningioma,512,512,RGB,JPEG,Dataset\Training\meningioma\Tr-me_952.jpg
Training,meningioma,512,512,L,JPEG,Dataset\Training\meningioma\Tr-me_953.jpg
Training,meningioma,442,442,RGB,JPEG,Dataset\Training\meningioma\Tr-me_954.jpg
Training,meningioma,507,340,RGB,JPEG,Dataset\Training\meningioma\Tr-me_955.jpg
Training,meningioma,512,512,RGB,JPEG,Dataset\Training\meningioma\Tr-me_956.jpg
Training,meningioma,341,377,RGB,JPEG,Dataset\Training\meningioma\Tr-me_957.jpg
Training,meningioma,512,512,RGB,JPEG,Dataset\Training\meningioma\Tr-me_958.jpg
Training,meningioma,512,512,RGB,JPEG,Dataset\Training\meningioma\Tr-me_959.jpg
Training,meningioma,512,512,RGB,JPEG,Dataset\Training\meningioma\Tr-me_96.jpg
Training,meningioma,225,225,RGB,JPEG,Dataset\Training\meningioma\Tr-me_960.jpg
Training,meningioma,512,512,RGB,JPEG,Dataset\Training\meningioma\Tr-me_961.jpg
Training,meningioma,257,307,RGB,JPEG,Dataset\Training\meningioma\Tr-me_962.jpg
Training,meningioma,512,512,RGB,JPEG,Dataset\Training\meningioma\Tr-me_963.jpg
Training,meningioma,512,512,L,JPEG,Dataset\Training\meningioma\Tr-me_964.jpg
Training,meningioma,722,690,RGB,JPEG,Dataset\Training\meningioma\Tr-me_965.jpg
Training,meningioma,512,512,RGB,JPEG,Dataset\Training\meningioma\Tr-me_966.jpg
Training,meningioma,512,512,L,JPEG,Dataset\Training\meningioma\Tr-me_967.jpg
Training,meningioma,512,512,L,JPEG,Dataset\Training\meningioma\Tr-me_968.jpg
Training,meningioma,512,512,RGB,JPEG,Dataset\Training\meningioma\Tr-me_969.jpg
Training,meningioma,512,512,L,JPEG,Dataset\Training\meningioma\Tr-me_97.jpg
Training,meningioma,512,512,L,JPEG,Dataset\Training\meningioma\Tr-me_970.jpg
Training,meningioma,512,512,L,JPEG,Dataset\Training\meningioma\Tr-me_971.jpg
Training,meningioma,512,512,RGB,JPEG,Dataset\Training\meningioma\Tr-me_972.jpg
Training,meningioma,512,512,L,JPEG,Dataset\Training\meningioma\Tr-me_973.jpg
Training,meningioma,512,512,L,JPEG,Dataset\Training\meningioma\Tr-me_974.jpg
Training,meningioma,512,512,RGB,JPEG,Dataset\Training\meningioma\Tr-me_975.jpg
Training,meningioma,512,512,L,JPEG,Dataset\Training\meningioma\Tr-me_976.jpg
Training,meningioma,512,512,L,JPEG,Dataset\Training\meningioma\Tr-me_977.jpg
Training,meningioma,512,512,RGB,JPEG,Dataset\Training\meningioma\Tr-me_978.jpg
Training,meningioma,512,512,L,JPEG,Dataset\Training\meningioma\Tr-me_979.jpg
Training,meningioma,512,512,RGB,JPEG,Dataset\Training\meningioma\Tr-me_98.jpg
Training,meningioma,239,248,RGB,JPEG,Dataset\Training\meningioma\Tr-me_980.jpg
Training,meningioma,512,512,L,JPEG,Dataset\Training\meningioma\Tr-me_981.jpg
Training,meningioma,512,512,RGB,JPEG,Dataset\Training\meningioma\Tr-me_982.jpg
Training,meningioma,512,512,L,JPEG,Dataset\Training\meningioma\Tr-me_983.jpg
Training,meningioma,512,512,RGB,JPEG,Dataset\Training\meningioma\Tr-me_984.jpg
Training,meningioma,512,512,L,JPEG,Dataset\Training\meningioma\Tr-me_985.jpg
Training,meningioma,512,512,RGB,JPEG,Dataset\Training\meningioma\Tr-me_986.jpg
Training,meningioma,512,512,L,JPEG,Dataset\Training\meningioma\Tr-me_987.jpg
Training,meningioma,512,512,RGB,JPEG,Dataset\Training\meningioma\Tr-me_988.jpg
Training,meningioma,512,512,RGB,JPEG,Dataset\Training\meningioma\Tr-me_989.jpg
Training,meningioma,507,605,RGB,JPEG,Dataset\Training\meningioma\Tr-me_99.jpg
Training,meningioma,512,512,RGB,JPEG,Dataset\Training\meningioma\Tr-me_990.jpg
Training,meningioma,512,512,L,JPEG,Dataset\Training\meningioma\Tr-me_991.jpg
Training,meningioma,512,512,L,JPEG,Dataset\Training\meningioma\Tr-me_992.jpg
Training,meningioma,512,512,RGB,JPEG,Dataset\Training\meningioma\Tr-me_993.jpg
Training,meningioma,512,512,RGB,JPEG,Dataset\Training\meningioma\Tr-me_994.jpg
Training,meningioma,512,512,RGB,JPEG,Dataset\Training\meningioma\Tr-me_995.jpg
Training,meningioma,512,512,RGB,JPEG,Dataset\Training\meningioma\Tr-me_996.jpg
Training,meningioma,512,512,L,JPEG,Dataset\Training\meningioma\Tr-me_997.jpg
Training,meningioma,512,512,RGB,JPEG,Dataset\Training\meningioma\Tr-me_998.jpg
Training,meningioma,512,512,RGB,JPEG,Dataset\Training\meningioma\Tr-me_999.jpg
Training,notumor,201,251,RGB,JPEG,Dataset\Training\notumor\Tr-no_1.jpg
Training,notumor,192,192,RGB,JPEG,Dataset\Training\notumor\Tr-no_10.jpg
Training,notumor,236,236,RGB,JPEG,Dataset\Training\notumor\Tr-no_100.jpg
Training,notumor,442,442,RGB,JPEG,Dataset\Training\notumor\Tr-no_1000.jpg
Training,notumor,232,217,RGB,JPEG,Dataset\Training\notumor\Tr-no_1001.jpg
Training,notumor,200,252,RGB,JPEG,Dataset\Training\notumor\Tr-no_1002.jpg
Training,notumor,236,252,RGB,JPEG,Dataset\Training\notumor\Tr-no_1003.jpg
Training,notumor,234,224,RGB,JPEG,Dataset\Training\notumor\Tr-no_1004.jpg
Training,notumor,275,183,RGB,JPEG,Dataset\Training\notumor\Tr-no_1005.jpg
Training,notumor,393,400,RGB,JPEG,Dataset\Training\notumor\Tr-no_1006.jpg
Training,notumor,528,528,RGB,JPEG,Dataset\Training\notumor\Tr-no_1007.jpg
Training,notumor,630,630,RGB,JPEG,Dataset\Training\notumor\Tr-no_1008.jpg
Training,notumor,236,213,RGB,JPEG,Dataset\Training\notumor\Tr-no_1009.jpg
Training,notumor,225,225,RGB,JPEG,Dataset\Training\notumor\Tr-no_101.jpg
Training,notumor,225,225,RGB,JPEG,Dataset\Training\notumor\Tr-no_1010.jpg
Training,notumor,626,686,RGB,JPEG,Dataset\Training\notumor\Tr-no_1011.jpg
Training,notumor,225,225,RGB,JPEG,Dataset\Training\notumor\Tr-no_1012.jpg
Training,notumor,442,454,RGB,JPEG,Dataset\Training\notumor\Tr-no_1013.jpg
Training,notumor,215,234,RGB,JPEG,Dataset\Training\notumor\Tr-no_1014.jpg
Training,notumor,393,400,RGB,JPEG,Dataset\Training\notumor\Tr-no_1015.jpg
Training,notumor,236,220,RGB,JPEG,Dataset\Training\notumor\Tr-no_1016.jpg
Training,notumor,642,361,RGB,JPEG,Dataset\Training\notumor\Tr-no_1017.jpg
Training,notumor,225,225,RGB,JPEG,Dataset\Training\notumor\Tr-no_1018.jpg
Training,notumor,236,236,RGB,JPEG,Dataset\Training\notumor\Tr-no_1019.jpg
Training,notumor,225,225,RGB,JPEG,Dataset\Training\notumor\Tr-no_102.jpg
Training,notumor,262,244,RGB,JPEG,Dataset\Training\notumor\Tr-no_1020.jpg
Training,notumor,339,415,RGB,JPEG,Dataset\Training\notumor\Tr-no_1021.jpg
Training,notumor,441,442,RGB,JPEG,Dataset\Training\notumor\Tr-no_1022.jpg
Training,notumor,630,630,RGB,JPEG,Dataset\Training\notumor\Tr-no_1023.jpg
Training,notumor,442,442,RGB,JPEG,Dataset\Training\notumor\Tr-no_1024.jpg
Training,notumor,216,293,RGB,JPEG,Dataset\Training\notumor\Tr-no_1025.jpg
Training,notumor,468,444,RGB,JPEG,Dataset\Training\notumor\Tr-no_1026.jpg
Training,notumor,225,225,RGB,JPEG,Dataset\Training\notumor\Tr-no_1027.jpg
Training,notumor,192,192,RGB,JPEG,Dataset\Training\notumor\Tr-no_1028.jpg
Training,notumor,630,630,RGB,JPEG,Dataset\Training\notumor\Tr-no_1029.jpg
Training,notumor,225,225,RGB,JPEG,Dataset\Training\notumor\Tr-no_103.jpg
Training,notumor,192,192,RGB,JPEG,Dataset\Training\notumor\Tr-no_1030.jpg
Training,notumor,230,235,RGB,JPEG,Dataset\Training\notumor\Tr-no_1031.jpg
Training,notumor,212,238,RGB,JPEG,Dataset\Training\notumor\Tr-no_1032.jpg
Training,notumor,225,225,RGB,JPEG,Dataset\Training\notumor\Tr-no_1033.jpg
Training,notumor,194,259,RGB,JPEG,Dataset\Training\notumor\Tr-no_1034.jpg
Training,notumor,225,225,RGB,JPEG,Dataset\Training\notumor\Tr-no_1035.jpg
Training,notumor,405,484,RGB,JPEG,Dataset\Training\notumor\Tr-no_1036.jpg
Training,notumor,225,225,RGB,JPEG,Dataset\Training\notumor\Tr-no_1037.jpg
Training,notumor,504,540,RGB,JPEG,Dataset\Training\notumor\Tr-no_1038.jpg
Training,notumor,630,630,RGB,JPEG,Dataset\Training\notumor\Tr-no_1039.jpg
Training,notumor,196,257,RGB,JPEG,Dataset\Training\notumor\Tr-no_104.jpg
Training,notumor,275,301,L,JPEG,Dataset\Training\notumor\Tr-no_1040.jpg
Training,notumor,225,225,RGB,JPEG,Dataset\Training\notumor\Tr-no_1041.jpg
Training,notumor,235,244,RGB,JPEG,Dataset\Training\notumor\Tr-no_1042.jpg
Training,notumor,196,257,RGB,JPEG,Dataset\Training\notumor\Tr-no_1043.jpg
Training,notumor,201,250,RGB,JPEG,Dataset\Training\notumor\Tr-no_1044.jpg
Training,notumor,225,225,RGB,JPEG,Dataset\Training\notumor\Tr-no_1045.jpg
Training,notumor,354,443,RGB,JPEG,Dataset\Training\notumor\Tr-no_1046.jpg
Training,notumor,218,231,RGB,JPEG,Dataset\Training\notumor\Tr-no_1047.jpg
Training,notumor,236,250,RGB,JPEG,Dataset\Training\notumor\Tr-no_1048.jpg
Training,notumor,468,444,RGB,JPEG,Dataset\Training\notumor\Tr-no_1049.jpg
Training,notumor,442,442,RGB,JPEG,Dataset\Training\notumor\Tr-no_105.jpg
Training,notumor,225,225,RGB,JPEG,Dataset\Training\notumor\Tr-no_1050.jpg
Training,notumor,225,225,RGB,JPEG,Dataset\Training\notumor\Tr-no_1051.jpg
Training,notumor,428,417,RGB,JPEG,Dataset\Training\notumor\Tr-no_1052.jpg
Training,notumor,173,201,RGB,JPEG,Dataset\Training\notumor\Tr-no_1053.jpg
Training,notumor,393,400,RGB,JPEG,Dataset\Training\notumor\Tr-no_1054.jpg
Training,notumor,218,231,RGB,JPEG,Dataset\Training\notumor\Tr-no_1055.jpg
Training,notumor,225,225,RGB,JPEG,Dataset\Training\notumor\Tr-no_1056.jpg
Training,notumor,208,242,RGB,JPEG,Dataset\Training\notumor\Tr-no_1057.jpg
Training,notumor,225,225,RGB,JPEG,Dataset\Training\notumor\Tr-no_1058.jpg
Training,notumor,236,236,RGB,JPEG,Dataset\Training\notumor\Tr-no_1059.jpg
Training,notumor,225,225,L,JPEG,Dataset\Training\notumor\Tr-no_106.jpg
Training,notumor,225,225,RGB,JPEG,Dataset\Training\notumor\Tr-no_1060.jpg
Training,notumor,201,251,RGB,JPEG,Dataset\Training\notumor\Tr-no_1061.jpg
Training,notumor,630,630,RGB,JPEG,Dataset\Training\notumor\Tr-no_1062.jpg
Training,notumor,225,225,RGB,JPEG,Dataset\Training\notumor\Tr-no_1063.jpg
Training,notumor,150,198,RGB,JPEG,Dataset\Training\notumor\Tr-no_1064.jpg
Training,notumor,218,234,RGB,JPEG,Dataset\Training\notumor\Tr-no_1065.jpg
Training,notumor,225,225,RGB,JPEG,Dataset\Training\notumor\Tr-no_1066.jpg
Training,notumor,236,236,RGB,JPEG,Dataset\Training\notumor\Tr-no_1067.jpg
Training,notumor,225,225,RGB,JPEG,Dataset\Training\notumor\Tr-no_1068.jpg
Training,notumor,225,225,RGB,JPEG,Dataset\Training\notumor\Tr-no_1069.jpg
Training,notumor,420,280,RGB,JPEG,Dataset\Training\notumor\Tr-no_107.jpg
Training,notumor,236,366,RGB,JPEG,Dataset\Training\notumor\Tr-no_1070.jpg
Training,notumor,225,225,RGB,JPEG,Dataset\Training\notumor\Tr-no_1071.jpg
Training,notumor,468,444,RGB,JPEG,Dataset\Training\notumor\Tr-no_1072.jpg
Training,notumor,497,398,RGB,JPEG,Dataset\Training\notumor\Tr-no_1073.jpg
Training,notumor,215,234,RGB,JPEG,Dataset\Training\notumor\Tr-no_1074.jpg
Training,notumor,468,444,RGB,JPEG,Dataset\Training\notumor\Tr-no_1075.jpg
Training,notumor,173,201,RGB,JPEG,Dataset\Training\notumor\Tr-no_1076.jpg
Training,notumor,208,278,RGB,JPEG,Dataset\Training\notumor\Tr-no_1077.jpg
Training,notumor,173,201,RGB,JPEG,Dataset\Training\notumor\Tr-no_1078.jpg
Training,notumor,350,350,RGB,JPEG,Dataset\Training\notumor\Tr-no_1079.jpg
Training,notumor,218,231,RGB,JPEG,Dataset\Training\notumor\Tr-no_108.jpg
Training,notumor,236,236,RGB,JPEG,Dataset\Training\notumor\Tr-no_1080.jpg
Training,notumor,227,262,RGB,JPEG,Dataset\Training\notumor\Tr-no_1081.jpg
Training,notumor,201,251,RGB,JPEG,Dataset\Training\notumor\Tr-no_1082.jpg
Training,notumor,359,449,RGB,JPEG,Dataset\Training\notumor\Tr-no_1083.jpg
Training,notumor,428,417,RGB,JPEG,Dataset\Training\notumor\Tr-no_1084.jpg
Training,notumor,416,512,RGB,JPEG,Dataset\Training\notumor\Tr-no_1085.jpg
Training,notumor,630,630,RGB,JPEG,Dataset\Training\notumor\Tr-no_1086.jpg
Training,notumor,232,217,RGB,JPEG,Dataset\Training\notumor\Tr-no_1087.jpg
Training,notumor,192,192,RGB,JPEG,Dataset\Training\notumor\Tr-no_1088.jpg
Training,notumor,192,192,RGB,JPEG,Dataset\Training\notumor\Tr-no_1089.jpg
Training,notumor,630,630,RGB,JPEG,Dataset\Training\notumor\Tr-no_109.jpg
Training,notumor,453,496,RGB,JPEG,Dataset\Training\notumor\Tr-no_1090.jpg
Training,notumor,630,630,RGB,JPEG,Dataset\Training\notumor\Tr-no_1091.jpg
Training,notumor,150,198,RGB,JPEG,Dataset\Training\notumor\Tr-no_1092.jpg
Training,notumor,228,221,RGB,JPEG,Dataset\Training\notumor\Tr-no_1093.jpg
Training,notumor,230,282,RGB,JPEG,Dataset\Training\notumor\Tr-no_1094.jpg
Training,notumor,207,243,RGB,JPEG,Dataset\Training\notumor\Tr-no_1095.jpg
Training,notumor,236,280,RGB,JPEG,Dataset\Training\notumor\Tr-no_1096.jpg
Training,notumor,236,236,RGB,JPEG,Dataset\Training\notumor\Tr-no_1097.jpg
Training,notumor,200,252,RGB,JPEG,Dataset\Training\notumor\Tr-no_1098.jpg
Training,notumor,208,242,RGB,JPEG,Dataset\Training\notumor\Tr-no_1099.jpg
Training,notumor,227,222,RGB,JPEG,Dataset\Training\notumor\Tr-no_11.jpg
Training,notumor,275,183,RGB,JPEG,Dataset\Training\notumor\Tr-no_110.jpg
Training,notumor,225,225,RGB,JPEG,Dataset\Training\notumor\Tr-no_1100.jpg
Training,notumor,236,226,RGB,JPEG,Dataset\Training\notumor\Tr-no_1101.jpg
Training,notumor,225,225,RGB,JPEG,Dataset\Training\notumor\Tr-no_1102.jpg
Training,notumor,227,222,RGB,JPEG,Dataset\Training\notumor\Tr-no_1103.jpg
Training,notumor,200,252,RGB,JPEG,Dataset\Training\notumor\Tr-no_1104.jpg
Training,notumor,203,243,RGB,JPEG,Dataset\Training\notumor\Tr-no_1105.jpg
Training,notumor,150,198,RGB,JPEG,Dataset\Training\notumor\Tr-no_1106.jpg
Training,notumor,225,225,RGB,JPEG,Dataset\Training\notumor\Tr-no_1107.jpg
Training,notumor,225,225,RGB,JPEG,Dataset\Training\notumor\Tr-no_1108.jpg
Training,notumor,494,600,RGB,JPEG,Dataset\Training\notumor\Tr-no_1109.jpg
Training,notumor,218,231,RGB,JPEG,Dataset\Training\notumor\Tr-no_111.jpg
Training,notumor,410,490,RGB,JPEG,Dataset\Training\notumor\Tr-no_1110.jpg
Training,notumor,296,320,RGB,JPEG,Dataset\Training\notumor\Tr-no_1111.jpg
Training,notumor,227,262,RGB,JPEG,Dataset\Training\notumor\Tr-no_1112.jpg
Training,notumor,227,262,RGB,JPEG,Dataset\Training\notumor\Tr-no_1113.jpg
Training,notumor,225,225,RGB,JPEG,Dataset\Training\notumor\Tr-no_1114.jpg
Training,notumor,350,350,RGB,JPEG,Dataset\Training\notumor\Tr-no_1115.jpg
Training,notumor,393,400,RGB,JPEG,Dataset\Training\notumor\Tr-no_1116.jpg
Training,notumor,225,225,RGB,JPEG,Dataset\Training\notumor\Tr-no_1117.jpg
Training,notumor,504,540,RGB,JPEG,Dataset\Training\notumor\Tr-no_1118.jpg
Training,notumor,441,442,RGB,JPEG,Dataset\Training\notumor\Tr-no_1119.jpg
Training,notumor,236,357,RGB,JPEG,Dataset\Training\notumor\Tr-no_112.jpg
Training,notumor,442,454,RGB,JPEG,Dataset\Training\notumor\Tr-no_1120.jpg
Training,notumor,206,244,RGB,JPEG,Dataset\Training\notumor\Tr-no_1121.jpg
Training,notumor,201,250,RGB,JPEG,Dataset\Training\notumor\Tr-no_1122.jpg
Training,notumor,150,198,RGB,JPEG,Dataset\Training\notumor\Tr-no_1123.jpg
Training,notumor,225,225,RGB,JPEG,Dataset\Training\notumor\Tr-no_1124.jpg
Training,notumor,230,282,RGB,JPEG,Dataset\Training\notumor\Tr-no_1125.jpg
Training,notumor,232,217,RGB,JPEG,Dataset\Training\notumor\Tr-no_1126.jpg
Training,notumor,225,225,RGB,JPEG,Dataset\Training\notumor\Tr-no_1127.jpg
Training,notumor,215,234,RGB,JPEG,Dataset\Training\notumor\Tr-no_1128.jpg
Training,notumor,800,693,RGB,JPEG,Dataset\Training\notumor\Tr-no_1129.jpg
Training,notumor,359,449,RGB,JPEG,Dataset\Training\notumor\Tr-no_113.jpg
Training,notumor,212,238,RGB,JPEG,Dataset\Training\notumor\Tr-no_1130.jpg
Training,notumor,236,213,RGB,JPEG,Dataset\Training\notumor\Tr-no_1131.jpg
Training,notumor,350,393,RGB,JPEG,Dataset\Training\notumor\Tr-no_1132.jpg
Training,notumor,177,197,RGB,JPEG,Dataset\Training\notumor\Tr-no_1133.jpg
Training,notumor,201,251,RGB,JPEG,Dataset\Training\notumor\Tr-no_1134.jpg
Training,notumor,630,630,RGB,JPEG,Dataset\Training\notumor\Tr-no_1135.jpg
Training,notumor,642,361,RGB,JPEG,Dataset\Training\notumor\Tr-no_1136.jpg
Training,notumor,630,630,RGB,JPEG,Dataset\Training\notumor\Tr-no_1137.jpg
Training,notumor,225,225,RGB,JPEG,Dataset\Training\notumor\Tr-no_1138.jpg
Training,notumor,192,192,RGB,JPEG,Dataset\Training\notumor\Tr-no_1139.jpg
Training,notumor,228,221,RGB,JPEG,Dataset\Training\notumor\Tr-no_114.jpg
Training,notumor,512,512,RGB,JPEG,Dataset\Training\notumor\Tr-no_1140.jpg
Training,notumor,428,417,RGB,JPEG,Dataset\Training\notumor\Tr-no_1141.jpg
Training,notumor,275,183,RGB,JPEG,Dataset\Training\notumor\Tr-no_1142.jpg
Training,notumor,194,259,RGB,JPEG,Dataset\Training\notumor\Tr-no_1143.jpg
Training,notumor,630,630,RGB,JPEG,Dataset\Training\notumor\Tr-no_1144.jpg
Training,notumor,201,250,RGB,JPEG,Dataset\Training\notumor\Tr-no_1145.jpg
Training,notumor,504,540,RGB,JPEG,Dataset\Training\notumor\Tr-no_1146.jpg
Training,notumor,200,252,RGB,JPEG,Dataset\Training\notumor\Tr-no_1147.jpg
Training,notumor,236,231,RGB,JPEG,Dataset\Training\notumor\Tr-no_1148.jpg
Training,notumor,234,225,RGB,JPEG,Dataset\Training\notumor\Tr-no_1149.jpg
Training,notumor,890,1075,RGB,JPEG,Dataset\Training\notumor\Tr-no_115.jpg
Training,notumor,225,225,RGB,JPEG,Dataset\Training\notumor\Tr-no_1150.jpg
Training,notumor,225,225,RGB,JPEG,Dataset\Training\notumor\Tr-no_1151.jpg
Training,notumor,214,236,RGB,JPEG,Dataset\Training\notumor\Tr-no_1152.jpg
Training,notumor,225,225,RGB,JPEG,Dataset\Training\notumor\Tr-no_1153.jpg
Training,notumor,236,269,RGB,JPEG,Dataset\Training\notumor\Tr-no_1154.jpg
Training,notumor,206,244,RGB,JPEG,Dataset\Training\notumor\Tr-no_1155.jpg
Training,notumor,225,225,RGB,JPEG,Dataset\Training\notumor\Tr-no_1156.jpg
Training,notumor,225,225,RGB,JPEG,Dataset\Training\notumor\Tr-no_1157.jpg
Training,notumor,225,225,RGB,JPEG,Dataset\Training\notumor\Tr-no_1158.jpg
Training,notumor,192,192,RGB,JPEG,Dataset\Training\notumor\Tr-no_1159.jpg
Training,notumor,755,824,RGB,JPEG,Dataset\Training\notumor\Tr-no_116.jpg
Training,notumor,236,236,RGB,JPEG,Dataset\Training\notumor\Tr-no_1160.jpg
Training,notumor,173,201,RGB,JPEG,Dataset\Training\notumor\Tr-no_1161.jpg
Training,notumor,214,236,RGB,JPEG,Dataset\Training\notumor\Tr-no_1162.jpg
Training,notumor,201,251,RGB,JPEG,Dataset\Training\notumor\Tr-no_1163.jpg
Training,notumor,276,326,RGB,JPEG,Dataset\Training\notumor\Tr-no_1164.jpg
Training,notumor,225,225,RGB,JPEG,Dataset\Training\notumor\Tr-no_1165.jpg
Training,notumor,230,282,RGB,JPEG,Dataset\Training\notumor\Tr-no_1166.jpg
Training,notumor,232,217,RGB,JPEG,Dataset\Training\notumor\Tr-no_1167.jpg
Training,notumor,442,454,RGB,JPEG,Dataset\Training\notumor\Tr-no_1168.jpg
Training,notumor,236,295,RGB,JPEG,Dataset\Training\notumor\Tr-no_1169.jpg
Training,notumor,235,214,RGB,JPEG,Dataset\Training\notumor\Tr-no_117.jpg
Training,notumor,201,251,RGB,JPEG,Dataset\Training\notumor\Tr-no_1170.jpg
Training,notumor,387,469,RGB,JPEG,Dataset\Training\notumor\Tr-no_1171.jpg
Training,notumor,236,236,RGB,JPEG,Dataset\Training\notumor\Tr-no_1172.jpg
Training,notumor,225,225,RGB,JPEG,Dataset\Training\notumor\Tr-no_1173.jpg
Training,notumor,173,201,RGB,JPEG,Dataset\Training\notumor\Tr-no_1174.jpg
Training,notumor,680,680,RGB,JPEG,Dataset\Training\notumor\Tr-no_1175.jpg
Training,notumor,150,198,RGB,JPEG,Dataset\Training\notumor\Tr-no_1176.jpg
Training,notumor,200,252,RGB,JPEG,Dataset\Training\notumor\Tr-no_1177.jpg
Training,notumor,236,357,RGB,JPEG,Dataset\Training\notumor\Tr-no_1178.jpg
Training,notumor,724,851,RGB,JPEG,Dataset\Training\notumor\Tr-no_1179.jpg
Training,notumor,225,225,RGB,JPEG,Dataset\Training\notumor\Tr-no_118.jpg
Training,notumor,236,243,RGB,JPEG,Dataset\Training\notumor\Tr-no_1180.jpg
Training,notumor,232,217,RGB,JPEG,Dataset\Training\notumor\Tr-no_1181.jpg
Training,notumor,232,217,RGB,JPEG,Dataset\Training\notumor\Tr-no_1182.jpg
Training,notumor,630,630,RGB,JPEG,Dataset\Training\notumor\Tr-no_1183.jpg
Training,notumor,192,192,RGB,JPEG,Dataset\Training\notumor\Tr-no_1184.jpg
Training,notumor,228,221,RGB,JPEG,Dataset\Training\notumor\Tr-no_1185.jpg
Training,notumor,236,203,RGB,JPEG,Dataset\Training\notumor\Tr-no_1186.jpg
Training,notumor,220,212,RGB,JPEG,Dataset\Training\notumor\Tr-no_1187.jpg
Training,notumor,890,1075,RGB,JPEG,Dataset\Training\notumor\Tr-no_1188.jpg
Training,notumor,207,243,RGB,JPEG,Dataset\Training\notumor\Tr-no_1189.jpg
Training,notumor,201,251,RGB,JPEG,Dataset\Training\notumor\Tr-no_119.jpg
Training,notumor,225,225,RGB,JPEG,Dataset\Training\notumor\Tr-no_1190.jpg
Training,notumor,359,449,RGB,JPEG,Dataset\Training\notumor\Tr-no_1191.jpg
Training,notumor,201,250,RGB,JPEG,Dataset\Training\notumor\Tr-no_1192.jpg
Training,notumor,428,417,RGB,JPEG,Dataset\Training\notumor\Tr-no_1193.jpg
Training,notumor,236,218,RGB,JPEG,Dataset\Training\notumor\Tr-no_1194.jpg
Training,notumor,428,417,RGB,JPEG,Dataset\Training\notumor\Tr-no_1195.jpg
Training,notumor,235,214,RGB,JPEG,Dataset\Training\notumor\Tr-no_1196.jpg
Training,notumor,1000,714,RGB,JPEG,Dataset\Training\notumor\Tr-no_1197.jpg
Training,notumor,192,192,RGB,JPEG,Dataset\Training\notumor\Tr-no_1198.jpg
Training,notumor,215,234,RGB,JPEG,Dataset\Training\notumor\Tr-no_1199.jpg
Training,notumor,630,630,L,JPEG,Dataset\Training\notumor\Tr-no_12.jpg
Training,notumor,339,340,RGB,JPEG,Dataset\Training\notumor\Tr-no_120.jpg
Training,notumor,393,400,RGBA,PNG,Dataset\Training\notumor\Tr-no_1200.jpg
Training,notumor,329,310,RGB,JPEG,Dataset\Training\notumor\Tr-no_1201.jpg
Training,notumor,173,201,RGB,JPEG,Dataset\Training\notumor\Tr-no_1202.jpg
Training,notumor,225,225,RGB,JPEG,Dataset\Training\notumor\Tr-no_1203.jpg
Training,notumor,207,243,RGB,JPEG,Dataset\Training\notumor\Tr-no_1204.jpg
Training,notumor,236,236,RGB,JPEG,Dataset\Training\notumor\Tr-no_1205.jpg
Training,notumor,201,250,RGB,JPEG,Dataset\Training\notumor\Tr-no_1206.jpg
Training,notumor,225,225,RGB,JPEG,Dataset\Training\notumor\Tr-no_1207.jpg
Training,notumor,331,406,RGB,JPEG,Dataset\Training\notumor\Tr-no_1208.jpg
Training,notumor,393,400,RGB,JPEG,Dataset\Training\notumor\Tr-no_1209.jpg
Training,notumor,755,824,RGB,JPEG,Dataset\Training\notumor\Tr-no_121.jpg
Training,notumor,468,444,RGB,JPEG,Dataset\Training\notumor\Tr-no_1210.jpg
Training,notumor,630,630,RGB,JPEG,Dataset\Training\notumor\Tr-no_1211.jpg
Training,notumor,630,630,RGB,JPEG,Dataset\Training\notumor\Tr-no_1212.jpg
Training,notumor,1024,1024,L,JPEG,Dataset\Training\notumor\Tr-no_1213.jpg
Training,notumor,212,238,RGB,JPEG,Dataset\Training\notumor\Tr-no_1214.jpg
Training,notumor,225,225,RGB,JPEG,Dataset\Training\notumor\Tr-no_1215.jpg
Training,notumor,339,340,RGB,JPEG,Dataset\Training\notumor\Tr-no_1216.jpg
Training,notumor,201,250,RGB,JPEG,Dataset\Training\notumor\Tr-no_1217.jpg
Training,notumor,276,326,RGB,JPEG,Dataset\Training\notumor\Tr-no_1218.jpg
Training,notumor,350,350,RGB,JPEG,Dataset\Training\notumor\Tr-no_1219.jpg
Training,notumor,504,540,RGB,JPEG,Dataset\Training\notumor\Tr-no_122.jpg
Training,notumor,201,251,RGB,JPEG,Dataset\Training\notumor\Tr-no_1220.jpg
Training,notumor,215,234,RGB,JPEG,Dataset\Training\notumor\Tr-no_1221.jpg
Training,notumor,225,225,RGB,JPEG,Dataset\Training\notumor\Tr-no_1222.jpg
Training,notumor,200,252,RGB,JPEG,Dataset\Training\notumor\Tr-no_1223.jpg
Training,notumor,504,540,RGB,JPEG,Dataset\Training\notumor\Tr-no_1224.jpg
Training,notumor,201,251,RGB,JPEG,Dataset\Training\notumor\Tr-no_1225.jpg
Training,notumor,214,236,RGB,JPEG,Dataset\Training\notumor\Tr-no_1226.jpg
Training,notumor,218,231,RGB,JPEG,Dataset\Training\notumor\Tr-no_1227.jpg
Training,notumor,150,198,RGB,JPEG,Dataset\Training\notumor\Tr-no_1228.jpg
Training,notumor,225,225,RGB,JPEG,Dataset\Training\notumor\Tr-no_1229.jpg
Training,notumor,228,228,RGB,JPEG,Dataset\Training\notumor\Tr-no_123.jpg
Training,notumor,227,222,RGB,JPEG,Dataset\Training\notumor\Tr-no_1230.jpg
Training,notumor,215,234,RGB,JPEG,Dataset\Training\notumor\Tr-no_1231.jpg
Training,notumor,428,417,RGB,JPEG,Dataset\Training\notumor\Tr-no_1232.jpg
Training,notumor,194,259,RGB,JPEG,Dataset\Training\notumor\Tr-no_1233.jpg
Training,notumor,201,250,RGB,JPEG,Dataset\Training\notumor\Tr-no_1234.jpg
Training,notumor,236,269,RGB,JPEG,Dataset\Training\notumor\Tr-no_1235.jpg
Training,notumor,225,225,RGB,JPEG,Dataset\Training\notumor\Tr-no_1236.jpg
Training,notumor,207,243,RGB,JPEG,Dataset\Training\notumor\Tr-no_1237.jpg
Training,notumor,428,417,RGB,JPEG,Dataset\Training\notumor\Tr-no_1238.jpg
Training,notumor,236,213,RGB,JPEG,Dataset\Training\notumor\Tr-no_1239.jpg
Training,notumor,393,400,RGB,JPEG,Dataset\Training\notumor\Tr-no_124.jpg
Training,notumor,417,424,RGB,JPEG,Dataset\Training\notumor\Tr-no_1240.jpg
Training,notumor,173,201,RGB,JPEG,Dataset\Training\notumor\Tr-no_1241.jpg
Training,notumor,236,300,RGB,JPEG,Dataset\Training\notumor\Tr-no_1242.jpg
Training,notumor,468,444,RGB,JPEG,Dataset\Training\notumor\Tr-no_1243.jpg
Training,notumor,201,251,RGB,JPEG,Dataset\Training\notumor\Tr-no_1244.jpg
Training,notumor,442,442,RGB,JPEG,Dataset\Training\notumor\Tr-no_1245.jpg
Training,notumor,227,262,RGB,JPEG,Dataset\Training\notumor\Tr-no_1246.jpg
Training,notumor,225,225,RGB,JPEG,Dataset\Training\notumor\Tr-no_1247.jpg
Training,notumor,201,244,RGB,JPEG,Dataset\Training\notumor\Tr-no_1248.jpg
Training,notumor,150,198,RGB,JPEG,Dataset\Training\notumor\Tr-no_1249.jpg
Training,notumor,236,240,RGB,JPEG,Dataset\Training\notumor\Tr-no_125.jpg
Training,notumor,442,442,RGB,JPEG,Dataset\Training\notumor\Tr-no_1250.jpg
Training,notumor,218,231,RGB,JPEG,Dataset\Training\notumor\Tr-no_1251.jpg
Training,notumor,225,225,RGB,JPEG,Dataset\Training\notumor\Tr-no_1252.jpg
Training,notumor,236,218,RGB,JPEG,Dataset\Training\notumor\Tr-no_1253.jpg
Training,notumor,356,474,RGB,JPEG,Dataset\Training\notumor\Tr-no_1254.jpg
Training,notumor,225,225,RGB,JPEG,Dataset\Training\notumor\Tr-no_1255.jpg
Training,notumor,225,225,RGB,JPEG,Dataset\Training\notumor\Tr-no_1256.jpg
Training,notumor,225,225,RGB,JPEG,Dataset\Training\notumor\Tr-no_1257.jpg
Training,notumor,228,221,RGB,JPEG,Dataset\Training\notumor\Tr-no_1258.jpg
Training,notumor,227,262,RGB,JPEG,Dataset\Training\notumor\Tr-no_1259.jpg
Training,notumor,201,251,RGB,JPEG,Dataset\Training\notumor\Tr-no_126.jpg
Training,notumor,177,197,RGB,JPEG,Dataset\Training\notumor\Tr-no_1260.jpg
Training,notumor,235,227,RGB,JPEG,Dataset\Training\notumor\Tr-no_1261.jpg
Training,notumor,630,630,L,JPEG,Dataset\Training\notumor\Tr-no_1262.jpg
Training,notumor,206,244,RGB,JPEG,Dataset\Training\notumor\Tr-no_1263.jpg
Training,notumor,236,290,RGB,JPEG,Dataset\Training\notumor\Tr-no_1264.jpg
Training,notumor,236,357,RGB,JPEG,Dataset\Training\notumor\Tr-no_1265.jpg
Training,notumor,468,444,RGB,JPEG,Dataset\Training\notumor\Tr-no_1266.jpg
Training,notumor,236,236,RGB,JPEG,Dataset\Training\notumor\Tr-no_1267.jpg
Training,notumor,232,217,RGB,JPEG,Dataset\Training\notumor\Tr-no_1268.jpg
Training,notumor,442,442,RGB,JPEG,Dataset\Training\notumor\Tr-no_1269.jpg
Training,notumor,504,540,RGB,JPEG,Dataset\Training\notumor\Tr-no_127.jpg
Training,notumor,201,250,RGB,JPEG,Dataset\Training\notumor\Tr-no_1270.jpg
Training,notumor,236,216,RGB,JPEG,Dataset\Training\notumor\Tr-no_1271.jpg
Training,notumor,177,197,RGB,JPEG,Dataset\Training\notumor\Tr-no_1272.jpg
Training,notumor,225,225,RGB,JPEG,Dataset\Training\notumor\Tr-no_1273.jpg
Training,notumor,236,236,RGB,JPEG,Dataset\Training\notumor\Tr-no_1274.jpg
Training,notumor,201,250,RGB,JPEG,Dataset\Training\notumor\Tr-no_1275.jpg
Training,notumor,428,417,RGB,JPEG,Dataset\Training\notumor\Tr-no_1276.jpg
Training,notumor,420,280,RGB,JPEG,Dataset\Training\notumor\Tr-no_1277.jpg
Training,notumor,215,234,RGB,JPEG,Dataset\Training\notumor\Tr-no_1278.jpg
Training,notumor,300,168,RGB,JPEG,Dataset\Training\notumor\Tr-no_1279.jpg
Training,notumor,217,248,RGB,JPEG,Dataset\Training\notumor\Tr-no_128.jpg
Training,notumor,206,244,RGB,JPEG,Dataset\Training\notumor\Tr-no_1280.jpg
Training,notumor,200,252,RGB,JPEG,Dataset\Training\notumor\Tr-no_1281.jpg
Training,notumor,428,417,RGB,JPEG,Dataset\Training\notumor\Tr-no_1282.jpg
Training,notumor,630,630,RGB,JPEG,Dataset\Training\notumor\Tr-no_1283.jpg
Training,notumor,225,225,RGB,JPEG,Dataset\Training\notumor\Tr-no_1284.jpg
Training,notumor,236,263,RGB,JPEG,Dataset\Training\notumor\Tr-no_1285.jpg
Training,notumor,225,225,RGB,JPEG,Dataset\Training\notumor\Tr-no_1286.jpg
Training,notumor,227,262,RGB,JPEG,Dataset\Training\notumor\Tr-no_1287.jpg
Training,notumor,785,848,RGB,JPEG,Dataset\Training\notumor\Tr-no_1288.jpg
Training,notumor,355,452,RGB,JPEG,Dataset\Training\notumor\Tr-no_1289.jpg
Training,notumor,350,350,RGB,JPEG,Dataset\Training\notumor\Tr-no_129.jpg
Training,notumor,225,225,RGB,JPEG,Dataset\Training\notumor\Tr-no_1290.jpg
Training,notumor,452,509,RGB,JPEG,Dataset\Training\notumor\Tr-no_1291.jpg
Training,notumor,232,217,RGB,JPEG,Dataset\Training\notumor\Tr-no_1292.jpg
Training,notumor,201,250,RGB,JPEG,Dataset\Training\notumor\Tr-no_1293.jpg
Training,notumor,225,225,RGB,JPEG,Dataset\Training\notumor\Tr-no_1294.jpg
Training,notumor,236,262,RGB,JPEG,Dataset\Training\notumor\Tr-no_1295.jpg
Training,notumor,642,361,RGB,JPEG,Dataset\Training\notumor\Tr-no_1296.jpg
Training,notumor,630,630,RGB,JPEG,Dataset\Training\notumor\Tr-no_1297.jpg
Training,notumor,225,225,RGB,JPEG,Dataset\Training\notumor\Tr-no_1298.jpg
Training,notumor,173,201,RGB,JPEG,Dataset\Training\notumor\Tr-no_1299.jpg
Training,notumor,208,242,RGB,JPEG,Dataset\Training\notumor\Tr-no_13.jpg
Training,notumor,228,221,RGB,JPEG,Dataset\Training\notumor\Tr-no_130.jpg
Training,notumor,225,225,RGB,JPEG,Dataset\Training\notumor\Tr-no_1300.jpg
Training,notumor,200,252,RGB,JPEG,Dataset\Training\notumor\Tr-no_1301.jpg
Training,notumor,680,680,RGB,JPEG,Dataset\Training\notumor\Tr-no_1302.jpg
Training,notumor,225,225,RGB,JPEG,Dataset\Training\notumor\Tr-no_1303.jpg
Training,notumor,359,449,RGB,JPEG,Dataset\Training\notumor\Tr-no_1304.jpg
Training,notumor,236,222,RGB,JPEG,Dataset\Training\notumor\Tr-no_1305.jpg
Training,notumor,200,252,RGB,JPEG,Dataset\Training\notumor\Tr-no_1306.jpg
Training,notumor,207,225,RGB,JPEG,Dataset\Training\notumor\Tr-no_1307.jpg
Training,notumor,150,198,RGB,JPEG,Dataset\Training\notumor\Tr-no_1308.jpg
Training,notumor,442,442,RGB,JPEG,Dataset\Training\notumor\Tr-no_1309.jpg
Training,notumor,225,225,RGB,JPEG,Dataset\Training\notumor\Tr-no_131.jpg
Training,notumor,212,238,RGB,JPEG,Dataset\Training\notumor\Tr-no_1310.jpg
Training,notumor,200,252,RGB,JPEG,Dataset\Training\notumor\Tr-no_1311.jpg
Training,notumor,339,340,RGB,JPEG,Dataset\Training\notumor\Tr-no_1312.jpg
Training,notumor,225,225,RGB,JPEG,Dataset\Training\notumor\Tr-no_1313.jpg
Training,notumor,442,454,RGB,JPEG,Dataset\Training\notumor\Tr-no_1314.jpg
Training,notumor,630,630,RGB,JPEG,Dataset\Training\notumor\Tr-no_1315.jpg
Training,notumor,228,221,RGB,JPEG,Dataset\Training\notumor\Tr-no_1316.jpg
Training,notumor,234,234,RGB,JPEG,Dataset\Training\notumor\Tr-no_1317.jpg
Training,notumor,733,781,RGB,JPEG,Dataset\Training\notumor\Tr-no_1318.jpg
Training,notumor,236,270,RGB,JPEG,Dataset\Training\notumor\Tr-no_1319.jpg
Training,notumor,225,225,RGB,JPEG,Dataset\Training\notumor\Tr-no_132.jpg
Training,notumor,724,851,RGB,JPEG,Dataset\Training\notumor\Tr-no_1320.jpg
Training,notumor,225,225,RGB,JPEG,Dataset\Training\notumor\Tr-no_1321.jpg
Training,notumor,225,225,RGB,JPEG,Dataset\Training\notumor\Tr-no_1322.jpg
Training,notumor,630,630,L,JPEG,Dataset\Training\notumor\Tr-no_1323.jpg
Training,notumor,215,234,RGB,JPEG,Dataset\Training\notumor\Tr-no_1324.jpg
Training,notumor,214,236,RGB,JPEG,Dataset\Training\notumor\Tr-no_1325.jpg
Training,notumor,630,630,RGB,JPEG,Dataset\Training\notumor\Tr-no_1326.jpg
Training,notumor,230,282,RGB,JPEG,Dataset\Training\notumor\Tr-no_1327.jpg
Training,notumor,227,262,RGB,JPEG,Dataset\Training\notumor\Tr-no_1328.jpg
Training,notumor,208,242,RGB,JPEG,Dataset\Training\notumor\Tr-no_1329.jpg
Training,notumor,442,442,RGB,JPEG,Dataset\Training\notumor\Tr-no_133.jpg
Training,notumor,468,444,RGB,JPEG,Dataset\Training\notumor\Tr-no_1330.jpg
Training,notumor,512,512,RGB,JPEG,Dataset\Training\notumor\Tr-no_1331.jpg
Training,notumor,200,252,RGB,JPEG,Dataset\Training\notumor\Tr-no_1332.jpg
Training,notumor,364,418,RGB,JPEG,Dataset\Training\notumor\Tr-no_1333.jpg
Training,notumor,600,605,RGB,JPEG,Dataset\Training\notumor\Tr-no_1334.jpg
Training,notumor,339,340,RGB,JPEG,Dataset\Training\notumor\Tr-no_1335.jpg
Training,notumor,201,251,RGB,JPEG,Dataset\Training\notumor\Tr-no_1336.jpg
Training,notumor,200,252,RGB,JPEG,Dataset\Training\notumor\Tr-no_1337.jpg
Training,notumor,428,417,RGB,JPEG,Dataset\Training\notumor\Tr-no_1338.jpg
Training,notumor,393,400,RGB,JPEG,Dataset\Training\notumor\Tr-no_1339.jpg
Training,notumor,225,225,RGB,JPEG,Dataset\Training\notumor\Tr-no_134.jpg
Training,notumor,428,417,RGB,JPEG,Dataset\Training\notumor\Tr-no_1340.jpg
Training,notumor,504,540,RGB,JPEG,Dataset\Training\notumor\Tr-no_1341.jpg
Training,notumor,225,225,RGB,JPEG,Dataset\Training\notumor\Tr-no_1342.jpg
Training,notumor,442,442,L,JPEG,Dataset\Training\notumor\Tr-no_1343.jpg
Training,notumor,232,216,RGB,JPEG,Dataset\Training\notumor\Tr-no_1344.jpg
Training,notumor,206,244,RGB,JPEG,Dataset\Training\notumor\Tr-no_1345.jpg
Training,notumor,206,244,RGB,JPEG,Dataset\Training\notumor\Tr-no_1346.jpg
Training,notumor,206,244,RGB,JPEG,Dataset\Training\notumor\Tr-no_1347.jpg
Training,notumor,224,223,RGB,JPEG,Dataset\Training\notumor\Tr-no_1348.jpg
Training,notumor,504,540,RGB,JPEG,Dataset\Training\notumor\Tr-no_1349.jpg
Training,notumor,196,257,RGB,JPEG,Dataset\Training\notumor\Tr-no_135.jpg
Training,notumor,235,214,RGB,JPEG,Dataset\Training\notumor\Tr-no_1350.jpg
Training,notumor,236,239,RGB,JPEG,Dataset\Training\notumor\Tr-no_1351.jpg
Training,notumor,469,470,RGB,JPEG,Dataset\Training\notumor\Tr-no_1352.jpg
Training,notumor,442,442,RGB,JPEG,Dataset\Training\notumor\Tr-no_1353.jpg
Training,notumor,225,225,RGB,JPEG,Dataset\Training\notumor\Tr-no_1354.jpg
Training,notumor,227,222,RGB,JPEG,Dataset\Training\notumor\Tr-no_1355.jpg
Training,notumor,428,417,RGB,JPEG,Dataset\Training\notumor\Tr-no_1356.jpg
Training,notumor,216,302,RGB,JPEG,Dataset\Training\notumor\Tr-no_1357.jpg
Training,notumor,550,664,RGB,JPEG,Dataset\Training\notumor\Tr-no_1358.jpg
Training,notumor,206,244,RGB,JPEG,Dataset\Training\notumor\Tr-no_1359.jpg
Training,notumor,512,512,RGB,JPEG,Dataset\Training\notumor\Tr-no_136.jpg
Training,notumor,236,269,RGB,JPEG,Dataset\Training\notumor\Tr-no_1360.jpg
Training,notumor,201,250,RGB,JPEG,Dataset\Training\notumor\Tr-no_1361.jpg
Training,notumor,441,442,RGB,JPEG,Dataset\Training\notumor\Tr-no_1362.jpg
Training,notumor,208,242,RGB,JPEG,Dataset\Training\notumor\Tr-no_1363.jpg
Training,notumor,630,630,RGB,JPEG,Dataset\Training\notumor\Tr-no_1364.jpg
Training,notumor,227,222,RGB,JPEG,Dataset\Training\notumor\Tr-no_1365.jpg
Training,notumor,1280,720,RGB,JPEG,Dataset\Training\notumor\Tr-no_1366.jpg
Training,notumor,235,214,RGB,JPEG,Dataset\Training\notumor\Tr-no_1367.jpg
Training,notumor,504,540,RGB,JPEG,Dataset\Training\notumor\Tr-no_1368.jpg
Training,notumor,225,225,RGB,JPEG,Dataset\Training\notumor\Tr-no_1369.jpg
Training,notumor,468,444,RGB,JPEG,Dataset\Training\notumor\Tr-no_137.jpg
Training,notumor,173,201,RGB,JPEG,Dataset\Training\notumor\Tr-no_1370.jpg
Training,notumor,201,251,RGB,JPEG,Dataset\Training\notumor\Tr-no_1371.jpg
Training,notumor,150,198,RGB,JPEG,Dataset\Training\notumor\Tr-no_1372.jpg
Training,notumor,200,252,RGB,JPEG,Dataset\Training\notumor\Tr-no_1373.jpg
Training,notumor,655,602,RGB,JPEG,Dataset\Training\notumor\Tr-no_1374.jpg
Training,notumor,201,251,RGB,JPEG,Dataset\Training\notumor\Tr-no_1375.jpg
Training,notumor,393,400,RGB,JPEG,Dataset\Training\notumor\Tr-no_1376.jpg
Training,notumor,201,251,RGB,JPEG,Dataset\Training\notumor\Tr-no_1377.jpg
Training,notumor,235,229,RGB,JPEG,Dataset\Training\notumor\Tr-no_1378.jpg
Training,notumor,442,442,RGB,JPEG,Dataset\Training\notumor\Tr-no_1379.jpg
Training,notumor,442,442,RGB,JPEG,Dataset\Training\notumor\Tr-no_138.jpg
Training,notumor,494,600,RGB,JPEG,Dataset\Training\notumor\Tr-no_1380.jpg
Training,notumor,630,630,L,JPEG,Dataset\Training\notumor\Tr-no_1381.jpg
Training,notumor,276,326,RGB,JPEG,Dataset\Training\notumor\Tr-no_1382.jpg
Training,notumor,442,442,RGB,JPEG,Dataset\Training\notumor\Tr-no_1383.jpg
Training,notumor,275,183,RGB,JPEG,Dataset\Training\notumor\Tr-no_1384.jpg
Training,notumor,630,630,RGB,JPEG,Dataset\Training\notumor\Tr-no_1385.jpg
Training,notumor,225,225,RGB,JPEG,Dataset\Training\notumor\Tr-no_1386.jpg
Training,notumor,206,244,RGB,JPEG,Dataset\Training\notumor\Tr-no_1387.jpg
Training,notumor,236,213,RGB,JPEG,Dataset\Training\notumor\Tr-no_1388.jpg
Training,notumor,228,221,RGB,JPEG,Dataset\Training\notumor\Tr-no_1389.jpg
Training,notumor,630,630,RGB,JPEG,Dataset\Training\notumor\Tr-no_139.jpg
Training,notumor,728,725,RGB,JPEG,Dataset\Training\notumor\Tr-no_1390.jpg
Training,notumor,276,326,RGB,JPEG,Dataset\Training\notumor\Tr-no_1391.jpg
Training,notumor,201,251,RGB,JPEG,Dataset\Training\notumor\Tr-no_1392.jpg
Training,notumor,414,496,RGB,JPEG,Dataset\Training\notumor\Tr-no_1393.jpg
Training,notumor,236,236,RGB,JPEG,Dataset\Training\notumor\Tr-no_1394.jpg
Training,notumor,212,222,RGB,JPEG,Dataset\Training\notumor\Tr-no_1395.jpg
Training,notumor,218,231,RGB,JPEG,Dataset\Training\notumor\Tr-no_1396.jpg
Training,notumor,411,496,RGB,JPEG,Dataset\Training\notumor\Tr-no_1397.jpg
Training,notumor,210,213,RGB,JPEG,Dataset\Training\notumor\Tr-no_1398.jpg
Training,notumor,215,234,RGB,JPEG,Dataset\Training\notumor\Tr-no_1399.jpg
Training,notumor,442,442,RGB,JPEG,Dataset\Training\notumor\Tr-no_14.jpg
Training,notumor,208,242,RGB,JPEG,Dataset\Training\notumor\Tr-no_140.jpg
Training,notumor,208,278,RGB,JPEG,Dataset\Training\notumor\Tr-no_1400.jpg
Training,notumor,230,282,RGB,JPEG,Dataset\Training\notumor\Tr-no_141.jpg
Training,notumor,225,225,RGB,JPEG,Dataset\Training\notumor\Tr-no_142.jpg
Training,notumor,630,630,RGB,JPEG,Dataset\Training\notumor\Tr-no_143.jpg
Training,notumor,235,227,RGB,JPEG,Dataset\Training\notumor\Tr-no_144.jpg
Training,notumor,428,417,RGB,JPEG,Dataset\Training\notumor\Tr-no_145.jpg
Training,notumor,194,259,RGB,JPEG,Dataset\Training\notumor\Tr-no_146.jpg
Training,notumor,236,236,RGB,JPEG,Dataset\Training\notumor\Tr-no_147.jpg
Training,notumor,300,168,RGB,JPEG,Dataset\Training\notumor\Tr-no_148.jpg
Training,notumor,150,198,RGB,JPEG,Dataset\Training\notumor\Tr-no_149.jpg
Training,notumor,600,450,RGB,JPEG,Dataset\Training\notumor\Tr-no_15.jpg
Training,notumor,502,513,RGB,JPEG,Dataset\Training\notumor\Tr-no_150.jpg
Training,notumor,200,252,RGB,JPEG,Dataset\Training\notumor\Tr-no_151.jpg
Training,notumor,359,449,RGB,JPEG,Dataset\Training\notumor\Tr-no_152.jpg
Training,notumor,225,225,RGB,JPEG,Dataset\Training\notumor\Tr-no_153.jpg
Training,notumor,225,225,RGB,JPEG,Dataset\Training\notumor\Tr-no_154.jpg
Training,notumor,330,220,RGB,JPEG,Dataset\Training\notumor\Tr-no_155.jpg
Training,notumor,355,452,RGB,JPEG,Dataset\Training\notumor\Tr-no_156.jpg
Training,notumor,214,236,RGB,JPEG,Dataset\Training\notumor\Tr-no_157.jpg
Training,notumor,400,442,RGB,JPEG,Dataset\Training\notumor\Tr-no_158.jpg
Training,notumor,630,630,RGB,JPEG,Dataset\Training\notumor\Tr-no_159.jpg
Training,notumor,173,201,RGB,JPEG,Dataset\Training\notumor\Tr-no_16.jpg
Training,notumor,400,442,RGB,JPEG,Dataset\Training\notumor\Tr-no_160.jpg
Training,notumor,233,218,RGB,JPEG,Dataset\Training\notumor\Tr-no_161.jpg
Training,notumor,550,664,RGB,JPEG,Dataset\Training\notumor\Tr-no_162.jpg
Training,notumor,227,262,RGB,JPEG,Dataset\Training\notumor\Tr-no_163.jpg
Training,notumor,235,214,RGB,JPEG,Dataset\Training\notumor\Tr-no_164.jpg
Training,notumor,201,251,RGB,JPEG,Dataset\Training\notumor\Tr-no_165.jpg
Training,notumor,750,750,RGB,JPEG,Dataset\Training\notumor\Tr-no_166.jpg
Training,notumor,225,225,RGB,JPEG,Dataset\Training\notumor\Tr-no_167.jpg
Training,notumor,236,236,RGB,JPEG,Dataset\Training\notumor\Tr-no_168.jpg
Training,notumor,225,225,RGB,JPEG,Dataset\Training\notumor\Tr-no_169.jpg
Training,notumor,212,222,RGB,JPEG,Dataset\Training\notumor\Tr-no_17.jpg
Training,notumor,235,214,RGB,JPEG,Dataset\Training\notumor\Tr-no_170.jpg
Training,notumor,275,301,RGB,JPEG,Dataset\Training\notumor\Tr-no_171.jpg
Training,notumor,512,512,RGB,JPEG,Dataset\Training\notumor\Tr-no_172.jpg
Training,notumor,210,234,RGB,JPEG,Dataset\Training\notumor\Tr-no_173.jpg
Training,notumor,236,315,RGB,JPEG,Dataset\Training\notumor\Tr-no_174.jpg
Training,notumor,225,225,RGB,JPEG,Dataset\Training\notumor\Tr-no_175.jpg
Training,notumor,225,225,RGB,JPEG,Dataset\Training\notumor\Tr-no_176.jpg
Training,notumor,420,280,RGB,JPEG,Dataset\Training\notumor\Tr-no_177.jpg
Training,notumor,339,340,RGB,JPEG,Dataset\Training\notumor\Tr-no_178.jpg
Training,notumor,200,252,RGB,JPEG,Dataset\Training\notumor\Tr-no_179.jpg
Training,notumor,225,225,RGB,JPEG,Dataset\Training\notumor\Tr-no_18.jpg
Training,notumor,253,239,RGB,JPEG,Dataset\Training\notumor\Tr-no_180.jpg
Training,notumor,201,251,RGB,JPEG,Dataset\Training\notumor\Tr-no_181.jpg
Training,notumor,428,417,RGB,JPEG,Dataset\Training\notumor\Tr-no_182.jpg
Training,notumor,550,664,RGB,JPEG,Dataset\Training\notumor\Tr-no_183.jpg
Training,notumor,225,225,RGB,JPEG,Dataset\Training\notumor\Tr-no_184.jpg
Training,notumor,233,222,RGB,JPEG,Dataset\Training\notumor\Tr-no_185.jpg
Training,notumor,228,221,RGB,JPEG,Dataset\Training\notumor\Tr-no_186.jpg
Training,notumor,225,225,RGB,JPEG,Dataset\Training\notumor\Tr-no_187.jpg
Training,notumor,225,225,RGB,JPEG,Dataset\Training\notumor\Tr-no_188.jpg
Training,notumor,630,630,RGB,JPEG,Dataset\Training\notumor\Tr-no_189.jpg
Training,notumor,428,417,RGB,JPEG,Dataset\Training\notumor\Tr-no_19.jpg
Training,notumor,314,258,RGB,JPEG,Dataset\Training\notumor\Tr-no_190.jpg
Training,notumor,380,530,RGB,JPEG,Dataset\Training\notumor\Tr-no_191.jpg
Training,notumor,356,474,RGB,JPEG,Dataset\Training\notumor\Tr-no_192.jpg
Training,notumor,192,192,RGB,JPEG,Dataset\Training\notumor\Tr-no_193.jpg
Training,notumor,420,280,RGB,JPEG,Dataset\Training\notumor\Tr-no_194.jpg
Training,notumor,192,192,RGB,JPEG,Dataset\Training\notumor\Tr-no_195.jpg
Training,notumor,236,300,RGB,JPEG,Dataset\Training\notumor\Tr-no_196.jpg
Training,notumor,206,244,RGB,JPEG,Dataset\Training\notumor\Tr-no_197.jpg
Training,notumor,648,674,RGB,JPEG,Dataset\Training\notumor\Tr-no_198.jpg
Training,notumor,225,225,RGB,JPEG,Dataset\Training\notumor\Tr-no_199.jpg
Training,notumor,201,251,RGB,JPEG,Dataset\Training\notumor\Tr-no_2.jpg
Training,notumor,225,225,RGB,JPEG,Dataset\Training\notumor\Tr-no_20.jpg
Training,notumor,227,262,RGB,JPEG,Dataset\Training\notumor\Tr-no_200.jpg
Training,notumor,225,225,RGB,JPEG,Dataset\Training\notumor\Tr-no_201.jpg
Training,notumor,276,326,RGB,JPEG,Dataset\Training\notumor\Tr-no_202.jpg
Training,notumor,225,225,RGB,JPEG,Dataset\Training\notumor\Tr-no_203.jpg
Training,notumor,512,512,RGB,JPEG,Dataset\Training\notumor\Tr-no_204.jpg
Training,notumor,225,225,RGB,JPEG,Dataset\Training\notumor\Tr-no_205.jpg
Training,notumor,225,225,RGB,JPEG,Dataset\Training\notumor\Tr-no_206.jpg
Training,notumor,225,225,RGB,JPEG,Dataset\Training\notumor\Tr-no_207.jpg
Training,notumor,237,248,RGB,JPEG,Dataset\Training\notumor\Tr-no_208.jpg
Training,notumor,468,444,RGB,JPEG,Dataset\Training\notumor\Tr-no_209.jpg
Training,notumor,225,225,RGB,JPEG,Dataset\Training\notumor\Tr-no_21.jpg
Training,notumor,225,225,RGB,JPEG,Dataset\Training\notumor\Tr-no_210.jpg
Training,notumor,225,225,RGB,JPEG,Dataset\Training\notumor\Tr-no_211.jpg
Training,notumor,225,225,RGB,JPEG,Dataset\Training\notumor\Tr-no_212.jpg
Training,notumor,173,201,RGB,JPEG,Dataset\Training\notumor\Tr-no_213.jpg
Training,notumor,629,585,RGB,JPEG,Dataset\Training\notumor\Tr-no_214.jpg
Training,notumor,442,442,RGB,JPEG,Dataset\Training\notumor\Tr-no_215.jpg
Training,notumor,150,198,RGB,JPEG,Dataset\Training\notumor\Tr-no_216.jpg
Training,notumor,359,449,RGB,JPEG,Dataset\Training\notumor\Tr-no_217.jpg
Training,notumor,210,264,RGB,JPEG,Dataset\Training\notumor\Tr-no_218.jpg
Training,notumor,420,280,RGB,JPEG,Dataset\Training\notumor\Tr-no_219.jpg
Training,notumor,550,664,RGBA,PNG,Dataset\Training\notumor\Tr-no_22.jpg
Training,notumor,225,225,RGB,JPEG,Dataset\Training\notumor\Tr-no_220.jpg
Training,notumor,192,192,RGB,JPEG,Dataset\Training\notumor\Tr-no_221.jpg
Training,notumor,233,243,RGB,JPEG,Dataset\Training\notumor\Tr-no_222.jpg
Training,notumor,227,222,RGB,JPEG,Dataset\Training\notumor\Tr-no_223.jpg
Training,notumor,225,225,RGB,JPEG,Dataset\Training\notumor\Tr-no_224.jpg
Training,notumor,225,225,RGB,JPEG,Dataset\Training\notumor\Tr-no_225.jpg
Training,notumor,442,454,RGB,JPEG,Dataset\Training\notumor\Tr-no_226.jpg
Training,notumor,201,251,RGB,JPEG,Dataset\Training\notumor\Tr-no_227.jpg
Training,notumor,225,225,RGB,JPEG,Dataset\Training\notumor\Tr-no_228.jpg
Training,notumor,236,213,RGB,JPEG,Dataset\Training\notumor\Tr-no_229.jpg
Training,notumor,359,449,RGB,JPEG,Dataset\Training\notumor\Tr-no_23.jpg
Training,notumor,236,236,RGB,JPEG,Dataset\Training\notumor\Tr-no_230.jpg
Training,notumor,400,442,RGB,JPEG,Dataset\Training\notumor\Tr-no_231.jpg
Training,notumor,225,225,RGB,JPEG,Dataset\Training\notumor\Tr-no_232.jpg
Training,notumor,350,350,RGB,JPEG,Dataset\Training\notumor\Tr-no_233.jpg
Training,notumor,359,449,RGB,JPEG,Dataset\Training\notumor\Tr-no_234.jpg
Training,notumor,600,605,RGB,JPEG,Dataset\Training\notumor\Tr-no_235.jpg
Training,notumor,504,540,RGB,JPEG,Dataset\Training\notumor\Tr-no_236.jpg
Training,notumor,225,225,RGB,JPEG,Dataset\Training\notumor\Tr-no_237.jpg
Training,notumor,228,221,RGB,JPEG,Dataset\Training\notumor\Tr-no_238.jpg
Training,notumor,512,512,RGB,JPEG,Dataset\Training\notumor\Tr-no_239.jpg
Training,notumor,428,417,RGB,JPEG,Dataset\Training\notumor\Tr-no_24.jpg
Training,notumor,222,252,RGB,JPEG,Dataset\Training\notumor\Tr-no_240.jpg
Training,notumor,225,225,RGB,JPEG,Dataset\Training\notumor\Tr-no_241.jpg
Training,notumor,472,537,RGB,JPEG,Dataset\Training\notumor\Tr-no_242.jpg
Training,notumor,225,225,RGB,JPEG,Dataset\Training\notumor\Tr-no_243.jpg
Training,notumor,208,225,RGB,JPEG,Dataset\Training\notumor\Tr-no_244.jpg
Training,notumor,208,242,RGB,JPEG,Dataset\Training\notumor\Tr-no_245.jpg
Training,notumor,200,252,RGB,JPEG,Dataset\Training\notumor\Tr-no_246.jpg
Training,notumor,236,251,RGB,JPEG,Dataset\Training\notumor\Tr-no_247.jpg
Training,notumor,416,489,RGB,JPEG,Dataset\Training\notumor\Tr-no_248.jpg
Training,notumor,225,225,RGB,JPEG,Dataset\Training\notumor\Tr-no_249.jpg
Training,notumor,218,231,RGB,JPEG,Dataset\Training\notumor\Tr-no_25.jpg
Training,notumor,236,236,RGB,JPEG,Dataset\Training\notumor\Tr-no_250.jpg
Training,notumor,630,630,L,JPEG,Dataset\Training\notumor\Tr-no_251.jpg
Training,notumor,232,217,RGB,JPEG,Dataset\Training\notumor\Tr-no_252.jpg
Training,notumor,630,630,RGB,JPEG,Dataset\Training\notumor\Tr-no_253.jpg
Training,notumor,173,201,RGB,JPEG,Dataset\Training\notumor\Tr-no_254.jpg
Training,notumor,225,225,RGB,JPEG,Dataset\Training\notumor\Tr-no_255.jpg
Training,notumor,206,244,RGB,JPEG,Dataset\Training\notumor\Tr-no_256.jpg
Training,notumor,439,512,RGB,JPEG,Dataset\Training\notumor\Tr-no_257.jpg
Training,notumor,1375,1446,RGB,JPEG,Dataset\Training\notumor\Tr-no_258.jpg
Training,notumor,150,198,RGB,JPEG,Dataset\Training\notumor\Tr-no_259.jpg
Training,notumor,225,225,RGB,JPEG,Dataset\Training\notumor\Tr-no_26.jpg
Training,notumor,218,231,RGB,JPEG,Dataset\Training\notumor\Tr-no_260.jpg
Training,notumor,236,251,RGB,JPEG,Dataset\Training\notumor\Tr-no_261.jpg
Training,notumor,225,225,RGB,JPEG,Dataset\Training\notumor\Tr-no_262.jpg
Training,notumor,550,664,RGB,JPEG,Dataset\Training\notumor\Tr-no_263.jpg
Training,notumor,206,244,RGB,JPEG,Dataset\Training\notumor\Tr-no_264.jpg
Training,notumor,225,225,RGB,JPEG,Dataset\Training\notumor\Tr-no_265.jpg
Training,notumor,550,664,RGB,JPEG,Dataset\Training\notumor\Tr-no_266.jpg
Training,notumor,225,225,RGB,JPEG,Dataset\Training\notumor\Tr-no_267.jpg
Training,notumor,339,340,RGB,JPEG,Dataset\Training\notumor\Tr-no_268.jpg
Training,notumor,209,242,RGB,JPEG,Dataset\Training\notumor\Tr-no_269.jpg
Training,notumor,177,197,RGB,JPEG,Dataset\Training\notumor\Tr-no_27.jpg
Training,notumor,630,630,RGB,JPEG,Dataset\Training\notumor\Tr-no_270.jpg
Training,notumor,225,225,RGB,JPEG,Dataset\Training\notumor\Tr-no_271.jpg
Training,notumor,630,630,RGB,JPEG,Dataset\Training\notumor\Tr-no_272.jpg
Training,notumor,364,418,RGB,JPEG,Dataset\Training\notumor\Tr-no_273.jpg
Training,notumor,446,512,RGB,JPEG,Dataset\Training\notumor\Tr-no_274.jpg
Training,notumor,236,262,RGB,JPEG,Dataset\Training\notumor\Tr-no_275.jpg
Training,notumor,218,231,RGB,JPEG,Dataset\Training\notumor\Tr-no_276.jpg
Training,notumor,468,444,RGB,JPEG,Dataset\Training\notumor\Tr-no_277.jpg
Training,notumor,400,442,RGB,JPEG,Dataset\Training\notumor\Tr-no_278.jpg
Training,notumor,350,350,RGB,JPEG,Dataset\Training\notumor\Tr-no_279.jpg
Training,notumor,236,236,RGB,JPEG,Dataset\Training\notumor\Tr-no_28.jpg
Training,notumor,512,512,RGB,JPEG,Dataset\Training\notumor\Tr-no_280.jpg
Training,notumor,225,225,RGB,JPEG,Dataset\Training\notumor\Tr-no_281.jpg
Training,notumor,550,664,RGB,JPEG,Dataset\Training\notumor\Tr-no_282.jpg
Training,notumor,428,417,RGB,JPEG,Dataset\Training\notumor\Tr-no_283.jpg
Training,notumor,630,630,L,JPEG,Dataset\Training\notumor\Tr-no_284.jpg
Training,notumor,215,234,RGB,JPEG,Dataset\Training\notumor\Tr-no_285.jpg
Training,notumor,356,474,RGB,JPEG,Dataset\Training\notumor\Tr-no_286.jpg
Training,notumor,225,225,RGB,JPEG,Dataset\Training\notumor\Tr-no_287.jpg
Training,notumor,630,630,RGB,JPEG,Dataset\Training\notumor\Tr-no_288.jpg
Training,notumor,236,223,RGB,JPEG,Dataset\Training\notumor\Tr-no_289.jpg
Training,notumor,225,225,RGB,JPEG,Dataset\Training\notumor\Tr-no_29.jpg
Training,notumor,380,530,RGB,JPEG,Dataset\Training\notumor\Tr-no_290.jpg
Training,notumor,400,442,RGB,JPEG,Dataset\Training\notumor\Tr-no_291.jpg
Training,notumor,235,261,RGB,JPEG,Dataset\Training\notumor\Tr-no_292.jpg
Training,notumor,150,198,RGB,JPEG,Dataset\Training\notumor\Tr-no_293.jpg
Training,notumor,232,217,RGB,JPEG,Dataset\Training\notumor\Tr-no_294.jpg
Training,notumor,350,350,RGB,JPEG,Dataset\Training\notumor\Tr-no_295.jpg
Training,notumor,218,231,RGB,JPEG,Dataset\Training\notumor\Tr-no_296.jpg
Training,notumor,228,221,RGB,JPEG,Dataset\Training\notumor\Tr-no_297.jpg
Training,notumor,278,253,RGB,JPEG,Dataset\Training\notumor\Tr-no_298.jpg
Training,notumor,236,250,RGB,JPEG,Dataset\Training\notumor\Tr-no_299.jpg
Training,notumor,236,236,RGB,JPEG,Dataset\Training\notumor\Tr-no_3.jpg
Training,notumor,200,210,RGB,JPEG,Dataset\Training\notumor\Tr-no_30.jpg
Training,notumor,212,280,RGB,JPEG,Dataset\Training\notumor\Tr-no_300.jpg
Training,notumor,225,225,RGB,JPEG,Dataset\Training\notumor\Tr-no_301.jpg
Training,notumor,380,530,RGB,JPEG,Dataset\Training\notumor\Tr-no_302.jpg
Training,notumor,630,630,RGB,JPEG,Dataset\Training\notumor\Tr-no_303.jpg
Training,notumor,512,512,RGB,JPEG,Dataset\Training\notumor\Tr-no_304.jpg
Training,notumor,456,501,RGB,JPEG,Dataset\Training\notumor\Tr-no_305.jpg
Training,notumor,225,225,RGB,JPEG,Dataset\Training\notumor\Tr-no_306.jpg
Training,notumor,203,248,RGB,JPEG,Dataset\Training\notumor\Tr-no_307.jpg
Training,notumor,236,357,RGB,JPEG,Dataset\Training\notumor\Tr-no_308.jpg
Training,notumor,225,225,RGB,JPEG,Dataset\Training\notumor\Tr-no_309.jpg
Training,notumor,630,630,RGB,JPEG,Dataset\Training\notumor\Tr-no_31.jpg
Training,notumor,225,225,RGB,JPEG,Dataset\Training\notumor\Tr-no_310.jpg
Training,notumor,150,198,RGB,JPEG,Dataset\Training\notumor\Tr-no_311.jpg
Training,notumor,214,236,RGB,JPEG,Dataset\Training\notumor\Tr-no_312.jpg
Training,notumor,228,221,RGB,JPEG,Dataset\Training\notumor\Tr-no_313.jpg
Training,notumor,630,630,RGB,JPEG,Dataset\Training\notumor\Tr-no_314.jpg
Training,notumor,850,872,RGB,JPEG,Dataset\Training\notumor\Tr-no_315.jpg
Training,notumor,225,225,RGB,JPEG,Dataset\Training\notumor\Tr-no_316.jpg
Training,notumor,207,243,RGB,JPEG,Dataset\Training\notumor\Tr-no_317.jpg
Training,notumor,442,454,RGB,JPEG,Dataset\Training\notumor\Tr-no_318.jpg
Training,notumor,225,225,RGB,JPEG,Dataset\Training\notumor\Tr-no_319.jpg
Training,notumor,225,225,RGB,JPEG,Dataset\Training\notumor\Tr-no_32.jpg
Training,notumor,630,630,RGB,JPEG,Dataset\Training\notumor\Tr-no_320.jpg
Training,notumor,630,630,RGB,JPEG,Dataset\Training\notumor\Tr-no_321.jpg
Training,notumor,630,630,L,JPEG,Dataset\Training\notumor\Tr-no_322.jpg
Training,notumor,192,192,RGB,JPEG,Dataset\Training\notumor\Tr-no_323.jpg
Training,notumor,150,198,RGB,JPEG,Dataset\Training\notumor\Tr-no_324.jpg
Training,notumor,234,218,RGB,JPEG,Dataset\Training\notumor\Tr-no_325.jpg
Training,notumor,512,512,RGB,JPEG,Dataset\Training\notumor\Tr-no_326.jpg
Training,notumor,236,236,RGB,JPEG,Dataset\Training\notumor\Tr-no_327.jpg
Training,notumor,225,225,RGB,JPEG,Dataset\Training\notumor\Tr-no_328.jpg
Training,notumor,201,250,RGB,JPEG,Dataset\Training\notumor\Tr-no_329.jpg
Training,notumor,228,221,RGB,JPEG,Dataset\Training\notumor\Tr-no_33.jpg
Training,notumor,225,225,RGB,JPEG,Dataset\Training\notumor\Tr-no_330.jpg
Training,notumor,201,251,RGB,JPEG,Dataset\Training\notumor\Tr-no_331.jpg
Training,notumor,380,530,RGB,JPEG,Dataset\Training\notumor\Tr-no_332.jpg
Training,notumor,236,213,RGB,JPEG,Dataset\Training\notumor\Tr-no_333.jpg
Training,notumor,227,222,RGB,JPEG,Dataset\Training\notumor\Tr-no_334.jpg
Training,notumor,225,225,RGB,JPEG,Dataset\Training\notumor\Tr-no_335.jpg
Training,notumor,254,198,RGB,JPEG,Dataset\Training\notumor\Tr-no_336.jpg
Training,notumor,227,262,RGB,JPEG,Dataset\Training\notumor\Tr-no_337.jpg
Training,notumor,468,444,RGB,JPEG,Dataset\Training\notumor\Tr-no_338.jpg
Training,notumor,225,225,RGB,JPEG,Dataset\Training\notumor\Tr-no_339.jpg
Training,notumor,205,214,RGB,JPEG,Dataset\Training\notumor\Tr-no_34.jpg
Training,notumor,201,251,RGB,JPEG,Dataset\Training\notumor\Tr-no_340.jpg
Training,notumor,680,680,RGB,JPEG,Dataset\Training\notumor\Tr-no_341.jpg
Training,notumor,393,400,RGB,JPEG,Dataset\Training\notumor\Tr-no_342.jpg
Training,notumor,442,454,RGB,JPEG,Dataset\Training\notumor\Tr-no_343.jpg
Training,notumor,209,234,RGB,JPEG,Dataset\Training\notumor\Tr-no_344.jpg
Training,notumor,442,442,RGB,JPEG,Dataset\Training\notumor\Tr-no_345.jpg
Training,notumor,235,216,RGB,JPEG,Dataset\Training\notumor\Tr-no_346.jpg
Training,notumor,225,225,RGB,JPEG,Dataset\Training\notumor\Tr-no_347.jpg
Training,notumor,236,236,RGB,JPEG,Dataset\Training\notumor\Tr-no_348.jpg
Training,notumor,224,286,RGB,JPEG,Dataset\Training\notumor\Tr-no_349.jpg
Training,notumor,173,201,RGB,JPEG,Dataset\Training\notumor\Tr-no_35.jpg
Training,notumor,225,225,RGB,JPEG,Dataset\Training\notumor\Tr-no_350.jpg
Training,notumor,225,225,RGB,JPEG,Dataset\Training\notumor\Tr-no_351.jpg
Training,notumor,504,540,RGB,JPEG,Dataset\Training\notumor\Tr-no_352.jpg
Training,notumor,225,225,RGB,JPEG,Dataset\Training\notumor\Tr-no_353.jpg
Training,notumor,228,221,RGB,JPEG,Dataset\Training\notumor\Tr-no_354.jpg
Training,notumor,201,251,RGB,JPEG,Dataset\Training\notumor\Tr-no_355.jpg
Training,notumor,626,575,RGB,JPEG,Dataset\Training\notumor\Tr-no_356.jpg
Training,notumor,230,282,RGB,JPEG,Dataset\Training\notumor\Tr-no_357.jpg
Training,notumor,208,248,RGB,JPEG,Dataset\Training\notumor\Tr-no_358.jpg
Training,notumor,400,442,RGB,JPEG,Dataset\Training\notumor\Tr-no_359.jpg
Training,notumor,201,250,RGB,JPEG,Dataset\Training\notumor\Tr-no_36.jpg
Training,notumor,225,225,RGB,JPEG,Dataset\Training\notumor\Tr-no_360.jpg
Training,notumor,201,250,RGB,JPEG,Dataset\Training\notumor\Tr-no_361.jpg
Training,notumor,235,233,RGB,JPEG,Dataset\Training\notumor\Tr-no_362.jpg
Training,notumor,430,483,RGB,JPEG,Dataset\Training\notumor\Tr-no_363.jpg
Training,notumor,228,221,RGB,JPEG,Dataset\Training\notumor\Tr-no_364.jpg
Training,notumor,350,350,RGB,JPEG,Dataset\Training\notumor\Tr-no_365.jpg
Training,notumor,228,221,RGB,JPEG,Dataset\Training\notumor\Tr-no_366.jpg
Training,notumor,192,192,RGB,JPEG,Dataset\Training\notumor\Tr-no_367.jpg
Training,notumor,232,217,RGB,JPEG,Dataset\Training\notumor\Tr-no_368.jpg
Training,notumor,504,540,RGB,JPEG,Dataset\Training\notumor\Tr-no_369.jpg
Training,notumor,359,449,RGB,JPEG,Dataset\Training\notumor\Tr-no_37.jpg
Training,notumor,400,442,RGB,JPEG,Dataset\Training\notumor\Tr-no_370.jpg
Training,notumor,630,630,RGB,JPEG,Dataset\Training\notumor\Tr-no_371.jpg
Training,notumor,230,282,RGB,JPEG,Dataset\Training\notumor\Tr-no_372.jpg
Training,notumor,680,680,RGB,JPEG,Dataset\Training\notumor\Tr-no_373.jpg
Training,notumor,201,250,RGB,JPEG,Dataset\Training\notumor\Tr-no_374.jpg
Training,notumor,201,250,RGB,JPEG,Dataset\Training\notumor\Tr-no_375.jpg
Training,notumor,321,351,RGB,JPEG,Dataset\Training\notumor\Tr-no_376.jpg
Training,notumor,192,192,RGB,JPEG,Dataset\Training\notumor\Tr-no_377.jpg
Training,notumor,201,250,RGB,JPEG,Dataset\Training\notumor\Tr-no_378.jpg
Training,notumor,225,225,RGB,JPEG,Dataset\Training\notumor\Tr-no_379.jpg
Training,notumor,196,257,RGB,JPEG,Dataset\Training\notumor\Tr-no_38.jpg
Training,notumor,236,236,RGB,JPEG,Dataset\Training\notumor\Tr-no_380.jpg
Training,notumor,192,192,RGB,JPEG,Dataset\Training\notumor\Tr-no_381.jpg
Training,notumor,225,225,RGB,JPEG,Dataset\Training\notumor\Tr-no_382.jpg
Training,notumor,236,268,RGB,JPEG,Dataset\Training\notumor\Tr-no_383.jpg
Training,notumor,225,225,RGB,JPEG,Dataset\Training\notumor\Tr-no_384.jpg
Training,notumor,420,280,RGB,JPEG,Dataset\Training\notumor\Tr-no_385.jpg
Training,notumor,225,225,RGB,JPEG,Dataset\Training\notumor\Tr-no_386.jpg
Training,notumor,236,236,RGB,JPEG,Dataset\Training\notumor\Tr-no_387.jpg
Training,notumor,276,326,RGB,JPEG,Dataset\Training\notumor\Tr-no_388.jpg
Training,notumor,234,218,RGB,JPEG,Dataset\Training\notumor\Tr-no_389.jpg
Training,notumor,400,442,RGB,JPEG,Dataset\Training\notumor\Tr-no_39.jpg
Training,notumor,228,221,RGB,JPEG,Dataset\Training\notumor\Tr-no_390.jpg
Training,notumor,225,225,RGB,JPEG,Dataset\Training\notumor\Tr-no_391.jpg
Training,notumor,420,280,RGB,JPEG,Dataset\Training\notumor\Tr-no_392.jpg
Training,notumor,441,442,RGB,JPEG,Dataset\Training\notumor\Tr-no_393.jpg
Training,notumor,218,231,RGB,JPEG,Dataset\Training\notumor\Tr-no_394.jpg
Training,notumor,218,231,RGB,JPEG,Dataset\Training\notumor\Tr-no_395.jpg
Training,notumor,206,244,RGB,JPEG,Dataset\Training\notumor\Tr-no_396.jpg
Training,notumor,300,168,RGB,JPEG,Dataset\Training\notumor\Tr-no_397.jpg
Training,notumor,215,234,RGB,JPEG,Dataset\Training\notumor\Tr-no_398.jpg
Training,notumor,393,400,RGB,JPEG,Dataset\Training\notumor\Tr-no_399.jpg
Training,notumor,232,217,RGB,JPEG,Dataset\Training\notumor\Tr-no_4.jpg
Training,notumor,825,832,RGB,JPEG,Dataset\Training\notumor\Tr-no_40.jpg
Training,notumor,630,630,RGB,JPEG,Dataset\Training\notumor\Tr-no_400.jpg
Training,notumor,225,225,RGB,JPEG,Dataset\Training\notumor\Tr-no_401.jpg
Training,notumor,201,251,RGB,JPEG,Dataset\Training\notumor\Tr-no_402.jpg
Training,notumor,201,251,RGB,JPEG,Dataset\Training\notumor\Tr-no_403.jpg
Training,notumor,512,512,RGB,JPEG,Dataset\Training\notumor\Tr-no_404.jpg
Training,notumor,230,282,RGB,JPEG,Dataset\Training\notumor\Tr-no_405.jpg
Training,notumor,236,213,RGB,JPEG,Dataset\Training\notumor\Tr-no_406.jpg
Training,notumor,236,309,RGB,JPEG,Dataset\Training\notumor\Tr-no_407.jpg
Training,notumor,236,236,RGB,JPEG,Dataset\Training\notumor\Tr-no_408.jpg
Training,notumor,504,540,RGB,JPEG,Dataset\Training\notumor\Tr-no_409.jpg
Training,notumor,630,630,RGB,JPEG,Dataset\Training\notumor\Tr-no_41.jpg
Training,notumor,331,406,RGB,JPEG,Dataset\Training\notumor\Tr-no_410.jpg
Training,notumor,630,630,RGB,JPEG,Dataset\Training\notumor\Tr-no_411.jpg
Training,notumor,236,366,RGB,JPEG,Dataset\Training\notumor\Tr-no_412.jpg
Training,notumor,206,244,RGB,JPEG,Dataset\Training\notumor\Tr-no_413.jpg
Training,notumor,442,454,RGB,JPEG,Dataset\Training\notumor\Tr-no_414.jpg
Training,notumor,275,301,L,JPEG,Dataset\Training\notumor\Tr-no_415.jpg
Training,notumor,235,229,RGB,JPEG,Dataset\Training\notumor\Tr-no_416.jpg
Training,notumor,550,664,RGB,JPEG,Dataset\Training\notumor\Tr-no_417.jpg
Training,notumor,300,168,RGB,JPEG,Dataset\Training\notumor\Tr-no_418.jpg
Training,notumor,225,225,RGB,JPEG,Dataset\Training\notumor\Tr-no_419.jpg
Training,notumor,225,225,RGB,JPEG,Dataset\Training\notumor\Tr-no_42.jpg
Training,notumor,220,212,RGB,JPEG,Dataset\Training\notumor\Tr-no_420.jpg
Training,notumor,1000,583,RGB,JPEG,Dataset\Training\notumor\Tr-no_421.jpg
Training,notumor,504,540,RGB,JPEG,Dataset\Training\notumor\Tr-no_422.jpg
Training,notumor,409,442,RGB,JPEG,Dataset\Training\notumor\Tr-no_423.jpg
Training,notumor,173,201,RGB,JPEG,Dataset\Training\notumor\Tr-no_424.jpg
Training,notumor,227,222,RGB,JPEG,Dataset\Training\notumor\Tr-no_425.jpg
Training,notumor,235,264,RGB,JPEG,Dataset\Training\notumor\Tr-no_426.jpg
Training,notumor,150,198,RGB,JPEG,Dataset\Training\notumor\Tr-no_427.jpg
Training,notumor,444,506,RGB,JPEG,Dataset\Training\notumor\Tr-no_428.jpg
Training,notumor,225,225,RGB,JPEG,Dataset\Training\notumor\Tr-no_429.jpg
Training,notumor,214,236,RGB,JPEG,Dataset\Training\notumor\Tr-no_43.jpg
Training,notumor,201,250,RGB,JPEG,Dataset\Training\notumor\Tr-no_430.jpg
Training,notumor,232,217,RGB,JPEG,Dataset\Training\notumor\Tr-no_431.jpg
Training,notumor,150,198,RGB,JPEG,Dataset\Training\notumor\Tr-no_432.jpg
Training,notumor,630,630,RGB,JPEG,Dataset\Training\notumor\Tr-no_433.jpg
Training,notumor,235,257,RGB,JPEG,Dataset\Training\notumor\Tr-no_434.jpg
Training,notumor,400,442,RGB,JPEG,Dataset\Training\notumor\Tr-no_435.jpg
Training,notumor,236,232,RGB,JPEG,Dataset\Training\notumor\Tr-no_436.jpg
Training,notumor,227,262,RGB,JPEG,Dataset\Training\notumor\Tr-no_437.jpg
Training,notumor,192,192,RGB,JPEG,Dataset\Training\notumor\Tr-no_438.jpg
Training,notumor,276,326,RGB,JPEG,Dataset\Training\notumor\Tr-no_439.jpg
Training,notumor,225,225,RGB,JPEG,Dataset\Training\notumor\Tr-no_44.jpg
Training,notumor,225,225,RGB,JPEG,Dataset\Training\notumor\Tr-no_440.jpg
Training,notumor,441,442,RGB,JPEG,Dataset\Training\notumor\Tr-no_441.jpg
Training,notumor,209,242,RGB,JPEG,Dataset\Training\notumor\Tr-no_442.jpg
Training,notumor,504,540,RGB,JPEG,Dataset\Training\notumor\Tr-no_443.jpg
Training,notumor,232,217,RGB,JPEG,Dataset\Training\notumor\Tr-no_444.jpg
Training,notumor,350,350,RGB,JPEG,Dataset\Training\notumor\Tr-no_445.jpg
Training,notumor,236,213,RGB,JPEG,Dataset\Training\notumor\Tr-no_446.jpg
Training,notumor,428,417,RGB,JPEG,Dataset\Training\notumor\Tr-no_447.jpg
Training,notumor,512,512,RGB,JPEG,Dataset\Training\notumor\Tr-no_448.jpg
Training,notumor,225,225,RGB,JPEG,Dataset\Training\notumor\Tr-no_449.jpg
Training,notumor,201,251,RGB,JPEG,Dataset\Training\notumor\Tr-no_45.jpg
Training,notumor,196,257,RGB,JPEG,Dataset\Training\notumor\Tr-no_450.jpg
Training,notumor,600,600,RGB,JPEG,Dataset\Training\notumor\Tr-no_451.jpg
Training,notumor,225,225,RGB,JPEG,Dataset\Training\notumor\Tr-no_452.jpg
Training,notumor,218,231,RGB,JPEG,Dataset\Training\notumor\Tr-no_453.jpg
Training,notumor,354,443,RGB,JPEG,Dataset\Training\notumor\Tr-no_454.jpg
Training,notumor,267,328,RGB,JPEG,Dataset\Training\notumor\Tr-no_455.jpg
Training,notumor,350,393,RGB,JPEG,Dataset\Training\notumor\Tr-no_456.jpg
Training,notumor,236,201,RGB,JPEG,Dataset\Training\notumor\Tr-no_457.jpg
Training,notumor,225,225,RGB,JPEG,Dataset\Training\notumor\Tr-no_458.jpg
Training,notumor,200,200,RGB,JPEG,Dataset\Training\notumor\Tr-no_459.jpg
Training,notumor,225,225,RGB,JPEG,Dataset\Training\notumor\Tr-no_46.jpg
Training,notumor,228,221,RGB,JPEG,Dataset\Training\notumor\Tr-no_460.jpg
Training,notumor,225,225,RGB,JPEG,Dataset\Training\notumor\Tr-no_461.jpg
Training,notumor,207,207,RGB,JPEG,Dataset\Training\notumor\Tr-no_462.jpg
Training,notumor,626,575,RGB,JPEG,Dataset\Training\notumor\Tr-no_463.jpg
Training,notumor,225,225,RGB,JPEG,Dataset\Training\notumor\Tr-no_464.jpg
Training,notumor,208,242,RGB,JPEG,Dataset\Training\notumor\Tr-no_465.jpg
Training,notumor,207,243,RGB,JPEG,Dataset\Training\notumor\Tr-no_466.jpg
Training,notumor,214,236,RGB,JPEG,Dataset\Training\notumor\Tr-no_467.jpg
Training,notumor,225,225,RGB,JPEG,Dataset\Training\notumor\Tr-no_468.jpg
Training,notumor,428,417,RGB,JPEG,Dataset\Training\notumor\Tr-no_469.jpg
Training,notumor,150,198,RGB,JPEG,Dataset\Training\notumor\Tr-no_47.jpg
Training,notumor,227,222,RGB,JPEG,Dataset\Training\notumor\Tr-no_470.jpg
Training,notumor,339,340,RGB,JPEG,Dataset\Training\notumor\Tr-no_471.jpg
Training,notumor,236,236,RGB,JPEG,Dataset\Training\notumor\Tr-no_472.jpg
Training,notumor,227,262,RGB,JPEG,Dataset\Training\notumor\Tr-no_473.jpg
Training,notumor,409,442,L,JPEG,Dataset\Training\notumor\Tr-no_474.jpg
Training,notumor,228,221,RGB,JPEG,Dataset\Training\notumor\Tr-no_475.jpg
Training,notumor,630,630,RGB,JPEG,Dataset\Training\notumor\Tr-no_476.jpg
Training,notumor,468,444,RGB,JPEG,Dataset\Training\notumor\Tr-no_477.jpg
Training,notumor,550,664,RGB,JPEG,Dataset\Training\notumor\Tr-no_478.jpg
Training,notumor,150,198,RGB,JPEG,Dataset\Training\notumor\Tr-no_479.jpg
Training,notumor,442,442,RGB,JPEG,Dataset\Training\notumor\Tr-no_48.jpg
Training,notumor,300,168,RGB,JPEG,Dataset\Training\notumor\Tr-no_480.jpg
Training,notumor,622,777,RGB,JPEG,Dataset\Training\notumor\Tr-no_481.jpg
Training,notumor,421,486,RGB,JPEG,Dataset\Training\notumor\Tr-no_482.jpg
Training,notumor,230,282,RGB,JPEG,Dataset\Training\notumor\Tr-no_483.jpg
Training,notumor,206,244,RGB,JPEG,Dataset\Training\notumor\Tr-no_484.jpg
Training,notumor,218,231,RGB,JPEG,Dataset\Training\notumor\Tr-no_485.jpg
Training,notumor,227,300,RGB,JPEG,Dataset\Training\notumor\Tr-no_486.jpg
Training,notumor,224,262,RGB,JPEG,Dataset\Training\notumor\Tr-no_487.jpg
Training,notumor,201,251,RGB,JPEG,Dataset\Training\notumor\Tr-no_488.jpg
Training,notumor,228,221,RGB,JPEG,Dataset\Training\notumor\Tr-no_489.jpg
Training,notumor,442,454,RGB,JPEG,Dataset\Training\notumor\Tr-no_49.jpg
Training,notumor,452,509,RGB,JPEG,Dataset\Training\notumor\Tr-no_490.jpg
Training,notumor,228,221,RGB,JPEG,Dataset\Training\notumor\Tr-no_491.jpg
Training,notumor,630,630,RGB,JPEG,Dataset\Training\notumor\Tr-no_492.jpg
Training,notumor,233,210,RGB,JPEG,Dataset\Training\notumor\Tr-no_493.jpg
Training,notumor,236,357,RGB,JPEG,Dataset\Training\notumor\Tr-no_494.jpg
Training,notumor,225,225,RGB,JPEG,Dataset\Training\notumor\Tr-no_495.jpg
Training,notumor,216,202,RGB,JPEG,Dataset\Training\notumor\Tr-no_496.jpg
Training,notumor,173,201,RGB,JPEG,Dataset\Training\notumor\Tr-no_497.jpg
Training,notumor,350,393,RGB,JPEG,Dataset\Training\notumor\Tr-no_498.jpg
Training,notumor,227,222,RGB,JPEG,Dataset\Training\notumor\Tr-no_499.jpg
Training,notumor,630,630,RGB,JPEG,Dataset\Training\notumor\Tr-no_5.jpg
Training,notumor,225,225,RGB,JPEG,Dataset\Training\notumor\Tr-no_50.jpg
Training,notumor,200,252,RGB,JPEG,Dataset\Training\notumor\Tr-no_500.jpg
Training,notumor,232,217,RGB,JPEG,Dataset\Training\notumor\Tr-no_501.jpg
Training,notumor,236,213,RGB,JPEG,Dataset\Training\notumor\Tr-no_502.jpg
Training,notumor,339,415,RGB,JPEG,Dataset\Training\notumor\Tr-no_503.jpg
Training,notumor,227,222,RGB,JPEG,Dataset\Training\notumor\Tr-no_504.jpg
Training,notumor,407,485,RGB,JPEG,Dataset\Training\notumor\Tr-no_505.jpg
Training,notumor,1024,1024,RGB,JPEG,Dataset\Training\notumor\Tr-no_506.jpg
Training,notumor,196,257,RGB,JPEG,Dataset\Training\notumor\Tr-no_507.jpg
Training,notumor,630,630,RGB,JPEG,Dataset\Training\notumor\Tr-no_508.jpg
Training,notumor,208,248,RGB,JPEG,Dataset\Training\notumor\Tr-no_509.jpg
Training,notumor,468,444,RGB,JPEG,Dataset\Training\notumor\Tr-no_51.jpg
Training,notumor,212,238,RGB,JPEG,Dataset\Training\notumor\Tr-no_510.jpg
Training,notumor,225,225,RGB,JPEG,Dataset\Training\notumor\Tr-no_511.jpg
Training,notumor,550,664,RGB,JPEG,Dataset\Training\notumor\Tr-no_512.jpg
Training,notumor,206,244,RGB,JPEG,Dataset\Training\notumor\Tr-no_513.jpg
Training,notumor,201,251,RGB,JPEG,Dataset\Training\notumor\Tr-no_514.jpg
Training,notumor,225,225,RGB,JPEG,Dataset\Training\notumor\Tr-no_515.jpg
Training,notumor,210,213,RGB,JPEG,Dataset\Training\notumor\Tr-no_516.jpg
Training,notumor,150,198,RGB,JPEG,Dataset\Training\notumor\Tr-no_517.jpg
Training,notumor,336,380,RGB,JPEG,Dataset\Training\notumor\Tr-no_518.jpg
Training,notumor,233,226,RGB,JPEG,Dataset\Training\notumor\Tr-no_519.jpg
Training,notumor,470,508,RGB,JPEG,Dataset\Training\notumor\Tr-no_52.jpg
Training,notumor,201,249,RGB,JPEG,Dataset\Training\notumor\Tr-no_520.jpg
Training,notumor,173,201,RGB,JPEG,Dataset\Training\notumor\Tr-no_521.jpg
Training,notumor,236,236,RGB,JPEG,Dataset\Training\notumor\Tr-no_522.jpg
Training,notumor,255,236,RGB,JPEG,Dataset\Training\notumor\Tr-no_523.jpg
Training,notumor,630,630,RGB,JPEG,Dataset\Training\notumor\Tr-no_524.jpg
Training,notumor,251,273,RGB,JPEG,Dataset\Training\notumor\Tr-no_525.jpg
Training,notumor,192,192,RGB,JPEG,Dataset\Training\notumor\Tr-no_526.jpg
Training,notumor,232,217,RGB,JPEG,Dataset\Training\notumor\Tr-no_527.jpg
Training,notumor,227,262,RGB,JPEG,Dataset\Training\notumor\Tr-no_528.jpg
Training,notumor,173,201,RGB,JPEG,Dataset\Training\notumor\Tr-no_529.jpg
Training,notumor,173,201,RGB,JPEG,Dataset\Training\notumor\Tr-no_53.jpg
Training,notumor,225,225,RGB,JPEG,Dataset\Training\notumor\Tr-no_530.jpg
Training,notumor,229,214,RGB,JPEG,Dataset\Training\notumor\Tr-no_531.jpg
Training,notumor,228,221,RGB,JPEG,Dataset\Training\notumor\Tr-no_532.jpg
Training,notumor,221,257,RGB,JPEG,Dataset\Training\notumor\Tr-no_533.jpg
Training,notumor,235,229,RGB,JPEG,Dataset\Training\notumor\Tr-no_534.jpg
Training,notumor,225,225,RGB,JPEG,Dataset\Training\notumor\Tr-no_535.jpg
Training,notumor,630,630,RGB,JPEG,Dataset\Training\notumor\Tr-no_536.jpg
Training,notumor,236,236,RGB,JPEG,Dataset\Training\notumor\Tr-no_537.jpg
Training,notumor,225,225,RGB,JPEG,Dataset\Training\notumor\Tr-no_538.jpg
Training,notumor,212,236,RGB,JPEG,Dataset\Training\notumor\Tr-no_539.jpg
Training,notumor,442,454,RGB,JPEG,Dataset\Training\notumor\Tr-no_54.jpg
Training,notumor,232,217,RGB,JPEG,Dataset\Training\notumor\Tr-no_540.jpg
Training,notumor,214,236,RGB,JPEG,Dataset\Training\notumor\Tr-no_541.jpg
Training,notumor,356,474,RGB,JPEG,Dataset\Training\notumor\Tr-no_542.jpg
Training,notumor,212,236,RGB,JPEG,Dataset\Training\notumor\Tr-no_543.jpg
Training,notumor,200,252,RGB,JPEG,Dataset\Training\notumor\Tr-no_544.jpg
Training,notumor,196,257,RGB,JPEG,Dataset\Training\notumor\Tr-no_545.jpg
Training,notumor,428,417,RGB,JPEG,Dataset\Training\notumor\Tr-no_546.jpg
Training,notumor,225,225,RGB,JPEG,Dataset\Training\notumor\Tr-no_547.jpg
Training,notumor,300,168,RGB,JPEG,Dataset\Training\notumor\Tr-no_548.jpg
Training,notumor,228,221,RGB,JPEG,Dataset\Training\notumor\Tr-no_549.jpg
Training,notumor,215,234,RGB,JPEG,Dataset\Training\notumor\Tr-no_55.jpg
Training,notumor,200,252,RGB,JPEG,Dataset\Training\notumor\Tr-no_550.jpg
Training,notumor,227,222,RGB,JPEG,Dataset\Training\notumor\Tr-no_551.jpg
Training,notumor,630,630,RGB,JPEG,Dataset\Training\notumor\Tr-no_552.jpg
Training,notumor,215,234,RGB,JPEG,Dataset\Training\notumor\Tr-no_553.jpg
Training,notumor,227,262,RGB,JPEG,Dataset\Training\notumor\Tr-no_554.jpg
Training,notumor,232,217,RGB,JPEG,Dataset\Training\notumor\Tr-no_555.jpg
Training,notumor,206,244,RGB,JPEG,Dataset\Training\notumor\Tr-no_556.jpg
Training,notumor,276,326,RGB,JPEG,Dataset\Training\notumor\Tr-no_557.jpg
Training,notumor,428,417,RGB,JPEG,Dataset\Training\notumor\Tr-no_558.jpg
Training,notumor,220,275,RGB,JPEG,Dataset\Training\notumor\Tr-no_559.jpg
Training,notumor,225,225,RGB,JPEG,Dataset\Training\notumor\Tr-no_56.jpg
Training,notumor,380,530,RGB,JPEG,Dataset\Training\notumor\Tr-no_560.jpg
Training,notumor,441,442,RGB,JPEG,Dataset\Training\notumor\Tr-no_561.jpg
Training,notumor,434,512,RGB,JPEG,Dataset\Training\notumor\Tr-no_562.jpg
Training,notumor,208,242,RGB,JPEG,Dataset\Training\notumor\Tr-no_563.jpg
Training,notumor,232,217,RGB,JPEG,Dataset\Training\notumor\Tr-no_564.jpg
Training,notumor,728,725,RGB,JPEG,Dataset\Training\notumor\Tr-no_565.jpg
Training,notumor,420,280,RGB,JPEG,Dataset\Training\notumor\Tr-no_566.jpg
Training,notumor,150,198,RGB,JPEG,Dataset\Training\notumor\Tr-no_567.jpg
Training,notumor,225,225,RGB,JPEG,Dataset\Training\notumor\Tr-no_568.jpg
Training,notumor,203,243,RGB,JPEG,Dataset\Training\notumor\Tr-no_569.jpg
Training,notumor,201,251,RGB,JPEG,Dataset\Training\notumor\Tr-no_57.jpg
Training,notumor,150,198,RGB,JPEG,Dataset\Training\notumor\Tr-no_570.jpg
Training,notumor,200,252,RGB,JPEG,Dataset\Training\notumor\Tr-no_571.jpg
Training,notumor,442,454,RGBA,PNG,Dataset\Training\notumor\Tr-no_572.jpg
Training,notumor,201,250,RGB,JPEG,Dataset\Training\notumor\Tr-no_573.jpg
Training,notumor,225,225,RGB,JPEG,Dataset\Training\notumor\Tr-no_574.jpg
Training,notumor,214,236,RGB,JPEG,Dataset\Training\notumor\Tr-no_575.jpg
Training,notumor,225,225,RGB,JPEG,Dataset\Training\notumor\Tr-no_576.jpg
Training,notumor,1024,1024,RGB,JPEG,Dataset\Training\notumor\Tr-no_577.jpg
Training,notumor,215,234,RGB,JPEG,Dataset\Training\notumor\Tr-no_578.jpg
Training,notumor,236,228,RGB,JPEG,Dataset\Training\notumor\Tr-no_579.jpg
Training,notumor,332,442,RGB,JPEG,Dataset\Training\notumor\Tr-no_58.jpg
Training,notumor,236,213,RGB,JPEG,Dataset\Training\notumor\Tr-no_580.jpg
Training,notumor,825,832,RGB,JPEG,Dataset\Training\notumor\Tr-no_581.jpg
Training,notumor,1000,583,RGB,JPEG,Dataset\Training\notumor\Tr-no_582.jpg
Training,notumor,173,201,RGB,JPEG,Dataset\Training\notumor\Tr-no_583.jpg
Training,notumor,207,243,RGB,JPEG,Dataset\Training\notumor\Tr-no_584.jpg
Training,notumor,227,222,RGB,JPEG,Dataset\Training\notumor\Tr-no_585.jpg
Training,notumor,201,251,RGB,JPEG,Dataset\Training\notumor\Tr-no_586.jpg
Training,notumor,225,225,RGB,JPEG,Dataset\Training\notumor\Tr-no_587.jpg
Training,notumor,218,231,RGB,JPEG,Dataset\Training\notumor\Tr-no_588.jpg
Training,notumor,218,231,RGB,JPEG,Dataset\Training\notumor\Tr-no_589.jpg
Training,notumor,225,225,RGB,JPEG,Dataset\Training\notumor\Tr-no_59.jpg
Training,notumor,215,234,RGB,JPEG,Dataset\Training\notumor\Tr-no_590.jpg
Training,notumor,236,221,RGB,JPEG,Dataset\Training\notumor\Tr-no_591.jpg
Training,notumor,232,217,RGB,JPEG,Dataset\Training\notumor\Tr-no_592.jpg
Training,notumor,208,242,RGB,JPEG,Dataset\Training\notumor\Tr-no_593.jpg
Training,notumor,236,295,RGB,JPEG,Dataset\Training\notumor\Tr-no_594.jpg
Training,notumor,201,251,RGB,JPEG,Dataset\Training\notumor\Tr-no_595.jpg
Training,notumor,225,225,RGB,JPEG,Dataset\Training\notumor\Tr-no_596.jpg
Training,notumor,201,251,RGB,JPEG,Dataset\Training\notumor\Tr-no_597.jpg
Training,notumor,194,259,RGB,JPEG,Dataset\Training\notumor\Tr-no_598.jpg
Training,notumor,236,213,RGB,JPEG,Dataset\Training\notumor\Tr-no_599.jpg
Training,notumor,680,680,RGB,JPEG,Dataset\Training\notumor\Tr-no_6.jpg
Training,notumor,150,198,RGB,JPEG,Dataset\Training\notumor\Tr-no_60.jpg
Training,notumor,630,630,RGB,JPEG,Dataset\Training\notumor\Tr-no_600.jpg
Training,notumor,192,192,RGB,JPEG,Dataset\Training\notumor\Tr-no_601.jpg
Training,notumor,225,225,RGB,JPEG,Dataset\Training\notumor\Tr-no_602.jpg
Training,notumor,504,540,RGB,JPEG,Dataset\Training\notumor\Tr-no_603.jpg
Training,notumor,225,225,RGB,JPEG,Dataset\Training\notumor\Tr-no_604.jpg
Training,notumor,214,236,RGB,JPEG,Dataset\Training\notumor\Tr-no_605.jpg
Training,notumor,235,227,RGB,JPEG,Dataset\Training\notumor\Tr-no_606.jpg
Training,notumor,259,194,RGB,JPEG,Dataset\Training\notumor\Tr-no_607.jpg
Training,notumor,202,250,RGB,JPEG,Dataset\Training\notumor\Tr-no_608.jpg
Training,notumor,236,213,RGB,JPEG,Dataset\Training\notumor\Tr-no_609.jpg
Training,notumor,206,244,RGB,JPEG,Dataset\Training\notumor\Tr-no_61.jpg
Training,notumor,225,225,RGB,JPEG,Dataset\Training\notumor\Tr-no_610.jpg
Training,notumor,630,630,L,JPEG,Dataset\Training\notumor\Tr-no_611.jpg
Training,notumor,630,630,RGB,JPEG,Dataset\Training\notumor\Tr-no_612.jpg
Training,notumor,201,250,RGB,JPEG,Dataset\Training\notumor\Tr-no_613.jpg
Training,notumor,400,442,RGB,JPEG,Dataset\Training\notumor\Tr-no_614.jpg
Training,notumor,228,221,RGB,JPEG,Dataset\Training\notumor\Tr-no_615.jpg
Training,notumor,320,344,RGB,JPEG,Dataset\Training\notumor\Tr-no_616.jpg
Training,notumor,630,630,RGB,JPEG,Dataset\Training\notumor\Tr-no_617.jpg
Training,notumor,208,242,RGB,JPEG,Dataset\Training\notumor\Tr-no_618.jpg
Training,notumor,228,221,RGB,JPEG,Dataset\Training\notumor\Tr-no_619.jpg
Training,notumor,350,350,RGB,JPEG,Dataset\Training\notumor\Tr-no_62.jpg
Training,notumor,220,275,L,JPEG,Dataset\Training\notumor\Tr-no_620.jpg
Training,notumor,300,168,RGB,JPEG,Dataset\Training\notumor\Tr-no_621.jpg
Training,notumor,630,630,RGB,JPEG,Dataset\Training\notumor\Tr-no_622.jpg
Training,notumor,192,192,RGB,JPEG,Dataset\Training\notumor\Tr-no_623.jpg
Training,notumor,173,201,RGB,JPEG,Dataset\Training\notumor\Tr-no_624.jpg
Training,notumor,728,725,P,PNG,Dataset\Training\notumor\Tr-no_625.jpg
Training,notumor,225,225,RGB,JPEG,Dataset\Training\notumor\Tr-no_626.jpg
Training,notumor,441,442,RGB,JPEG,Dataset\Training\notumor\Tr-no_627.jpg
Training,notumor,428,417,RGB,JPEG,Dataset\Training\notumor\Tr-no_628.jpg
Training,notumor,225,225,RGB,JPEG,Dataset\Training\notumor\Tr-no_629.jpg
Training,notumor,409,442,RGB,JPEG,Dataset\Training\notumor\Tr-no_63.jpg
Training,notumor,472,537,RGB,JPEG,Dataset\Training\notumor\Tr-no_630.jpg
Training,notumor,225,225,RGB,JPEG,Dataset\Training\notumor\Tr-no_631.jpg
Training,notumor,550,664,RGB,JPEG,Dataset\Training\notumor\Tr-no_632.jpg
Training,notumor,468,444,RGB,JPEG,Dataset\Training\notumor\Tr-no_633.jpg
Training,notumor,339,340,RGB,JPEG,Dataset\Training\notumor\Tr-no_634.jpg
Training,notumor,225,225,RGB,JPEG,Dataset\Training\notumor\Tr-no_635.jpg
Training,notumor,276,326,RGB,JPEG,Dataset\Training\notumor\Tr-no_636.jpg
Training,notumor,225,225,RGB,JPEG,Dataset\Training\notumor\Tr-no_637.jpg
Training,notumor,205,249,RGB,JPEG,Dataset\Training\notumor\Tr-no_638.jpg
Training,notumor,236,236,RGB,JPEG,Dataset\Training\notumor\Tr-no_639.jpg
Training,notumor,400,442,RGB,JPEG,Dataset\Training\notumor\Tr-no_64.jpg
Training,notumor,212,238,RGB,JPEG,Dataset\Training\notumor\Tr-no_640.jpg
Training,notumor,468,444,RGB,JPEG,Dataset\Training\notumor\Tr-no_641.jpg
Training,notumor,414,496,RGB,JPEG,Dataset\Training\notumor\Tr-no_642.jpg
Training,notumor,359,449,RGB,JPEG,Dataset\Training\notumor\Tr-no_643.jpg
Training,notumor,200,252,RGB,JPEG,Dataset\Training\notumor\Tr-no_644.jpg
Training,notumor,227,262,RGB,JPEG,Dataset\Training\notumor\Tr-no_645.jpg
Training,notumor,441,442,RGB,JPEG,Dataset\Training\notumor\Tr-no_646.jpg
Training,notumor,225,225,RGB,JPEG,Dataset\Training\notumor\Tr-no_647.jpg
Training,notumor,442,442,RGB,JPEG,Dataset\Training\notumor\Tr-no_648.jpg
Training,notumor,411,501,RGB,JPEG,Dataset\Training\notumor\Tr-no_649.jpg
Training,notumor,232,217,RGB,JPEG,Dataset\Training\notumor\Tr-no_65.jpg
Training,notumor,233,228,RGB,JPEG,Dataset\Training\notumor\Tr-no_650.jpg
Training,notumor,428,417,RGB,JPEG,Dataset\Training\notumor\Tr-no_651.jpg
Training,notumor,275,183,RGB,JPEG,Dataset\Training\notumor\Tr-no_652.jpg
Training,notumor,225,225,RGB,JPEG,Dataset\Training\notumor\Tr-no_653.jpg
Training,notumor,204,247,RGB,JPEG,Dataset\Training\notumor\Tr-no_654.jpg
Training,notumor,400,442,RGB,JPEG,Dataset\Training\notumor\Tr-no_655.jpg
Training,notumor,225,225,RGB,JPEG,Dataset\Training\notumor\Tr-no_656.jpg
Training,notumor,225,225,RGB,JPEG,Dataset\Training\notumor\Tr-no_657.jpg
Training,notumor,244,274,RGB,JPEG,Dataset\Training\notumor\Tr-no_658.jpg
Training,notumor,206,244,RGB,JPEG,Dataset\Training\notumor\Tr-no_659.jpg
Training,notumor,173,201,RGB,JPEG,Dataset\Training\notumor\Tr-no_66.jpg
Training,notumor,411,496,RGB,JPEG,Dataset\Training\notumor\Tr-no_660.jpg
Training,notumor,200,252,RGB,JPEG,Dataset\Training\notumor\Tr-no_661.jpg
Training,notumor,225,225,RGB,JPEG,Dataset\Training\notumor\Tr-no_662.jpg
Training,notumor,225,225,RGB,JPEG,Dataset\Training\notumor\Tr-no_663.jpg
Training,notumor,233,210,RGB,JPEG,Dataset\Training\notumor\Tr-no_664.jpg
Training,notumor,225,225,RGB,JPEG,Dataset\Training\notumor\Tr-no_665.jpg
Training,notumor,225,225,RGB,JPEG,Dataset\Training\notumor\Tr-no_666.jpg
Training,notumor,350,393,RGB,JPEG,Dataset\Training\notumor\Tr-no_667.jpg
Training,notumor,225,225,RGB,JPEG,Dataset\Training\notumor\Tr-no_668.jpg
Training,notumor,225,225,RGB,JPEG,Dataset\Training\notumor\Tr-no_669.jpg
Training,notumor,225,225,RGB,JPEG,Dataset\Training\notumor\Tr-no_67.jpg
Training,notumor,225,218,RGB,JPEG,Dataset\Training\notumor\Tr-no_670.jpg
Training,notumor,192,192,RGB,JPEG,Dataset\Training\notumor\Tr-no_671.jpg
Training,notumor,380,530,RGB,JPEG,Dataset\Training\notumor\Tr-no_672.jpg
Training,notumor,442,442,RGB,JPEG,Dataset\Training\notumor\Tr-no_673.jpg
Training,notumor,211,236,RGB,JPEG,Dataset\Training\notumor\Tr-no_674.jpg
Training,notumor,630,630,RGB,JPEG,Dataset\Training\notumor\Tr-no_675.jpg
Training,notumor,218,231,RGB,JPEG,Dataset\Training\notumor\Tr-no_676.jpg
Training,notumor,236,243,RGB,JPEG,Dataset\Training\notumor\Tr-no_677.jpg
Training,notumor,441,442,RGB,JPEG,Dataset\Training\notumor\Tr-no_678.jpg
Training,notumor,442,454,RGB,JPEG,Dataset\Training\notumor\Tr-no_679.jpg
Training,notumor,232,217,RGB,JPEG,Dataset\Training\notumor\Tr-no_68.jpg
Training,notumor,201,250,RGB,JPEG,Dataset\Training\notumor\Tr-no_680.jpg
Training,notumor,225,225,RGB,JPEG,Dataset\Training\notumor\Tr-no_681.jpg
Training,notumor,442,442,RGB,JPEG,Dataset\Training\notumor\Tr-no_682.jpg
Training,notumor,680,680,RGB,JPEG,Dataset\Training\notumor\Tr-no_683.jpg
Training,notumor,235,228,RGB,JPEG,Dataset\Training\notumor\Tr-no_684.jpg
Training,notumor,225,225,RGB,JPEG,Dataset\Training\notumor\Tr-no_685.jpg
Training,notumor,504,488,RGB,JPEG,Dataset\Training\notumor\Tr-no_686.jpg
Training,notumor,235,214,RGB,JPEG,Dataset\Training\notumor\Tr-no_687.jpg
Training,notumor,225,225,RGB,JPEG,Dataset\Training\notumor\Tr-no_688.jpg
Training,notumor,512,512,RGB,JPEG,Dataset\Training\notumor\Tr-no_689.jpg
Training,notumor,207,243,RGB,JPEG,Dataset\Training\notumor\Tr-no_69.jpg
Training,notumor,359,449,RGB,JPEG,Dataset\Training\notumor\Tr-no_690.jpg
Training,notumor,150,198,RGB,JPEG,Dataset\Training\notumor\Tr-no_691.jpg
Training,notumor,416,512,RGB,JPEG,Dataset\Training\notumor\Tr-no_692.jpg
Training,notumor,630,630,RGB,JPEG,Dataset\Training\notumor\Tr-no_693.jpg
Training,notumor,232,217,RGB,JPEG,Dataset\Training\notumor\Tr-no_694.jpg
Training,notumor,225,225,RGB,JPEG,Dataset\Training\notumor\Tr-no_695.jpg
Training,notumor,225,225,RGB,JPEG,Dataset\Training\notumor\Tr-no_696.jpg
Training,notumor,215,234,RGB,JPEG,Dataset\Training\notumor\Tr-no_697.jpg
Training,notumor,236,260,RGB,JPEG,Dataset\Training\notumor\Tr-no_698.jpg
Training,notumor,442,442,RGB,JPEG,Dataset\Training\notumor\Tr-no_699.jpg
Training,notumor,630,630,RGB,JPEG,Dataset\Training\notumor\Tr-no_7.jpg
Training,notumor,420,280,RGB,JPEG,Dataset\Training\notumor\Tr-no_70.jpg
Training,notumor,236,236,RGB,JPEG,Dataset\Training\notumor\Tr-no_700.jpg
Training,notumor,228,221,RGB,JPEG,Dataset\Training\notumor\Tr-no_701.jpg
Training,notumor,200,248,RGB,JPEG,Dataset\Training\notumor\Tr-no_702.jpg
Training,notumor,150,198,RGB,JPEG,Dataset\Training\notumor\Tr-no_703.jpg
Training,notumor,227,222,RGB,JPEG,Dataset\Training\notumor\Tr-no_704.jpg
Training,notumor,500,500,RGB,JPEG,Dataset\Training\notumor\Tr-no_705.jpg
Training,notumor,256,256,RGB,JPEG,Dataset\Training\notumor\Tr-no_706.jpg
Training,notumor,214,236,RGB,JPEG,Dataset\Training\notumor\Tr-no_707.jpg
Training,notumor,214,236,RGB,JPEG,Dataset\Training\notumor\Tr-no_708.jpg
Training,notumor,225,225,RGB,JPEG,Dataset\Training\notumor\Tr-no_709.jpg
Training,notumor,230,282,RGB,JPEG,Dataset\Training\notumor\Tr-no_71.jpg
Training,notumor,225,225,RGB,JPEG,Dataset\Training\notumor\Tr-no_710.jpg
Training,notumor,150,198,RGB,JPEG,Dataset\Training\notumor\Tr-no_711.jpg
Training,notumor,1024,830,RGB,JPEG,Dataset\Training\notumor\Tr-no_712.jpg
Training,notumor,225,225,RGB,JPEG,Dataset\Training\notumor\Tr-no_713.jpg
Training,notumor,232,217,RGB,JPEG,Dataset\Training\notumor\Tr-no_714.jpg
Training,notumor,630,630,RGB,JPEG,Dataset\Training\notumor\Tr-no_715.jpg
Training,notumor,428,417,RGB,JPEG,Dataset\Training\notumor\Tr-no_716.jpg
Training,notumor,225,225,RGB,JPEG,Dataset\Training\notumor\Tr-no_717.jpg
Training,notumor,225,225,RGB,JPEG,Dataset\Training\notumor\Tr-no_718.jpg
Training,notumor,236,295,RGB,JPEG,Dataset\Training\notumor\Tr-no_719.jpg
Training,notumor,225,225,RGB,JPEG,Dataset\Training\notumor\Tr-no_72.jpg
Training,notumor,428,417,RGB,JPEG,Dataset\Training\notumor\Tr-no_720.jpg
Training,notumor,225,225,RGB,JPEG,Dataset\Training\notumor\Tr-no_721.jpg
Training,notumor,228,221,RGB,JPEG,Dataset\Training\notumor\Tr-no_722.jpg
Training,notumor,232,217,RGB,JPEG,Dataset\Training\notumor\Tr-no_723.jpg
Training,notumor,356,474,RGB,JPEG,Dataset\Training\notumor\Tr-no_724.jpg
Training,notumor,225,225,RGB,JPEG,Dataset\Training\notumor\Tr-no_725.jpg
Training,notumor,225,225,RGB,JPEG,Dataset\Training\notumor\Tr-no_726.jpg
Training,notumor,214,236,RGB,JPEG,Dataset\Training\notumor\Tr-no_727.jpg
Training,notumor,196,257,RGB,JPEG,Dataset\Training\notumor\Tr-no_728.jpg
Training,notumor,225,225,RGB,JPEG,Dataset\Training\notumor\Tr-no_729.jpg
Training,notumor,225,225,RGB,JPEG,Dataset\Training\notumor\Tr-no_73.jpg
Training,notumor,350,393,RGB,JPEG,Dataset\Training\notumor\Tr-no_730.jpg
Training,notumor,228,221,RGB,JPEG,Dataset\Training\notumor\Tr-no_731.jpg
Training,notumor,225,225,RGB,JPEG,Dataset\Training\notumor\Tr-no_732.jpg
Training,notumor,225,225,RGB,JPEG,Dataset\Training\notumor\Tr-no_733.jpg
Training,notumor,227,222,RGB,JPEG,Dataset\Training\notumor\Tr-no_734.jpg
Training,notumor,359,449,RGB,JPEG,Dataset\Training\notumor\Tr-no_735.jpg
Training,notumor,236,213,RGB,JPEG,Dataset\Training\notumor\Tr-no_736.jpg
Training,notumor,600,519,RGB,JPEG,Dataset\Training\notumor\Tr-no_737.jpg
Training,notumor,236,236,RGB,JPEG,Dataset\Training\notumor\Tr-no_738.jpg
Training,notumor,206,244,RGB,JPEG,Dataset\Training\notumor\Tr-no_739.jpg
Training,notumor,220,275,L,JPEG,Dataset\Training\notumor\Tr-no_74.jpg
Training,notumor,227,222,RGB,JPEG,Dataset\Training\notumor\Tr-no_740.jpg
Training,notumor,192,192,RGB,JPEG,Dataset\Training\notumor\Tr-no_741.jpg
Training,notumor,150,198,RGB,JPEG,Dataset\Training\notumor\Tr-no_742.jpg
Training,notumor,236,213,RGB,JPEG,Dataset\Training\notumor\Tr-no_743.jpg
Training,notumor,225,225,RGB,JPEG,Dataset\Training\notumor\Tr-no_744.jpg
Training,notumor,208,217,RGB,JPEG,Dataset\Training\notumor\Tr-no_745.jpg
Training,notumor,225,225,RGB,JPEG,Dataset\Training\notumor\Tr-no_746.jpg
Training,notumor,236,236,RGB,JPEG,Dataset\Training\notumor\Tr-no_747.jpg
Training,notumor,206,244,RGB,JPEG,Dataset\Training\notumor\Tr-no_748.jpg
Training,notumor,512,512,RGB,JPEG,Dataset\Training\notumor\Tr-no_749.jpg
Training,notumor,212,238,RGB,JPEG,Dataset\Training\notumor\Tr-no_75.jpg
Training,notumor,236,236,RGB,JPEG,Dataset\Training\notumor\Tr-no_750.jpg
Training,notumor,225,225,RGB,JPEG,Dataset\Training\notumor\Tr-no_751.jpg
Training,notumor,356,474,RGB,JPEG,Dataset\Training\notumor\Tr-no_752.jpg
Training,notumor,232,217,RGB,JPEG,Dataset\Training\notumor\Tr-no_753.jpg
Training,notumor,196,257,RGB,JPEG,Dataset\Training\notumor\Tr-no_754.jpg
Training,notumor,400,442,RGB,JPEG,Dataset\Training\notumor\Tr-no_755.jpg
Training,notumor,201,250,RGB,JPEG,Dataset\Training\notumor\Tr-no_756.jpg
Training,notumor,225,225,RGB,JPEG,Dataset\Training\notumor\Tr-no_757.jpg
Training,notumor,196,257,RGB,JPEG,Dataset\Training\notumor\Tr-no_758.jpg
Training,notumor,225,225,RGB,JPEG,Dataset\Training\notumor\Tr-no_759.jpg
Training,notumor,225,225,RGB,JPEG,Dataset\Training\notumor\Tr-no_76.jpg
Training,notumor,236,236,RGB,JPEG,Dataset\Training\notumor\Tr-no_760.jpg
Training,notumor,225,225,RGB,JPEG,Dataset\Training\notumor\Tr-no_761.jpg
Training,notumor,150,198,RGB,JPEG,Dataset\Training\notumor\Tr-no_762.jpg
Training,notumor,235,227,RGB,JPEG,Dataset\Training\notumor\Tr-no_763.jpg
Training,notumor,1024,1024,RGB,JPEG,Dataset\Training\notumor\Tr-no_764.jpg
Training,notumor,225,225,RGB,JPEG,Dataset\Training\notumor\Tr-no_765.jpg
Training,notumor,562,592,RGB,JPEG,Dataset\Training\notumor\Tr-no_766.jpg
Training,notumor,416,512,RGB,JPEG,Dataset\Training\notumor\Tr-no_767.jpg
Training,notumor,207,243,RGB,JPEG,Dataset\Training\notumor\Tr-no_768.jpg
Training,notumor,201,251,RGB,JPEG,Dataset\Training\notumor\Tr-no_769.jpg
Training,notumor,236,294,RGB,JPEG,Dataset\Training\notumor\Tr-no_77.jpg
Training,notumor,442,442,RGB,JPEG,Dataset\Training\notumor\Tr-no_770.jpg
Training,notumor,428,417,RGB,JPEG,Dataset\Training\notumor\Tr-no_771.jpg
Training,notumor,428,417,RGB,JPEG,Dataset\Training\notumor\Tr-no_772.jpg
Training,notumor,173,201,RGB,JPEG,Dataset\Training\notumor\Tr-no_773.jpg
Training,notumor,225,225,RGB,JPEG,Dataset\Training\notumor\Tr-no_774.jpg
Training,notumor,207,243,RGB,JPEG,Dataset\Training\notumor\Tr-no_775.jpg
Training,notumor,173,201,RGB,JPEG,Dataset\Training\notumor\Tr-no_776.jpg
Training,notumor,630,614,RGB,JPEG,Dataset\Training\notumor\Tr-no_777.jpg
Training,notumor,227,262,RGB,JPEG,Dataset\Training\notumor\Tr-no_778.jpg
Training,notumor,224,286,RGB,JPEG,Dataset\Training\notumor\Tr-no_779.jpg
Training,notumor,226,213,RGB,JPEG,Dataset\Training\notumor\Tr-no_78.jpg
Training,notumor,173,201,RGB,JPEG,Dataset\Training\notumor\Tr-no_780.jpg
Training,notumor,201,251,RGB,JPEG,Dataset\Training\notumor\Tr-no_781.jpg
Training,notumor,235,304,RGB,JPEG,Dataset\Training\notumor\Tr-no_782.jpg
Training,notumor,236,257,RGB,JPEG,Dataset\Training\notumor\Tr-no_783.jpg
Training,notumor,225,225,RGB,JPEG,Dataset\Training\notumor\Tr-no_784.jpg
Training,notumor,441,442,RGB,JPEG,Dataset\Training\notumor\Tr-no_785.jpg
Training,notumor,234,225,RGB,JPEG,Dataset\Training\notumor\Tr-no_786.jpg
Training,notumor,442,442,L,JPEG,Dataset\Training\notumor\Tr-no_787.jpg
Training,notumor,400,442,RGB,JPEG,Dataset\Training\notumor\Tr-no_788.jpg
Training,notumor,225,225,RGB,JPEG,Dataset\Training\notumor\Tr-no_789.jpg
Training,notumor,680,680,RGB,JPEG,Dataset\Training\notumor\Tr-no_79.jpg
Training,notumor,550,664,RGB,JPEG,Dataset\Training\notumor\Tr-no_790.jpg
Training,notumor,227,262,RGB,JPEG,Dataset\Training\notumor\Tr-no_791.jpg
Training,notumor,232,217,RGB,JPEG,Dataset\Training\notumor\Tr-no_792.jpg
Training,notumor,194,259,RGB,JPEG,Dataset\Training\notumor\Tr-no_793.jpg
Training,notumor,630,630,RGB,JPEG,Dataset\Training\notumor\Tr-no_794.jpg
Training,notumor,218,231,RGB,JPEG,Dataset\Training\notumor\Tr-no_795.jpg
Training,notumor,229,280,RGB,JPEG,Dataset\Training\notumor\Tr-no_796.jpg
Training,notumor,630,630,RGB,JPEG,Dataset\Training\notumor\Tr-no_797.jpg
Training,notumor,442,442,RGB,JPEG,Dataset\Training\notumor\Tr-no_798.jpg
Training,notumor,630,630,RGB,JPEG,Dataset\Training\notumor\Tr-no_799.jpg
Training,notumor,850,872,RGB,JPEG,Dataset\Training\notumor\Tr-no_8.jpg
Training,notumor,504,540,RGB,JPEG,Dataset\Training\notumor\Tr-no_80.jpg
Training,notumor,192,192,RGB,JPEG,Dataset\Training\notumor\Tr-no_800.jpg
Training,notumor,225,225,RGB,JPEG,Dataset\Training\notumor\Tr-no_801.jpg
Training,notumor,225,225,RGB,JPEG,Dataset\Training\notumor\Tr-no_802.jpg
Training,notumor,442,442,RGB,JPEG,Dataset\Training\notumor\Tr-no_803.jpg
Training,notumor,225,225,RGB,JPEG,Dataset\Training\notumor\Tr-no_804.jpg
Training,notumor,200,252,RGB,JPEG,Dataset\Training\notumor\Tr-no_805.jpg
Training,notumor,630,630,L,JPEG,Dataset\Training\notumor\Tr-no_806.jpg
Training,notumor,232,217,RGB,JPEG,Dataset\Training\notumor\Tr-no_807.jpg
Training,notumor,200,252,RGB,JPEG,Dataset\Training\notumor\Tr-no_808.jpg
Training,notumor,215,234,RGB,JPEG,Dataset\Training\notumor\Tr-no_809.jpg
Training,notumor,225,225,RGB,JPEG,Dataset\Training\notumor\Tr-no_81.jpg
Training,notumor,442,442,RGB,JPEG,Dataset\Training\notumor\Tr-no_810.jpg
Training,notumor,428,417,RGB,JPEG,Dataset\Training\notumor\Tr-no_811.jpg
Training,notumor,550,664,RGB,JPEG,Dataset\Training\notumor\Tr-no_812.jpg
Training,notumor,236,236,RGB,JPEG,Dataset\Training\notumor\Tr-no_813.jpg
Training,notumor,219,211,RGB,JPEG,Dataset\Training\notumor\Tr-no_814.jpg
Training,notumor,428,417,RGB,JPEG,Dataset\Training\notumor\Tr-no_815.jpg
Training,notumor,225,259,RGB,JPEG,Dataset\Training\notumor\Tr-no_816.jpg
Training,notumor,411,501,RGB,JPEG,Dataset\Training\notumor\Tr-no_817.jpg
Training,notumor,225,225,RGB,JPEG,Dataset\Training\notumor\Tr-no_818.jpg
Training,notumor,236,220,RGB,JPEG,Dataset\Training\notumor\Tr-no_819.jpg
Training,notumor,225,225,RGB,JPEG,Dataset\Training\notumor\Tr-no_82.jpg
Training,notumor,225,225,RGB,JPEG,Dataset\Training\notumor\Tr-no_820.jpg
Training,notumor,680,680,RGB,JPEG,Dataset\Training\notumor\Tr-no_821.jpg
Training,notumor,235,227,RGB,JPEG,Dataset\Training\notumor\Tr-no_822.jpg
Training,notumor,225,225,RGB,JPEG,Dataset\Training\notumor\Tr-no_823.jpg
Training,notumor,230,282,RGB,JPEG,Dataset\Training\notumor\Tr-no_824.jpg
Training,notumor,468,444,RGB,JPEG,Dataset\Training\notumor\Tr-no_825.jpg
Training,notumor,208,242,RGB,JPEG,Dataset\Training\notumor\Tr-no_826.jpg
Training,notumor,150,198,RGB,JPEG,Dataset\Training\notumor\Tr-no_827.jpg
Training,notumor,359,449,RGB,JPEG,Dataset\Training\notumor\Tr-no_828.jpg
Training,notumor,225,225,RGB,JPEG,Dataset\Training\notumor\Tr-no_829.jpg
Training,notumor,400,442,RGB,JPEG,Dataset\Training\notumor\Tr-no_83.jpg
Training,notumor,235,214,RGB,JPEG,Dataset\Training\notumor\Tr-no_830.jpg
Training,notumor,785,848,RGB,JPEG,Dataset\Training\notumor\Tr-no_831.jpg
Training,notumor,236,236,RGB,JPEG,Dataset\Training\notumor\Tr-no_832.jpg
Training,notumor,359,449,RGB,JPEG,Dataset\Training\notumor\Tr-no_833.jpg
Training,notumor,512,512,RGB,JPEG,Dataset\Training\notumor\Tr-no_834.jpg
Training,notumor,300,168,RGB,JPEG,Dataset\Training\notumor\Tr-no_835.jpg
Training,notumor,192,192,RGB,JPEG,Dataset\Training\notumor\Tr-no_836.jpg
Training,notumor,276,326,RGB,JPEG,Dataset\Training\notumor\Tr-no_837.jpg
Training,notumor,228,221,RGB,JPEG,Dataset\Training\notumor\Tr-no_838.jpg
Training,notumor,428,417,RGB,JPEG,Dataset\Training\notumor\Tr-no_839.jpg
Training,notumor,150,198,RGB,JPEG,Dataset\Training\notumor\Tr-no_84.jpg
Training,notumor,655,602,RGB,JPEG,Dataset\Training\notumor\Tr-no_840.jpg
Training,notumor,359,449,RGB,JPEG,Dataset\Training\notumor\Tr-no_841.jpg
Training,notumor,196,257,RGB,JPEG,Dataset\Training\notumor\Tr-no_842.jpg
Training,notumor,236,236,RGB,JPEG,Dataset\Training\notumor\Tr-no_843.jpg
Training,notumor,717,717,RGB,JPEG,Dataset\Training\notumor\Tr-no_844.jpg
Training,notumor,228,221,RGB,JPEG,Dataset\Training\notumor\Tr-no_845.jpg
Training,notumor,235,261,RGB,JPEG,Dataset\Training\notumor\Tr-no_846.jpg
Training,notumor,225,225,RGB,JPEG,Dataset\Training\notumor\Tr-no_847.jpg
Training,notumor,201,251,RGB,JPEG,Dataset\Training\notumor\Tr-no_848.jpg
Training,notumor,200,252,RGB,JPEG,Dataset\Training\notumor\Tr-no_849.jpg
Training,notumor,468,444,RGB,JPEG,Dataset\Training\notumor\Tr-no_85.jpg
Training,notumor,339,340,RGB,JPEG,Dataset\Training\notumor\Tr-no_850.jpg
Training,notumor,200,252,RGB,JPEG,Dataset\Training\notumor\Tr-no_851.jpg
Training,notumor,227,222,RGB,JPEG,Dataset\Training\notumor\Tr-no_852.jpg
Training,notumor,550,664,RGB,JPEG,Dataset\Training\notumor\Tr-no_853.jpg
Training,notumor,236,269,RGB,JPEG,Dataset\Training\notumor\Tr-no_854.jpg
Training,notumor,201,251,RGB,JPEG,Dataset\Training\notumor\Tr-no_855.jpg
Training,notumor,214,236,RGB,JPEG,Dataset\Training\notumor\Tr-no_856.jpg
Training,notumor,236,236,RGB,JPEG,Dataset\Training\notumor\Tr-no_857.jpg
Training,notumor,393,400,RGB,JPEG,Dataset\Training\notumor\Tr-no_858.jpg
Training,notumor,512,512,RGB,JPEG,Dataset\Training\notumor\Tr-no_859.jpg
Training,notumor,200,252,RGB,JPEG,Dataset\Training\notumor\Tr-no_86.jpg
Training,notumor,230,282,RGB,JPEG,Dataset\Training\notumor\Tr-no_860.jpg
Training,notumor,208,242,RGB,JPEG,Dataset\Training\notumor\Tr-no_861.jpg
Training,notumor,225,225,RGB,JPEG,Dataset\Training\notumor\Tr-no_862.jpg
Training,notumor,785,848,RGB,JPEG,Dataset\Training\notumor\Tr-no_863.jpg
Training,notumor,225,225,RGB,JPEG,Dataset\Training\notumor\Tr-no_864.jpg
Training,notumor,235,257,RGB,JPEG,Dataset\Training\notumor\Tr-no_865.jpg
Training,notumor,267,328,RGB,JPEG,Dataset\Training\notumor\Tr-no_866.jpg
Training,notumor,228,221,RGB,JPEG,Dataset\Training\notumor\Tr-no_867.jpg
Training,notumor,225,225,RGB,JPEG,Dataset\Training\notumor\Tr-no_868.jpg
Training,notumor,225,225,RGB,JPEG,Dataset\Training\notumor\Tr-no_869.jpg
Training,notumor,350,393,RGB,JPEG,Dataset\Training\notumor\Tr-no_87.jpg
Training,notumor,630,630,L,JPEG,Dataset\Training\notumor\Tr-no_870.jpg
Training,notumor,850,745,RGB,JPEG,Dataset\Training\notumor\Tr-no_871.jpg
Training,notumor,236,273,RGB,JPEG,Dataset\Training\notumor\Tr-no_872.jpg
Training,notumor,359,449,RGB,JPEG,Dataset\Training\notumor\Tr-no_873.jpg
Training,notumor,232,217,RGB,JPEG,Dataset\Training\notumor\Tr-no_874.jpg
Training,notumor,468,444,RGB,JPEG,Dataset\Training\notumor\Tr-no_875.jpg
Training,notumor,630,630,RGB,JPEG,Dataset\Training\notumor\Tr-no_876.jpg
Training,notumor,441,442,RGB,JPEG,Dataset\Training\notumor\Tr-no_877.jpg
Training,notumor,232,217,RGB,JPEG,Dataset\Training\notumor\Tr-no_878.jpg
Training,notumor,230,274,RGB,JPEG,Dataset\Training\notumor\Tr-no_879.jpg
Training,notumor,201,251,RGB,JPEG,Dataset\Training\notumor\Tr-no_88.jpg
Training,notumor,605,613,RGB,JPEG,Dataset\Training\notumor\Tr-no_880.jpg
Training,notumor,278,280,RGB,JPEG,Dataset\Training\notumor\Tr-no_881.jpg
Training,notumor,207,243,RGB,JPEG,Dataset\Training\notumor\Tr-no_882.jpg
Training,notumor,173,201,RGB,JPEG,Dataset\Training\notumor\Tr-no_883.jpg
Training,notumor,208,248,RGB,JPEG,Dataset\Training\notumor\Tr-no_884.jpg
Training,notumor,150,198,RGB,JPEG,Dataset\Training\notumor\Tr-no_885.jpg
Training,notumor,225,225,RGB,JPEG,Dataset\Training\notumor\Tr-no_886.jpg
Training,notumor,210,201,RGB,JPEG,Dataset\Training\notumor\Tr-no_887.jpg
Training,notumor,420,280,RGB,JPEG,Dataset\Training\notumor\Tr-no_888.jpg
Training,notumor,206,244,RGB,JPEG,Dataset\Training\notumor\Tr-no_889.jpg
Training,notumor,173,201,RGB,JPEG,Dataset\Training\notumor\Tr-no_89.jpg
Training,notumor,225,225,RGB,JPEG,Dataset\Training\notumor\Tr-no_890.jpg
Training,notumor,235,214,RGB,JPEG,Dataset\Training\notumor\Tr-no_891.jpg
Training,notumor,227,222,RGB,JPEG,Dataset\Training\notumor\Tr-no_892.jpg
Training,notumor,680,680,RGB,JPEG,Dataset\Training\notumor\Tr-no_893.jpg
Training,notumor,235,215,RGB,JPEG,Dataset\Training\notumor\Tr-no_894.jpg
Training,notumor,680,680,RGB,JPEG,Dataset\Training\notumor\Tr-no_895.jpg
Training,notumor,194,259,RGB,JPEG,Dataset\Training\notumor\Tr-no_896.jpg
Training,notumor,350,350,RGB,JPEG,Dataset\Training\notumor\Tr-no_897.jpg
Training,notumor,177,197,RGB,JPEG,Dataset\Training\notumor\Tr-no_898.jpg
Training,notumor,438,502,RGB,JPEG,Dataset\Training\notumor\Tr-no_899.jpg
Training,notumor,225,225,RGB,JPEG,Dataset\Training\notumor\Tr-no_9.jpg
Training,notumor,314,260,RGB,JPEG,Dataset\Training\notumor\Tr-no_90.jpg
Training,notumor,235,277,RGB,JPEG,Dataset\Training\notumor\Tr-no_900.jpg
Training,notumor,442,442,RGB,JPEG,Dataset\Training\notumor\Tr-no_901.jpg
Training,notumor,201,250,RGB,JPEG,Dataset\Training\notumor\Tr-no_902.jpg
Training,notumor,150,198,RGB,JPEG,Dataset\Training\notumor\Tr-no_903.jpg
Training,notumor,275,183,RGB,JPEG,Dataset\Training\notumor\Tr-no_904.jpg
Training,notumor,450,504,RGB,JPEG,Dataset\Training\notumor\Tr-no_905.jpg
Training,notumor,332,442,RGB,JPEG,Dataset\Training\notumor\Tr-no_906.jpg
Training,notumor,652,600,RGB,JPEG,Dataset\Training\notumor\Tr-no_907.jpg
Training,notumor,275,301,L,JPEG,Dataset\Training\notumor\Tr-no_908.jpg
Training,notumor,680,680,RGB,JPEG,Dataset\Training\notumor\Tr-no_909.jpg
Training,notumor,225,225,RGB,JPEG,Dataset\Training\notumor\Tr-no_91.jpg
Training,notumor,225,225,RGB,JPEG,Dataset\Training\notumor\Tr-no_910.jpg
Training,notumor,236,236,RGB,JPEG,Dataset\Training\notumor\Tr-no_911.jpg
Training,notumor,1024,1024,L,JPEG,Dataset\Training\notumor\Tr-no_912.jpg
Training,notumor,236,243,RGB,JPEG,Dataset\Training\notumor\Tr-no_913.jpg
Training,notumor,201,250,RGB,JPEG,Dataset\Training\notumor\Tr-no_914.jpg
Training,notumor,236,213,RGB,JPEG,Dataset\Training\notumor\Tr-no_915.jpg
Training,notumor,512,512,RGB,JPEG,Dataset\Training\notumor\Tr-no_916.jpg
Training,notumor,214,236,RGB,JPEG,Dataset\Training\notumor\Tr-no_917.jpg
Training,notumor,605,613,RGB,JPEG,Dataset\Training\notumor\Tr-no_918.jpg
Training,notumor,442,442,RGB,JPEG,Dataset\Training\notumor\Tr-no_919.jpg
Training,notumor,336,380,RGB,JPEG,Dataset\Training\notumor\Tr-no_92.jpg
Training,notumor,227,300,RGB,JPEG,Dataset\Training\notumor\Tr-no_920.jpg
Training,notumor,442,454,RGB,JPEG,Dataset\Training\notumor\Tr-no_921.jpg
Training,notumor,218,231,RGB,JPEG,Dataset\Training\notumor\Tr-no_922.jpg
Training,notumor,225,225,RGB,JPEG,Dataset\Training\notumor\Tr-no_923.jpg
Training,notumor,225,225,RGB,JPEG,Dataset\Training\notumor\Tr-no_924.jpg
Training,notumor,630,630,RGB,JPEG,Dataset\Training\notumor\Tr-no_925.jpg
Training,notumor,225,225,RGB,JPEG,Dataset\Training\notumor\Tr-no_926.jpg
Training,notumor,236,213,RGB,JPEG,Dataset\Training\notumor\Tr-no_927.jpg
Training,notumor,227,262,RGB,JPEG,Dataset\Training\notumor\Tr-no_928.jpg
Training,notumor,235,214,RGB,JPEG,Dataset\Training\notumor\Tr-no_929.jpg
Training,notumor,205,249,RGB,JPEG,Dataset\Training\notumor\Tr-no_93.jpg
Training,notumor,236,260,RGB,JPEG,Dataset\Training\notumor\Tr-no_930.jpg
Training,notumor,512,512,RGB,JPEG,Dataset\Training\notumor\Tr-no_931.jpg
Training,notumor,276,326,RGB,JPEG,Dataset\Training\notumor\Tr-no_932.jpg
Training,notumor,926,649,RGB,JPEG,Dataset\Training\notumor\Tr-no_933.jpg
Training,notumor,230,282,RGB,JPEG,Dataset\Training\notumor\Tr-no_934.jpg
Training,notumor,850,872,RGB,JPEG,Dataset\Training\notumor\Tr-no_935.jpg
Training,notumor,630,630,RGB,JPEG,Dataset\Training\notumor\Tr-no_936.jpg
Training,notumor,208,242,RGB,JPEG,Dataset\Training\notumor\Tr-no_937.jpg
Training,notumor,225,225,RGB,JPEG,Dataset\Training\notumor\Tr-no_938.jpg
Training,notumor,356,474,RGB,JPEG,Dataset\Training\notumor\Tr-no_939.jpg
Training,notumor,225,225,RGB,JPEG,Dataset\Training\notumor\Tr-no_94.jpg
Training,notumor,225,225,RGB,JPEG,Dataset\Training\notumor\Tr-no_940.jpg
Training,notumor,225,225,RGB,JPEG,Dataset\Training\notumor\Tr-no_941.jpg
Training,notumor,194,259,RGB,JPEG,Dataset\Training\notumor\Tr-no_942.jpg
Training,notumor,214,236,RGB,JPEG,Dataset\Training\notumor\Tr-no_943.jpg
Training,notumor,201,250,RGB,JPEG,Dataset\Training\notumor\Tr-no_944.jpg
Training,notumor,236,213,RGB,JPEG,Dataset\Training\notumor\Tr-no_945.jpg
Training,notumor,236,236,RGB,JPEG,Dataset\Training\notumor\Tr-no_946.jpg
Training,notumor,218,231,RGB,JPEG,Dataset\Training\notumor\Tr-no_947.jpg
Training,notumor,227,222,RGB,JPEG,Dataset\Training\notumor\Tr-no_948.jpg
Training,notumor,150,198,RGB,JPEG,Dataset\Training\notumor\Tr-no_949.jpg
Training,notumor,225,225,RGB,JPEG,Dataset\Training\notumor\Tr-no_95.jpg
Training,notumor,225,225,RGB,JPEG,Dataset\Training\notumor\Tr-no_950.jpg
Training,notumor,442,442,RGB,JPEG,Dataset\Training\notumor\Tr-no_951.jpg
Training,notumor,206,244,RGB,JPEG,Dataset\Training\notumor\Tr-no_952.jpg
Training,notumor,215,234,RGB,JPEG,Dataset\Training\notumor\Tr-no_953.jpg
Training,notumor,206,244,RGB,JPEG,Dataset\Training\notumor\Tr-no_954.jpg
Training,notumor,220,275,L,JPEG,Dataset\Training\notumor\Tr-no_955.jpg
Training,notumor,225,225,RGB,JPEG,Dataset\Training\notumor\Tr-no_956.jpg
Training,notumor,214,236,RGB,JPEG,Dataset\Training\notumor\Tr-no_957.jpg
Training,notumor,380,530,RGB,JPEG,Dataset\Training\notumor\Tr-no_958.jpg
Training,notumor,200,243,RGB,JPEG,Dataset\Training\notumor\Tr-no_959.jpg
Training,notumor,232,217,RGB,JPEG,Dataset\Training\notumor\Tr-no_96.jpg
Training,notumor,177,197,RGB,JPEG,Dataset\Training\notumor\Tr-no_960.jpg
Training,notumor,201,250,RGB,JPEG,Dataset\Training\notumor\Tr-no_961.jpg
Training,notumor,225,225,RGB,JPEG,Dataset\Training\notumor\Tr-no_962.jpg
Training,notumor,214,236,RGB,JPEG,Dataset\Training\notumor\Tr-no_963.jpg
Training,notumor,206,244,RGB,JPEG,Dataset\Training\notumor\Tr-no_964.jpg
Training,notumor,339,340,RGB,JPEG,Dataset\Training\notumor\Tr-no_965.jpg
Training,notumor,230,282,RGB,JPEG,Dataset\Training\notumor\Tr-no_966.jpg
Training,notumor,562,592,RGB,JPEG,Dataset\Training\notumor\Tr-no_967.jpg
Training,notumor,550,664,RGB,JPEG,Dataset\Training\notumor\Tr-no_968.jpg
Training,notumor,926,649,RGB,JPEG,Dataset\Training\notumor\Tr-no_969.jpg
Training,notumor,208,248,RGB,JPEG,Dataset\Training\notumor\Tr-no_97.jpg
Training,notumor,236,236,RGB,JPEG,Dataset\Training\notumor\Tr-no_970.jpg
Training,notumor,339,340,RGB,JPEG,Dataset\Training\notumor\Tr-no_971.jpg
Training,notumor,201,251,RGB,JPEG,Dataset\Training\notumor\Tr-no_972.jpg
Training,notumor,200,252,RGB,JPEG,Dataset\Training\notumor\Tr-no_973.jpg
Training,notumor,208,242,RGB,JPEG,Dataset\Training\notumor\Tr-no_974.jpg
Training,notumor,680,680,RGB,JPEG,Dataset\Training\notumor\Tr-no_975.jpg
Training,notumor,192,192,RGB,JPEG,Dataset\Training\notumor\Tr-no_976.jpg
Training,notumor,233,208,RGB,JPEG,Dataset\Training\notumor\Tr-no_977.jpg
Training,notumor,227,213,RGB,JPEG,Dataset\Training\notumor\Tr-no_978.jpg
Training,notumor,225,225,RGB,JPEG,Dataset\Training\notumor\Tr-no_979.jpg
Training,notumor,416,512,RGB,JPEG,Dataset\Training\notumor\Tr-no_98.jpg
Training,notumor,339,340,RGB,JPEG,Dataset\Training\notumor\Tr-no_980.jpg
Training,notumor,441,442,RGB,JPEG,Dataset\Training\notumor\Tr-no_981.jpg
Training,notumor,356,474,RGB,JPEG,Dataset\Training\notumor\Tr-no_982.jpg
Training,notumor,227,262,RGB,JPEG,Dataset\Training\notumor\Tr-no_983.jpg
Training,notumor,228,221,RGB,JPEG,Dataset\Training\notumor\Tr-no_984.jpg
Training,notumor,393,400,RGB,JPEG,Dataset\Training\notumor\Tr-no_985.jpg
Training,notumor,428,417,RGB,JPEG,Dataset\Training\notumor\Tr-no_986.jpg
Training,notumor,393,400,RGB,JPEG,Dataset\Training\notumor\Tr-no_987.jpg
Training,notumor,442,442,L,JPEG,Dataset\Training\notumor\Tr-no_988.jpg
Training,notumor,218,231,RGB,JPEG,Dataset\Training\notumor\Tr-no_989.jpg
Training,notumor,232,217,RGB,JPEG,Dataset\Training\notumor\Tr-no_99.jpg
Training,notumor,417,424,RGB,JPEG,Dataset\Training\notumor\Tr-no_990.jpg
Training,notumor,228,221,RGB,JPEG,Dataset\Training\notumor\Tr-no_991.jpg
Training,notumor,225,225,RGB,JPEG,Dataset\Training\notumor\Tr-no_992.jpg
Training,notumor,230,282,RGB,JPEG,Dataset\Training\notumor\Tr-no_993.jpg
Training,notumor,227,222,RGB,JPEG,Dataset\Training\notumor\Tr-no_994.jpg
Training,notumor,442,442,RGB,JPEG,Dataset\Training\notumor\Tr-no_995.jpg
Training,notumor,206,244,RGB,JPEG,Dataset\Training\notumor\Tr-no_996.jpg
Training,notumor,208,242,RGB,JPEG,Dataset\Training\notumor\Tr-no_997.jpg
Training,notumor,853,480,RGB,JPEG,Dataset\Training\notumor\Tr-no_998.jpg
Training,notumor,441,442,RGB,JPEG,Dataset\Training\notumor\Tr-no_999.jpg
Training,pituitary,512,512,RGB,JPEG,Dataset\Training\pituitary\Tr-pi_1.jpg
Training,pituitary,512,512,RGB,JPEG,Dataset\Training\pituitary\Tr-pi_10.jpg
Training,pituitary,512,512,RGB,JPEG,Dataset\Training\pituitary\Tr-pi_100.jpg
Training,pituitary,512,512,L,JPEG,Dataset\Training\pituitary\Tr-pi_1000.jpg
Training,pituitary,512,512,RGB,JPEG,Dataset\Training\pituitary\Tr-pi_1001.jpg
Training,pituitary,512,512,RGB,JPEG,Dataset\Training\pituitary\Tr-pi_1002.jpg
Training,pituitary,512,512,L,JPEG,Dataset\Training\pituitary\Tr-pi_1003.jpg
Training,pituitary,512,512,L,JPEG,Dataset\Training\pituitary\Tr-pi_1004.jpg
Training,pituitary,512,512,RGB,JPEG,Dataset\Training\pituitary\Tr-pi_1005.jpg
Training,pituitary,512,512,RGB,JPEG,Dataset\Training\pituitary\Tr-pi_1006.jpg
Training,pituitary,512,512,L,JPEG,Dataset\Training\pituitary\Tr-pi_1007.jpg
Training,pituitary,512,512,L,JPEG,Dataset\Training\pituitary\Tr-pi_1008.jpg
Training,pituitary,512,512,L,JPEG,Dataset\Training\pituitary\Tr-pi_1009.jpg
Training,pituitary,512,512,L,JPEG,Dataset\Training\pituitary\Tr-pi_101.jpg
Training,pituitary,512,512,RGB,JPEG,Dataset\Training\pituitary\Tr-pi_1010.jpg
Training,pituitary,512,512,L,JPEG,Dataset\Training\pituitary\Tr-pi_1011.jpg
Training,pituitary,512,512,L,JPEG,Dataset\Training\pituitary\Tr-pi_1012.jpg
Training,pituitary,512,512,L,JPEG,Dataset\Training\pituitary\Tr-pi_1013.jpg
Training,pituitary,512,512,L,JPEG,Dataset\Training\pituitary\Tr-pi_1014.jpg
Training,pituitary,512,512,L,JPEG,Dataset\Training\pituitary\Tr-pi_1015.jpg
Training,pituitary,512,512,RGB,JPEG,Dataset\Training\pituitary\Tr-pi_1016.jpg
Training,pituitary,512,512,RGB,JPEG,Dataset\Training\pituitary\Tr-pi_1017.jpg
Training,pituitary,512,512,RGB,JPEG,Dataset\Training\pituitary\Tr-pi_1018.jpg
Training,pituitary,512,512,L,JPEG,Dataset\Training\pituitary\Tr-pi_1019.jpg
Training,pituitary,512,512,RGB,JPEG,Dataset\Training\pituitary\Tr-pi_102.jpg
Training,pituitary,512,512,L,JPEG,Dataset\Training\pituitary\Tr-pi_1020.jpg
Training,pituitary,512,512,L,JPEG,Dataset\Training\pituitary\Tr-pi_1021.jpg
Training,pituitary,512,512,L,JPEG,Dataset\Training\pituitary\Tr-pi_1022.jpg
Training,pituitary,512,512,RGB,JPEG,Dataset\Training\pituitary\Tr-pi_1023.jpg
Training,pituitary,512,512,RGB,JPEG,Dataset\Training\pituitary\Tr-pi_1024.jpg
Training,pituitary,512,512,L,JPEG,Dataset\Training\pituitary\Tr-pi_1025.jpg
Training,pituitary,512,512,L,JPEG,Dataset\Training\pituitary\Tr-pi_1026.jpg
Training,pituitary,512,512,RGB,JPEG,Dataset\Training\pituitary\Tr-pi_1027.jpg
Training,pituitary,512,512,L,JPEG,Dataset\Training\pituitary\Tr-pi_1028.jpg
Training,pituitary,900,741,RGB,JPEG,Dataset\Training\pituitary\Tr-pi_1029.jpg
Training,pituitary,512,512,RGB,JPEG,Dataset\Training\pituitary\Tr-pi_103.jpg
Training,pituitary,512,512,L,JPEG,Dataset\Training\pituitary\Tr-pi_1030.jpg
Training,pituitary,512,512,L,JPEG,Dataset\Training\pituitary\Tr-pi_1031.jpg
Training,pituitary,512,512,L,JPEG,Dataset\Training\pituitary\Tr-pi_1032.jpg
Training,pituitary,512,512,RGB,JPEG,Dataset\Training\pituitary\Tr-pi_1033.jpg
Training,pituitary,512,512,L,JPEG,Dataset\Training\pituitary\Tr-pi_1034.jpg
Training,pituitary,512,512,L,JPEG,Dataset\Training\pituitary\Tr-pi_1035.jpg
Training,pituitary,512,512,L,JPEG,Dataset\Training\pituitary\Tr-pi_1036.jpg
Training,pituitary,512,512,L,JPEG,Dataset\Training\pituitary\Tr-pi_1037.jpg
Training,pituitary,512,512,RGB,JPEG,Dataset\Training\pituitary\Tr-pi_1038.jpg
Training,pituitary,512,512,RGB,JPEG,Dataset\Training\pituitary\Tr-pi_1039.jpg
Training,pituitary,512,512,L,JPEG,Dataset\Training\pituitary\Tr-pi_104.jpg
Training,pituitary,512,512,L,JPEG,Dataset\Training\pituitary\Tr-pi_1040.jpg
Training,pituitary,512,512,RGB,JPEG,Dataset\Training\pituitary\Tr-pi_1041.jpg
Training,pituitary,512,512,L,JPEG,Dataset\Training\pituitary\Tr-pi_1042.jpg
Training,pituitary,512,512,L,JPEG,Dataset\Training\pituitary\Tr-pi_1043.jpg
Training,pituitary,512,512,L,JPEG,Dataset\Training\pituitary\Tr-pi_1044.jpg
Training,pituitary,512,512,RGB,JPEG,Dataset\Training\pituitary\Tr-pi_1045.jpg
Training,pituitary,512,512,RGB,JPEG,Dataset\Training\pituitary\Tr-pi_1046.jpg
Training,pituitary,512,512,RGB,JPEG,Dataset\Training\pituitary\Tr-pi_1047.jpg
Training,pituitary,512,512,L,JPEG,Dataset\Training\pituitary\Tr-pi_1048.jpg
Training,pituitary,538,548,RGB,JPEG,Dataset\Training\pituitary\Tr-pi_1049.jpg
Training,pituitary,512,512,RGB,JPEG,Dataset\Training\pituitary\Tr-pi_105.jpg
Training,pituitary,512,512,L,JPEG,Dataset\Training\pituitary\Tr-pi_1050.jpg
Training,pituitary,512,512,L,JPEG,Dataset\Training\pituitary\Tr-pi_1051.jpg
Training,pituitary,512,512,L,JPEG,Dataset\Training\pituitary\Tr-pi_1052.jpg
Training,pituitary,512,512,L,JPEG,Dataset\Training\pituitary\Tr-pi_1053.jpg
Training,pituitary,512,512,RGB,JPEG,Dataset\Training\pituitary\Tr-pi_1054.jpg
Training,pituitary,512,512,RGB,JPEG,Dataset\Training\pituitary\Tr-pi_1055.jpg
Training,pituitary,512,512,RGB,JPEG,Dataset\Training\pituitary\Tr-pi_1056.jpg
Training,pituitary,512,512,L,JPEG,Dataset\Training\pituitary\Tr-pi_1057.jpg
Training,pituitary,512,512,L,JPEG,Dataset\Training\pituitary\Tr-pi_1058.jpg
Training,pituitary,512,512,L,JPEG,Dataset\Training\pituitary\Tr-pi_1059.jpg
Training,pituitary,512,512,RGB,JPEG,Dataset\Training\pituitary\Tr-pi_106.jpg
Training,pituitary,512,512,L,JPEG,Dataset\Training\pituitary\Tr-pi_1060.jpg
Training,pituitary,512,512,RGB,JPEG,Dataset\Training\pituitary\Tr-pi_1061.jpg
Training,pituitary,512,512,RGB,JPEG,Dataset\Training\pituitary\Tr-pi_1062.jpg
Training,pituitary,470,432,RGB,JPEG,Dataset\Training\pituitary\Tr-pi_1063.jpg
Training,pituitary,512,512,RGB,JPEG,Dataset\Training\pituitary\Tr-pi_1064.jpg
Training,pituitary,512,512,L,JPEG,Dataset\Training\pituitary\Tr-pi_1065.jpg
Training,pituitary,512,512,L,JPEG,Dataset\Training\pituitary\Tr-pi_1066.jpg
Training,pituitary,512,512,RGB,JPEG,Dataset\Training\pituitary\Tr-pi_1067.jpg
Training,pituitary,512,512,L,JPEG,Dataset\Training\pituitary\Tr-pi_1068.jpg
Training,pituitary,512,512,RGB,JPEG,Dataset\Training\pituitary\Tr-pi_1069.jpg
Training,pituitary,512,512,RGB,JPEG,Dataset\Training\pituitary\Tr-pi_107.jpg
Training,pituitary,512,512,L,JPEG,Dataset\Training\pituitary\Tr-pi_1070.jpg
Training,pituitary,512,512,RGB,JPEG,Dataset\Training\pituitary\Tr-pi_1071.jpg
Training,pituitary,512,512,RGB,JPEG,Dataset\Training\pituitary\Tr-pi_1072.jpg
Training,pituitary,512,512,RGB,JPEG,Dataset\Training\pituitary\Tr-pi_1073.jpg
Training,pituitary,512,512,RGB,JPEG,Dataset\Training\pituitary\Tr-pi_1074.jpg
Training,pituitary,512,512,L,JPEG,Dataset\Training\pituitary\Tr-pi_1075.jpg
Training,pituitary,512,512,L,JPEG,Dataset\Training\pituitary\Tr-pi_1076.jpg
Training,pituitary,512,512,RGB,JPEG,Dataset\Training\pituitary\Tr-pi_1077.jpg
Training,pituitary,512,512,L,JPEG,Dataset\Training\pituitary\Tr-pi_1078.jpg
Training,pituitary,512,512,RGB,JPEG,Dataset\Training\pituitary\Tr-pi_1079.jpg
Training,pituitary,512,512,RGB,JPEG,Dataset\Training\pituitary\Tr-pi_108.jpg
Training,pituitary,512,512,RGB,JPEG,Dataset\Training\pituitary\Tr-pi_1080.jpg
Training,pituitary,512,512,L,JPEG,Dataset\Training\pituitary\Tr-pi_1081.jpg
Training,pituitary,512,512,RGB,JPEG,Dataset\Training\pituitary\Tr-pi_1082.jpg
Training,pituitary,256,256,RGB,JPEG,Dataset\Training\pituitary\Tr-pi_1083.jpg
Training,pituitary,512,512,L,JPEG,Dataset\Training\pituitary\Tr-pi_1084.jpg
Training,pituitary,512,512,RGB,JPEG,Dataset\Training\pituitary\Tr-pi_1085.jpg
Training,pituitary,512,512,RGB,JPEG,Dataset\Training\pituitary\Tr-pi_1086.jpg
Training,pituitary,512,512,RGB,JPEG,Dataset\Training\pituitary\Tr-pi_1087.jpg
Training,pituitary,512,512,RGB,JPEG,Dataset\Training\pituitary\Tr-pi_1088.jpg
Training,pituitary,512,512,RGB,JPEG,Dataset\Training\pituitary\Tr-pi_1089.jpg
Training,pituitary,512,512,RGB,JPEG,Dataset\Training\pituitary\Tr-pi_109.jpg
Training,pituitary,512,512,RGB,JPEG,Dataset\Training\pituitary\Tr-pi_1090.jpg
Training,pituitary,512,512,RGB,JPEG,Dataset\Training\pituitary\Tr-pi_1091.jpg
Training,pituitary,512,512,L,JPEG,Dataset\Training\pituitary\Tr-pi_1092.jpg
Training,pituitary,512,512,RGB,JPEG,Dataset\Training\pituitary\Tr-pi_1093.jpg
Training,pituitary,512,512,RGB,JPEG,Dataset\Training\pituitary\Tr-pi_1094.jpg
Training,pituitary,512,512,RGB,JPEG,Dataset\Training\pituitary\Tr-pi_1095.jpg
Training,pituitary,512,512,L,JPEG,Dataset\Training\pituitary\Tr-pi_1096.jpg
Training,pituitary,512,512,RGB,JPEG,Dataset\Training\pituitary\Tr-pi_1097.jpg
Training,pituitary,512,512,RGB,JPEG,Dataset\Training\pituitary\Tr-pi_1098.jpg
Training,pituitary,512,512,RGB,JPEG,Dataset\Training\pituitary\Tr-pi_1099.jpg
Training,pituitary,512,512,RGB,JPEG,Dataset\Training\pituitary\Tr-pi_11.jpg
Training,pituitary,512,512,RGB,JPEG,Dataset\Training\pituitary\Tr-pi_110.jpg
Training,pituitary,512,512,RGB,JPEG,Dataset\Training\pituitary\Tr-pi_1100.jpg
Training,pituitary,512,512,L,JPEG,Dataset\Training\pituitary\Tr-pi_1101.jpg
Training,pituitary,512,512,RGB,JPEG,Dataset\Training\pituitary\Tr-pi_1102.jpg
Training,pituitary,512,512,L,JPEG,Dataset\Training\pituitary\Tr-pi_1103.jpg
Training,pituitary,512,512,RGB,JPEG,Dataset\Training\pituitary\Tr-pi_1104.jpg
Training,pituitary,512,512,L,JPEG,Dataset\Training\pituitary\Tr-pi_1105.jpg
Training,pituitary,512,512,L,JPEG,Dataset\Training\pituitary\Tr-pi_1106.jpg
Training,pituitary,512,512,RGB,JPEG,Dataset\Training\pituitary\Tr-pi_1107.jpg
Training,pituitary,512,512,L,JPEG,Dataset\Training\pituitary\Tr-pi_1108.jpg
Training,pituitary,512,512,RGB,JPEG,Dataset\Training\pituitary\Tr-pi_1109.jpg
Training,pituitary,512,512,L,JPEG,Dataset\Training\pituitary\Tr-pi_111.jpg
Training,pituitary,512,512,L,JPEG,Dataset\Training\pituitary\Tr-pi_1110.jpg
Training,pituitary,512,512,L,JPEG,Dataset\Training\pituitary\Tr-pi_1111.jpg
Training,pituitary,512,512,L,JPEG,Dataset\Training\pituitary\Tr-pi_1112.jpg
Training,pituitary,512,512,RGB,JPEG,Dataset\Training\pituitary\Tr-pi_1113.jpg
Training,pituitary,512,512,RGB,JPEG,Dataset\Training\pituitary\Tr-pi_1114.jpg
Training,pituitary,512,512,L,JPEG,Dataset\Training\pituitary\Tr-pi_1115.jpg
Training,pituitary,512,512,L,JPEG,Dataset\Training\pituitary\Tr-pi_1116.jpg
Training,pituitary,512,512,RGB,JPEG,Dataset\Training\pituitary\Tr-pi_1117.jpg
Training,pituitary,512,512,RGB,JPEG,Dataset\Training\pituitary\Tr-pi_1118.jpg
Training,pituitary,512,512,RGB,JPEG,Dataset\Training\pituitary\Tr-pi_1119.jpg
Training,pituitary,512,512,L,JPEG,Dataset\Training\pituitary\Tr-pi_112.jpg
Training,pituitary,512,512,RGB,JPEG,Dataset\Training\pituitary\Tr-pi_1120.jpg
Training,pituitary,512,512,RGB,JPEG,Dataset\Training\pituitary\Tr-pi_1121.jpg
Training,pituitary,1338,1304,RGB,JPEG,Dataset\Training\pituitary\Tr-pi_1122.jpg
Training,pituitary,512,512,L,JPEG,Dataset\Training\pituitary\Tr-pi_1123.jpg
Training,pituitary,512,512,L,JPEG,Dataset\Training\pituitary\Tr-pi_1124.jpg
Training,pituitary,512,512,L,JPEG,Dataset\Training\pituitary\Tr-pi_1125.jpg
Training,pituitary,512,512,RGB,JPEG,Dataset\Training\pituitary\Tr-pi_1126.jpg
Training,pituitary,512,512,L,JPEG,Dataset\Training\pituitary\Tr-pi_1127.jpg
Training,pituitary,512,512,RGB,JPEG,Dataset\Training\pituitary\Tr-pi_1128.jpg
Training,pituitary,512,512,L,JPEG,Dataset\Training\pituitary\Tr-pi_1129.jpg
Training,pituitary,512,512,RGB,JPEG,Dataset\Training\pituitary\Tr-pi_113.jpg
Training,pituitary,512,512,L,JPEG,Dataset\Training\pituitary\Tr-pi_1130.jpg
Training,pituitary,512,512,L,JPEG,Dataset\Training\pituitary\Tr-pi_1131.jpg
Training,pituitary,512,512,RGB,JPEG,Dataset\Training\pituitary\Tr-pi_1132.jpg
Training,pituitary,512,512,RGB,JPEG,Dataset\Training\pituitary\Tr-pi_1133.jpg
Training,pituitary,512,512,RGB,JPEG,Dataset\Training\pituitary\Tr-pi_1134.jpg
Training,pituitary,512,512,L,JPEG,Dataset\Training\pituitary\Tr-pi_1135.jpg
Training,pituitary,512,512,RGB,JPEG,Dataset\Training\pituitary\Tr-pi_1136.jpg
Training,pituitary,512,512,L,JPEG,Dataset\Training\pituitary\Tr-pi_1137.jpg
Training,pituitary,512,512,RGB,JPEG,Dataset\Training\pituitary\Tr-pi_1138.jpg
Training,pituitary,512,512,RGB,JPEG,Dataset\Training\pituitary\Tr-pi_1139.jpg
Training,pituitary,512,512,L,JPEG,Dataset\Training\pituitary\Tr-pi_114.jpg
Training,pituitary,512,512,RGB,JPEG,Dataset\Training\pituitary\Tr-pi_1140.jpg
Training,pituitary,512,512,L,JPEG,Dataset\Training\pituitary\Tr-pi_1141.jpg
Training,pituitary,512,512,L,JPEG,Dataset\Training\pituitary\Tr-pi_1142.jpg
Training,pituitary,512,512,L,JPEG,Dataset\Training\pituitary\Tr-pi_1143.jpg
Training,pituitary,512,512,RGB,JPEG,Dataset\Training\pituitary\Tr-pi_1144.jpg
Training,pituitary,512,512,L,JPEG,Dataset\Training\pituitary\Tr-pi_1145.jpg
Training,pituitary,512,512,RGB,JPEG,Dataset\Training\pituitary\Tr-pi_1146.jpg
Training,pituitary,512,512,RGB,JPEG,Dataset\Training\pituitary\Tr-pi_1147.jpg
Training,pituitary,512,512,RGB,JPEG,Dataset\Training\pituitary\Tr-pi_1148.jpg
Training,pituitary,512,512,RGB,JPEG,Dataset\Training\pituitary\Tr-pi_1149.jpg
Training,pituitary,512,512,L,JPEG,Dataset\Training\pituitary\Tr-pi_115.jpg
Training,pituitary,512,512,RGB,JPEG,Dataset\Training\pituitary\Tr-pi_1150.jpg
Training,pituitary,512,512,RGB,JPEG,Dataset\Training\pituitary\Tr-pi_1151.jpg
Training,pituitary,512,512,RGB,JPEG,Dataset\Training\pituitary\Tr-pi_1152.jpg
Training,pituitary,512,512,L,JPEG,Dataset\Training\pituitary\Tr-pi_1153.jpg
Training,pituitary,512,512,RGB,JPEG,Dataset\Training\pituitary\Tr-pi_1154.jpg
Training,pituitary,512,512,RGB,JPEG,Dataset\Training\pituitary\Tr-pi_1155.jpg
Training,pituitary,512,512,RGB,JPEG,Dataset\Training\pituitary\Tr-pi_1156.jpg
Training,pituitary,512,512,L,JPEG,Dataset\Training\pituitary\Tr-pi_1157.jpg
Training,pituitary,512,512,RGB,JPEG,Dataset\Training\pituitary\Tr-pi_1158.jpg
Training,pituitary,512,512,RGB,JPEG,Dataset\Training\pituitary\Tr-pi_1159.jpg
Training,pituitary,512,512,RGB,JPEG,Dataset\Training\pituitary\Tr-pi_116.jpg
Training,pituitary,512,512,RGB,JPEG,Dataset\Training\pituitary\Tr-pi_1160.jpg
Training,pituitary,512,512,L,JPEG,Dataset\Training\pituitary\Tr-pi_1161.jpg
Training,pituitary,512,512,RGB,JPEG,Dataset\Training\pituitary\Tr-pi_1162.jpg
Training,pituitary,512,512,L,JPEG,Dataset\Training\pituitary\Tr-pi_1163.jpg
Training,pituitary,512,512,L,JPEG,Dataset\Training\pituitary\Tr-pi_1164.jpg
Training,pituitary,512,512,L,JPEG,Dataset\Training\pituitary\Tr-pi_1165.jpg
Training,pituitary,512,512,L,JPEG,Dataset\Training\pituitary\Tr-pi_1166.jpg
Training,pituitary,512,512,RGB,JPEG,Dataset\Training\pituitary\Tr-pi_1167.jpg
Training,pituitary,512,512,RGB,JPEG,Dataset\Training\pituitary\Tr-pi_1168.jpg
Training,pituitary,512,512,L,JPEG,Dataset\Training\pituitary\Tr-pi_1169.jpg
Training,pituitary,512,512,L,JPEG,Dataset\Training\pituitary\Tr-pi_117.jpg
Training,pituitary,512,512,L,JPEG,Dataset\Training\pituitary\Tr-pi_1170.jpg
Training,pituitary,512,512,RGB,JPEG,Dataset\Training\pituitary\Tr-pi_1171.jpg
Training,pituitary,512,512,L,JPEG,Dataset\Training\pituitary\Tr-pi_1172.jpg
Training,pituitary,512,512,RGB,JPEG,Dataset\Training\pituitary\Tr-pi_1173.jpg
Training,pituitary,512,512,RGB,JPEG,Dataset\Training\pituitary\Tr-pi_1174.jpg
Training,pituitary,512,512,L,JPEG,Dataset\Training\pituitary\Tr-pi_1175.jpg
Training,pituitary,512,512,L,JPEG,Dataset\Training\pituitary\Tr-pi_1176.jpg
Training,pituitary,512,512,L,JPEG,Dataset\Training\pituitary\Tr-pi_1177.jpg
Training,pituitary,512,512,L,JPEG,Dataset\Training\pituitary\Tr-pi_1178.jpg
Training,pituitary,512,512,L,JPEG,Dataset\Training\pituitary\Tr-pi_1179.jpg
Training,pituitary,512,512,RGB,JPEG,Dataset\Training\pituitary\Tr-pi_118.jpg
Training,pituitary,512,512,L,JPEG,Dataset\Training\pituitary\Tr-pi_1180.jpg
Training,pituitary,1168,1178,RGB,JPEG,Dataset\Training\pituitary\Tr-pi_1181.jpg
Training,pituitary,512,512,RGB,JPEG,Dataset\Training\pituitary\Tr-pi_1182.jpg
Training,pituitary,512,512,L,JPEG,Dataset\Training\pituitary\Tr-pi_1183.jpg
Training,pituitary,512,512,L,JPEG,Dataset\Training\pituitary\Tr-pi_1184.jpg
Training,pituitary,512,512,RGB,JPEG,Dataset\Training\pituitary\Tr-pi_1185.jpg
Training,pituitary,512,512,RGB,JPEG,Dataset\Training\pituitary\Tr-pi_1186.jpg
Training,pituitary,1335,1302,RGB,JPEG,Dataset\Training\pituitary\Tr-pi_1187.jpg
Training,pituitary,512,512,RGB,JPEG,Dataset\Training\pituitary\Tr-pi_1188.jpg
Training,pituitary,512,512,RGB,JPEG,Dataset\Training\pituitary\Tr-pi_1189.jpg
Training,pituitary,512,512,RGB,JPEG,Dataset\Training\pituitary\Tr-pi_119.jpg
Training,pituitary,512,512,RGB,JPEG,Dataset\Training\pituitary\Tr-pi_1190.jpg
Training,pituitary,512,512,L,JPEG,Dataset\Training\pituitary\Tr-pi_1191.jpg
Training,pituitary,512,512,L,JPEG,Dataset\Training\pituitary\Tr-pi_1192.jpg
Training,pituitary,512,512,RGB,JPEG,Dataset\Training\pituitary\Tr-pi_1193.jpg
Training,pituitary,512,512,L,JPEG,Dataset\Training\pituitary\Tr-pi_1194.jpg
Training,pituitary,512,512,L,JPEG,Dataset\Training\pituitary\Tr-pi_1195.jpg
Training,pituitary,1338,1304,RGB,JPEG,Dataset\Training\pituitary\Tr-pi_1196.jpg
Training,pituitary,512,512,RGB,JPEG,Dataset\Training\pituitary\Tr-pi_1197.jpg
Training,pituitary,512,512,L,JPEG,Dataset\Training\pituitary\Tr-pi_1198.jpg
Training,pituitary,512,512,RGB,JPEG,Dataset\Training\pituitary\Tr-pi_1199.jpg
Training,pituitary,512,512,L,JPEG,Dataset\Training\pituitary\Tr-pi_12.jpg
Training,pituitary,383,436,RGB,JPEG,Dataset\Training\pituitary\Tr-pi_120.jpg
Training,pituitary,512,512,L,JPEG,Dataset\Training\pituitary\Tr-pi_1200.jpg
Training,pituitary,512,512,L,JPEG,Dataset\Training\pituitary\Tr-pi_1201.jpg
Training,pituitary,512,512,RGB,JPEG,Dataset\Training\pituitary\Tr-pi_1202.jpg
Training,pituitary,512,512,RGB,JPEG,Dataset\Training\pituitary\Tr-pi_1203.jpg
Training,pituitary,512,512,RGB,JPEG,Dataset\Training\pituitary\Tr-pi_1204.jpg
Training,pituitary,512,512,L,JPEG,Dataset\Training\pituitary\Tr-pi_1205.jpg
Training,pituitary,512,512,L,JPEG,Dataset\Training\pituitary\Tr-pi_1206.jpg
Training,pituitary,512,512,RGB,JPEG,Dataset\Training\pituitary\Tr-pi_1207.jpg
Training,pituitary,512,512,RGB,JPEG,Dataset\Training\pituitary\Tr-pi_1208.jpg
Training,pituitary,202,202,RGB,JPEG,Dataset\Training\pituitary\Tr-pi_1209.jpg
Training,pituitary,512,512,RGB,JPEG,Dataset\Training\pituitary\Tr-pi_121.jpg
Training,pituitary,512,512,L,JPEG,Dataset\Training\pituitary\Tr-pi_1210.jpg
Training,pituitary,512,512,RGB,JPEG,Dataset\Training\pituitary\Tr-pi_1211.jpg
Training,pituitary,512,512,RGB,JPEG,Dataset\Training\pituitary\Tr-pi_1212.jpg
Training,pituitary,512,512,L,JPEG,Dataset\Training\pituitary\Tr-pi_1213.jpg
Training,pituitary,512,512,RGB,JPEG,Dataset\Training\pituitary\Tr-pi_1214.jpg
Training,pituitary,512,512,RGB,JPEG,Dataset\Training\pituitary\Tr-pi_1215.jpg
Training,pituitary,512,512,L,JPEG,Dataset\Training\pituitary\Tr-pi_1216.jpg
Training,pituitary,512,512,RGB,JPEG,Dataset\Training\pituitary\Tr-pi_1217.jpg
Training,pituitary,512,512,RGB,JPEG,Dataset\Training\pituitary\Tr-pi_1218.jpg
Training,pituitary,512,512,L,JPEG,Dataset\Training\pituitary\Tr-pi_1219.jpg
Training,pituitary,512,512,L,JPEG,Dataset\Training\pituitary\Tr-pi_122.jpg
Training,pituitary,512,512,L,JPEG,Dataset\Training\pituitary\Tr-pi_1220.jpg
Training,pituitary,512,512,RGB,JPEG,Dataset\Training\pituitary\Tr-pi_1221.jpg
Training,pituitary,512,512,RGB,JPEG,Dataset\Training\pituitary\Tr-pi_1222.jpg
Training,pituitary,512,512,RGB,JPEG,Dataset\Training\pituitary\Tr-pi_1223.jpg
Training,pituitary,512,512,RGB,JPEG,Dataset\Training\pituitary\Tr-pi_1224.jpg
Training,pituitary,512,512,L,JPEG,Dataset\Training\pituitary\Tr-pi_1225.jpg
Training,pituitary,512,512,L,JPEG,Dataset\Training\pituitary\Tr-pi_1226.jpg
Training,pituitary,512,512,RGB,JPEG,Dataset\Training\pituitary\Tr-pi_1227.jpg
Training,pituitary,512,512,RGB,JPEG,Dataset\Training\pituitary\Tr-pi_1228.jpg
Training,pituitary,512,512,L,JPEG,Dataset\Training\pituitary\Tr-pi_1229.jpg
Training,pituitary,512,512,L,JPEG,Dataset\Training\pituitary\Tr-pi_123.jpg
Training,pituitary,512,512,RGB,JPEG,Dataset\Training\pituitary\Tr-pi_1230.jpg
Training,pituitary,512,512,RGB,JPEG,Dataset\Training\pituitary\Tr-pi_1231.jpg
Training,pituitary,512,512,L,JPEG,Dataset\Training\pituitary\Tr-pi_1232.jpg
Training,pituitary,512,512,RGB,JPEG,Dataset\Training\pituitary\Tr-pi_1233.jpg
Training,pituitary,512,512,L,JPEG,Dataset\Training\pituitary\Tr-pi_1234.jpg
Training,pituitary,512,512,L,JPEG,Dataset\Training\pituitary\Tr-pi_1235.jpg
Training,pituitary,512,512,L,JPEG,Dataset\Training\pituitary\Tr-pi_1236.jpg
Training,pituitary,512,512,RGB,JPEG,Dataset\Training\pituitary\Tr-pi_1237.jpg
Training,pituitary,512,512,L,JPEG,Dataset\Training\pituitary\Tr-pi_1238.jpg
Training,pituitary,512,512,L,JPEG,Dataset\Training\pituitary\Tr-pi_1239.jpg
Training,pituitary,512,512,RGB,JPEG,Dataset\Training\pituitary\Tr-pi_124.jpg
Training,pituitary,512,512,RGB,JPEG,Dataset\Training\pituitary\Tr-pi_1240.jpg
Training,pituitary,512,512,RGB,JPEG,Dataset\Training\pituitary\Tr-pi_1241.jpg
Training,pituitary,512,512,RGB,JPEG,Dataset\Training\pituitary\Tr-pi_1242.jpg
Training,pituitary,512,512,L,JPEG,Dataset\Training\pituitary\Tr-pi_1243.jpg
Training,pituitary,512,512,RGB,JPEG,Dataset\Training\pituitary\Tr-pi_1244.jpg
Training,pituitary,512,512,RGB,JPEG,Dataset\Training\pituitary\Tr-pi_1245.jpg
Training,pituitary,512,512,RGB,JPEG,Dataset\Training\pituitary\Tr-pi_1246.jpg
Training,pituitary,512,512,RGB,JPEG,Dataset\Training\pituitary\Tr-pi_1247.jpg
Training,pituitary,512,512,RGB,JPEG,Dataset\Training\pituitary\Tr-pi_1248.jpg
Training,pituitary,512,512,RGB,JPEG,Dataset\Training\pituitary\Tr-pi_1249.jpg
Training,pituitary,512,512,RGB,JPEG,Dataset\Training\pituitary\Tr-pi_125.jpg
Training,pituitary,512,512,RGB,JPEG,Dataset\Training\pituitary\Tr-pi_1250.jpg
Training,pituitary,512,512,RGB,JPEG,Dataset\Training\pituitary\Tr-pi_1251.jpg
Training,pituitary,624,607,RGB,JPEG,Dataset\Training\pituitary\Tr-pi_1252.jpg
Training,pituitary,512,512,RGB,JPEG,Dataset\Training\pituitary\Tr-pi_1253.jpg
Training,pituitary,512,512,RGB,JPEG,Dataset\Training\pituitary\Tr-pi_1254.jpg
Training,pituitary,512,512,L,JPEG,Dataset\Training\pituitary\Tr-pi_1255.jpg
Training,pituitary,512,512,RGB,JPEG,Dataset\Training\pituitary\Tr-pi_1256.jpg
Training,pituitary,512,512,L,JPEG,Dataset\Training\pituitary\Tr-pi_1257.jpg
Training,pituitary,512,512,RGB,JPEG,Dataset\Training\pituitary\Tr-pi_1258.jpg
Training,pituitary,512,512,RGB,JPEG,Dataset\Training\pituitary\Tr-pi_1259.jpg
Training,pituitary,512,512,L,JPEG,Dataset\Training\pituitary\Tr-pi_126.jpg
Training,pituitary,512,512,RGB,JPEG,Dataset\Training\pituitary\Tr-pi_1260.jpg
Training,pituitary,512,512,L,JPEG,Dataset\Training\pituitary\Tr-pi_1261.jpg
Training,pituitary,512,512,RGB,JPEG,Dataset\Training\pituitary\Tr-pi_1262.jpg
Training,pituitary,512,512,RGB,JPEG,Dataset\Training\pituitary\Tr-pi_1263.jpg
Training,pituitary,512,512,RGB,JPEG,Dataset\Training\pituitary\Tr-pi_1264.jpg
Training,pituitary,512,512,L,JPEG,Dataset\Training\pituitary\Tr-pi_1265.jpg
Training,pituitary,512,512,L,JPEG,Dataset\Training\pituitary\Tr-pi_1266.jpg
Training,pituitary,512,512,L,JPEG,Dataset\Training\pituitary\Tr-pi_1267.jpg
Training,pituitary,512,512,RGB,JPEG,Dataset\Training\pituitary\Tr-pi_1268.jpg
Training,pituitary,512,512,L,JPEG,Dataset\Training\pituitary\Tr-pi_1269.jpg
Training,pituitary,512,512,RGB,JPEG,Dataset\Training\pituitary\Tr-pi_127.jpg
Training,pituitary,512,512,L,JPEG,Dataset\Training\pituitary\Tr-pi_1270.jpg
Training,pituitary,512,512,RGB,JPEG,Dataset\Training\pituitary\Tr-pi_1271.jpg
Training,pituitary,512,512,RGB,JPEG,Dataset\Training\pituitary\Tr-pi_1272.jpg
Training,pituitary,512,512,L,JPEG,Dataset\Training\pituitary\Tr-pi_1273.jpg
Training,pituitary,512,512,L,JPEG,Dataset\Training\pituitary\Tr-pi_1274.jpg
Training,pituitary,512,512,RGB,JPEG,Dataset\Training\pituitary\Tr-pi_1275.jpg
Training,pituitary,512,512,RGB,JPEG,Dataset\Training\pituitary\Tr-pi_1276.jpg
Training,pituitary,512,512,L,JPEG,Dataset\Training\pituitary\Tr-pi_1277.jpg
Training,pituitary,512,512,L,JPEG,Dataset\Training\pituitary\Tr-pi_1278.jpg
Training,pituitary,512,512,L,JPEG,Dataset\Training\pituitary\Tr-pi_1279.jpg
Training,pituitary,512,512,L,JPEG,Dataset\Training\pituitary\Tr-pi_128.jpg
Training,pituitary,512,512,RGB,JPEG,Dataset\Training\pituitary\Tr-pi_1280.jpg
Training,pituitary,512,512,RGB,JPEG,Dataset\Training\pituitary\Tr-pi_1281.jpg
Training,pituitary,512,512,RGB,JPEG,Dataset\Training\pituitary\Tr-pi_1282.jpg
Training,pituitary,512,512,RGB,JPEG,Dataset\Training\pituitary\Tr-pi_1283.jpg
Training,pituitary,512,512,L,JPEG,Dataset\Training\pituitary\Tr-pi_1284.jpg
Training,pituitary,512,512,RGB,JPEG,Dataset\Training\pituitary\Tr-pi_1285.jpg
Training,pituitary,512,512,L,JPEG,Dataset\Training\pituitary\Tr-pi_1286.jpg
Training,pituitary,512,512,RGB,JPEG,Dataset\Training\pituitary\Tr-pi_1287.jpg
Training,pituitary,512,512,L,JPEG,Dataset\Training\pituitary\Tr-pi_1288.jpg
Training,pituitary,512,512,L,JPEG,Dataset\Training\pituitary\Tr-pi_1289.jpg
Training,pituitary,512,512,RGB,JPEG,Dataset\Training\pituitary\Tr-pi_129.jpg
Training,pituitary,512,512,L,JPEG,Dataset\Training\pituitary\Tr-pi_1290.jpg
Training,pituitary,512,512,RGB,JPEG,Dataset\Training\pituitary\Tr-pi_1291.jpg
Training,pituitary,512,512,RGB,JPEG,Dataset\Training\pituitary\Tr-pi_1292.jpg
Training,pituitary,512,512,L,JPEG,Dataset\Training\pituitary\Tr-pi_1293.jpg
Training,pituitary,512,512,RGB,JPEG,Dataset\Training\pituitary\Tr-pi_1294.jpg
Training,pituitary,512,512,RGB,JPEG,Dataset\Training\pituitary\Tr-pi_1295.jpg
Training,pituitary,512,512,L,JPEG,Dataset\Training\pituitary\Tr-pi_1296.jpg
Training,pituitary,512,512,L,JPEG,Dataset\Training\pituitary\Tr-pi_1297.jpg
Training,pituitary,512,512,RGB,JPEG,Dataset\Training\pituitary\Tr-pi_1298.jpg
Training,pituitary,512,512,L,JPEG,Dataset\Training\pituitary\Tr-pi_1299.jpg
Training,pituitary,512,512,RGB,JPEG,Dataset\Training\pituitary\Tr-pi_13.jpg
Training,pituitary,512,512,L,JPEG,Dataset\Training\pituitary\Tr-pi_130.jpg
Training,pituitary,512,512,RGB,JPEG,Dataset\Training\pituitary\Tr-pi_1300.jpg
Training,pituitary,512,512,RGB,JPEG,Dataset\Training\pituitary\Tr-pi_1301.jpg
Training,pituitary,512,512,RGB,JPEG,Dataset\Training\pituitary\Tr-pi_1302.jpg
Training,pituitary,512,512,RGB,JPEG,Dataset\Training\pituitary\Tr-pi_1303.jpg
Training,pituitary,512,512,RGB,JPEG,Dataset\Training\pituitary\Tr-pi_1304.jpg
Training,pituitary,512,512,RGB,JPEG,Dataset\Training\pituitary\Tr-pi_1305.jpg
Training,pituitary,512,512,L,JPEG,Dataset\Training\pituitary\Tr-pi_1306.jpg
Training,pituitary,512,512,L,JPEG,Dataset\Training\pituitary\Tr-pi_1307.jpg
Training,pituitary,512,512,L,JPEG,Dataset\Training\pituitary\Tr-pi_1308.jpg
Training,pituitary,512,512,RGB,JPEG,Dataset\Training\pituitary\Tr-pi_1309.jpg
Training,pituitary,512,512,RGB,JPEG,Dataset\Training\pituitary\Tr-pi_131.jpg
Training,pituitary,512,512,L,JPEG,Dataset\Training\pituitary\Tr-pi_1310.jpg
Training,pituitary,512,512,L,JPEG,Dataset\Training\pituitary\Tr-pi_1311.jpg
Training,pituitary,512,512,RGB,JPEG,Dataset\Training\pituitary\Tr-pi_1312.jpg
Training,pituitary,512,512,L,JPEG,Dataset\Training\pituitary\Tr-pi_1313.jpg
Training,pituitary,512,512,L,JPEG,Dataset\Training\pituitary\Tr-pi_1314.jpg
Training,pituitary,512,512,L,JPEG,Dataset\Training\pituitary\Tr-pi_1315.jpg
Training,pituitary,512,512,RGB,JPEG,Dataset\Training\pituitary\Tr-pi_1316.jpg
Training,pituitary,512,512,L,JPEG,Dataset\Training\pituitary\Tr-pi_1317.jpg
Training,pituitary,512,512,L,JPEG,Dataset\Training\pituitary\Tr-pi_1318.jpg
Training,pituitary,512,512,L,JPEG,Dataset\Training\pituitary\Tr-pi_1319.jpg
Training,pituitary,512,512,RGB,JPEG,Dataset\Training\pituitary\Tr-pi_132.jpg
Training,pituitary,512,512,RGB,JPEG,Dataset\Training\pituitary\Tr-pi_1320.jpg
Training,pituitary,512,512,RGB,JPEG,Dataset\Training\pituitary\Tr-pi_1321.jpg
Training,pituitary,512,512,RGB,JPEG,Dataset\Training\pituitary\Tr-pi_1322.jpg
Training,pituitary,512,512,RGB,JPEG,Dataset\Training\pituitary\Tr-pi_1323.jpg
Training,pituitary,512,512,RGB,JPEG,Dataset\Training\pituitary\Tr-pi_1324.jpg
Training,pituitary,512,512,RGB,JPEG,Dataset\Training\pituitary\Tr-pi_1325.jpg
Training,pituitary,512,512,RGB,JPEG,Dataset\Training\pituitary\Tr-pi_1326.jpg
Training,pituitary,512,512,RGB,JPEG,Dataset\Training\pituitary\Tr-pi_1327.jpg
Training,pituitary,512,512,L,JPEG,Dataset\Training\pituitary\Tr-pi_1328.jpg
Training,pituitary,512,512,RGB,JPEG,Dataset\Training\pituitary\Tr-pi_1329.jpg
Training,pituitary,512,512,RGB,JPEG,Dataset\Training\pituitary\Tr-pi_133.jpg
Training,pituitary,512,512,L,JPEG,Dataset\Training\pituitary\Tr-pi_1330.jpg
Training,pituitary,512,512,RGB,JPEG,Dataset\Training\pituitary\Tr-pi_1331.jpg
Training,pituitary,512,512,RGB,JPEG,Dataset\Training\pituitary\Tr-pi_1332.jpg
Training,pituitary,512,512,L,JPEG,Dataset\Training\pituitary\Tr-pi_1333.jpg
Training,pituitary,512,512,RGB,JPEG,Dataset\Training\pituitary\Tr-pi_1334.jpg
Training,pituitary,512,512,RGB,JPEG,Dataset\Training\pituitary\Tr-pi_1335.jpg
Training,pituitary,512,512,L,JPEG,Dataset\Training\pituitary\Tr-pi_1336.jpg
Training,pituitary,512,512,RGB,JPEG,Dataset\Training\pituitary\Tr-pi_1337.jpg
Training,pituitary,512,512,RGB,JPEG,Dataset\Training\pituitary\Tr-pi_1338.jpg
Training,pituitary,512,512,RGB,JPEG,Dataset\Training\pituitary\Tr-pi_1339.jpg
Training,pituitary,512,512,L,JPEG,Dataset\Training\pituitary\Tr-pi_134.jpg
Training,pituitary,512,512,RGB,JPEG,Dataset\Training\pituitary\Tr-pi_1340.jpg
Training,pituitary,512,512,L,JPEG,Dataset\Training\pituitary\Tr-pi_1341.jpg
Training,pituitary,512,512,RGB,JPEG,Dataset\Training\pituitary\Tr-pi_1342.jpg
Training,pituitary,512,512,RGB,JPEG,Dataset\Training\pituitary\Tr-pi_1343.jpg
Training,pituitary,512,512,RGB,JPEG,Dataset\Training\pituitary\Tr-pi_1344.jpg
Training,pituitary,512,512,RGB,JPEG,Dataset\Training\pituitary\Tr-pi_1345.jpg
Training,pituitary,512,512,RGB,JPEG,Dataset\Training\pituitary\Tr-pi_1346.jpg
Training,pituitary,256,256,L,JPEG,Dataset\Training\pituitary\Tr-pi_1347.jpg
Training,pituitary,512,512,RGB,JPEG,Dataset\Training\pituitary\Tr-pi_1348.jpg
Training,pituitary,512,512,RGB,JPEG,Dataset\Training\pituitary\Tr-pi_1349.jpg
Training,pituitary,512,512,RGB,JPEG,Dataset\Training\pituitary\Tr-pi_135.jpg
Training,pituitary,512,512,L,JPEG,Dataset\Training\pituitary\Tr-pi_1350.jpg
Training,pituitary,512,512,L,JPEG,Dataset\Training\pituitary\Tr-pi_1351.jpg
Training,pituitary,202,202,RGB,JPEG,Dataset\Training\pituitary\Tr-pi_1352.jpg
Training,pituitary,512,512,L,JPEG,Dataset\Training\pituitary\Tr-pi_1353.jpg
Training,pituitary,512,512,L,JPEG,Dataset\Training\pituitary\Tr-pi_1354.jpg
Training,pituitary,512,512,RGB,JPEG,Dataset\Training\pituitary\Tr-pi_1355.jpg
Training,pituitary,512,512,RGB,JPEG,Dataset\Training\pituitary\Tr-pi_1356.jpg
Training,pituitary,512,512,L,JPEG,Dataset\Training\pituitary\Tr-pi_1357.jpg
Training,pituitary,512,512,RGB,JPEG,Dataset\Training\pituitary\Tr-pi_1358.jpg
Training,pituitary,512,512,RGB,JPEG,Dataset\Training\pituitary\Tr-pi_1359.jpg
Training,pituitary,512,512,RGB,JPEG,Dataset\Training\pituitary\Tr-pi_136.jpg
Training,pituitary,512,512,RGB,JPEG,Dataset\Training\pituitary\Tr-pi_1360.jpg
Training,pituitary,512,512,RGB,JPEG,Dataset\Training\pituitary\Tr-pi_1361.jpg
Training,pituitary,512,512,RGB,JPEG,Dataset\Training\pituitary\Tr-pi_1362.jpg
Training,pituitary,512,512,RGB,JPEG,Dataset\Training\pituitary\Tr-pi_1363.jpg
Training,pituitary,512,512,L,JPEG,Dataset\Training\pituitary\Tr-pi_1364.jpg
Training,pituitary,512,512,RGB,JPEG,Dataset\Training\pituitary\Tr-pi_1365.jpg
Training,pituitary,512,512,RGB,JPEG,Dataset\Training\pituitary\Tr-pi_1366.jpg
Training,pituitary,512,512,RGB,JPEG,Dataset\Training\pituitary\Tr-pi_1367.jpg
Training,pituitary,512,512,RGB,JPEG,Dataset\Training\pituitary\Tr-pi_1368.jpg
Training,pituitary,512,512,RGB,JPEG,Dataset\Training\pituitary\Tr-pi_1369.jpg
Training,pituitary,512,512,RGB,JPEG,Dataset\Training\pituitary\Tr-pi_137.jpg
Training,pituitary,512,512,RGB,JPEG,Dataset\Training\pituitary\Tr-pi_1370.jpg
Training,pituitary,512,512,L,JPEG,Dataset\Training\pituitary\Tr-pi_1371.jpg
Training,pituitary,512,512,RGB,JPEG,Dataset\Training\pituitary\Tr-pi_1372.jpg
Training,pituitary,512,512,L,JPEG,Dataset\Training\pituitary\Tr-pi_1373.jpg
Training,pituitary,512,512,L,JPEG,Dataset\Training\pituitary\Tr-pi_1374.jpg
Training,pituitary,512,512,RGB,JPEG,Dataset\Training\pituitary\Tr-pi_1375.jpg
Training,pituitary,512,512,L,JPEG,Dataset\Training\pituitary\Tr-pi_1376.jpg
Training,pituitary,512,512,RGB,JPEG,Dataset\Training\pituitary\Tr-pi_1377.jpg
Training,pituitary,512,512,L,JPEG,Dataset\Training\pituitary\Tr-pi_1378.jpg
Training,pituitary,512,512,L,JPEG,Dataset\Training\pituitary\Tr-pi_1379.jpg
Training,pituitary,512,512,L,JPEG,Dataset\Training\pituitary\Tr-pi_138.jpg
Training,pituitary,512,512,RGB,JPEG,Dataset\Training\pituitary\Tr-pi_1380.jpg
Training,pituitary,512,512,RGB,JPEG,Dataset\Training\pituitary\Tr-pi_1381.jpg
Training,pituitary,512,512,RGB,JPEG,Dataset\Training\pituitary\Tr-pi_1382.jpg
Training,pituitary,512,512,L,JPEG,Dataset\Training\pituitary\Tr-pi_1383.jpg
Training,pituitary,512,512,RGB,JPEG,Dataset\Training\pituitary\Tr-pi_1384.jpg
Training,pituitary,512,512,RGB,JPEG,Dataset\Training\pituitary\Tr-pi_1385.jpg
Training,pituitary,512,512,L,JPEG,Dataset\Training\pituitary\Tr-pi_1386.jpg
Training,pituitary,512,512,RGB,JPEG,Dataset\Training\pituitary\Tr-pi_1387.jpg
Training,pituitary,512,512,RGB,JPEG,Dataset\Training\pituitary\Tr-pi_1388.jpg
Training,pituitary,512,512,L,JPEG,Dataset\Training\pituitary\Tr-pi_1389.jpg
Training,pituitary,685,681,RGB,JPEG,Dataset\Training\pituitary\Tr-pi_139.jpg
Training,pituitary,512,512,L,JPEG,Dataset\Training\pituitary\Tr-pi_1390.jpg
Training,pituitary,512,512,RGB,JPEG,Dataset\Training\pituitary\Tr-pi_1391.jpg
Training,pituitary,512,512,RGB,JPEG,Dataset\Training\pituitary\Tr-pi_1392.jpg
Training,pituitary,512,512,L,JPEG,Dataset\Training\pituitary\Tr-pi_1393.jpg
Training,pituitary,512,512,RGB,JPEG,Dataset\Training\pituitary\Tr-pi_1394.jpg
Training,pituitary,512,512,L,JPEG,Dataset\Training\pituitary\Tr-pi_1395.jpg
Training,pituitary,512,512,RGB,JPEG,Dataset\Training\pituitary\Tr-pi_1396.jpg
Training,pituitary,512,512,L,JPEG,Dataset\Training\pituitary\Tr-pi_1397.jpg
Training,pituitary,512,512,L,JPEG,Dataset\Training\pituitary\Tr-pi_1398.jpg
Training,pituitary,441,429,RGB,JPEG,Dataset\Training\pituitary\Tr-pi_1399.jpg
Training,pituitary,512,512,RGB,JPEG,Dataset\Training\pituitary\Tr-pi_14.jpg
Training,pituitary,512,512,RGB,JPEG,Dataset\Training\pituitary\Tr-pi_140.jpg
Training,pituitary,512,512,RGB,JPEG,Dataset\Training\pituitary\Tr-pi_1400.jpg
Training,pituitary,512,512,L,JPEG,Dataset\Training\pituitary\Tr-pi_141.jpg
Training,pituitary,512,512,RGB,JPEG,Dataset\Training\pituitary\Tr-pi_142.jpg
Training,pituitary,512,512,L,JPEG,Dataset\Training\pituitary\Tr-pi_143.jpg
Training,pituitary,512,512,L,JPEG,Dataset\Training\pituitary\Tr-pi_144.jpg
Training,pituitary,512,512,L,JPEG,Dataset\Training\pituitary\Tr-pi_145.jpg
Training,pituitary,512,512,L,JPEG,Dataset\Training\pituitary\Tr-pi_146.jpg
Training,pituitary,512,512,RGB,JPEG,Dataset\Training\pituitary\Tr-pi_147.jpg
Training,pituitary,512,512,L,JPEG,Dataset\Training\pituitary\Tr-pi_148.jpg
Training,pituitary,512,512,L,JPEG,Dataset\Training\pituitary\Tr-pi_149.jpg
Training,pituitary,512,512,RGB,JPEG,Dataset\Training\pituitary\Tr-pi_15.jpg
Training,pituitary,512,512,L,JPEG,Dataset\Training\pituitary\Tr-pi_150.jpg
Training,pituitary,512,512,L,JPEG,Dataset\Training\pituitary\Tr-pi_151.jpg
Training,pituitary,512,512,L,JPEG,Dataset\Training\pituitary\Tr-pi_152.jpg
Training,pituitary,512,512,L,JPEG,Dataset\Training\pituitary\Tr-pi_153.jpg
Training,pituitary,512,512,RGB,JPEG,Dataset\Training\pituitary\Tr-pi_154.jpg
Training,pituitary,512,512,RGB,JPEG,Dataset\Training\pituitary\Tr-pi_155.jpg
Training,pituitary,512,512,L,JPEG,Dataset\Training\pituitary\Tr-pi_156.jpg
Training,pituitary,512,512,RGB,JPEG,Dataset\Training\pituitary\Tr-pi_157.jpg
Training,pituitary,512,512,L,JPEG,Dataset\Training\pituitary\Tr-pi_158.jpg
Training,pituitary,512,512,RGB,JPEG,Dataset\Training\pituitary\Tr-pi_159.jpg
Training,pituitary,512,512,RGB,JPEG,Dataset\Training\pituitary\Tr-pi_16.jpg
Training,pituitary,512,512,RGB,JPEG,Dataset\Training\pituitary\Tr-pi_160.jpg
Training,pituitary,512,512,RGB,JPEG,Dataset\Training\pituitary\Tr-pi_161.jpg
Training,pituitary,512,512,RGB,JPEG,Dataset\Training\pituitary\Tr-pi_162.jpg
Training,pituitary,512,512,RGB,JPEG,Dataset\Training\pituitary\Tr-pi_163.jpg
Training,pituitary,512,512,RGB,JPEG,Dataset\Training\pituitary\Tr-pi_164.jpg
Training,pituitary,512,512,L,JPEG,Dataset\Training\pituitary\Tr-pi_165.jpg
Training,pituitary,512,512,L,JPEG,Dataset\Training\pituitary\Tr-pi_166.jpg
Training,pituitary,512,512,RGB,JPEG,Dataset\Training\pituitary\Tr-pi_167.jpg
Training,pituitary,512,512,RGB,JPEG,Dataset\Training\pituitary\Tr-pi_168.jpg
Training,pituitary,512,512,L,JPEG,Dataset\Training\pituitary\Tr-pi_169.jpg
Training,pituitary,900,741,RGB,JPEG,Dataset\Training\pituitary\Tr-pi_17.jpg
Training,pituitary,512,512,L,JPEG,Dataset\Training\pituitary\Tr-pi_170.jpg
Training,pituitary,512,512,L,JPEG,Dataset\Training\pituitary\Tr-pi_171.jpg
Training,pituitary,512,512,RGB,JPEG,Dataset\Training\pituitary\Tr-pi_172.jpg
Training,pituitary,512,512,RGB,JPEG,Dataset\Training\pituitary\Tr-pi_173.jpg
Training,pituitary,512,512,RGB,JPEG,Dataset\Training\pituitary\Tr-pi_174.jpg
Training,pituitary,512,512,L,JPEG,Dataset\Training\pituitary\Tr-pi_175.jpg
Training,pituitary,512,512,RGB,JPEG,Dataset\Training\pituitary\Tr-pi_176.jpg
Training,pituitary,512,512,L,JPEG,Dataset\Training\pituitary\Tr-pi_177.jpg
Training,pituitary,512,512,RGB,JPEG,Dataset\Training\pituitary\Tr-pi_178.jpg
Training,pituitary,512,512,L,JPEG,Dataset\Training\pituitary\Tr-pi_179.jpg
Training,pituitary,512,512,L,JPEG,Dataset\Training\pituitary\Tr-pi_18.jpg
Training,pituitary,512,512,L,JPEG,Dataset\Training\pituitary\Tr-pi_180.jpg
Training,pituitary,512,512,L,JPEG,Dataset\Training\pituitary\Tr-pi_181.jpg
Training,pituitary,512,512,L,JPEG,Dataset\Training\pituitary\Tr-pi_182.jpg
Training,pituitary,512,512,L,JPEG,Dataset\Training\pituitary\Tr-pi_183.jpg
Training,pituitary,512,512,RGB,JPEG,Dataset\Training\pituitary\Tr-pi_184.jpg
Training,pituitary,512,512,RGB,JPEG,Dataset\Training\pituitary\Tr-pi_185.jpg
Training,pituitary,512,512,RGB,JPEG,Dataset\Training\pituitary\Tr-pi_186.jpg
Training,pituitary,512,512,RGB,JPEG,Dataset\Training\pituitary\Tr-pi_187.jpg
Training,pituitary,512,512,L,JPEG,Dataset\Training\pituitary\Tr-pi_188.jpg
Training,pituitary,512,512,L,JPEG,Dataset\Training\pituitary\Tr-pi_189.jpg
Training,pituitary,512,512,RGB,JPEG,Dataset\Training\pituitary\Tr-pi_19.jpg
Training,pituitary,512,512,RGB,JPEG,Dataset\Training\pituitary\Tr-pi_190.jpg
Training,pituitary,512,512,RGB,JPEG,Dataset\Training\pituitary\Tr-pi_191.jpg
Training,pituitary,512,512,L,JPEG,Dataset\Training\pituitary\Tr-pi_192.jpg
Training,pituitary,512,512,RGB,JPEG,Dataset\Training\pituitary\Tr-pi_193.jpg
Training,pituitary,512,512,L,JPEG,Dataset\Training\pituitary\Tr-pi_194.jpg
Training,pituitary,441,429,RGB,JPEG,Dataset\Training\pituitary\Tr-pi_195.jpg
Training,pituitary,512,512,RGB,JPEG,Dataset\Training\pituitary\Tr-pi_196.jpg
Training,pituitary,512,512,L,JPEG,Dataset\Training\pituitary\Tr-pi_197.jpg
Training,pituitary,512,512,L,JPEG,Dataset\Training\pituitary\Tr-pi_198.jpg
Training,pituitary,512,512,RGB,JPEG,Dataset\Training\pituitary\Tr-pi_199.jpg
Training,pituitary,512,512,L,JPEG,Dataset\Training\pituitary\Tr-pi_2.jpg
Training,pituitary,512,512,L,JPEG,Dataset\Training\pituitary\Tr-pi_20.jpg
Training,pituitary,512,512,RGB,JPEG,Dataset\Training\pituitary\Tr-pi_200.jpg
Training,pituitary,512,512,RGB,JPEG,Dataset\Training\pituitary\Tr-pi_201.jpg
Training,pituitary,512,512,L,JPEG,Dataset\Training\pituitary\Tr-pi_202.jpg
Training,pituitary,512,512,RGB,JPEG,Dataset\Training\pituitary\Tr-pi_203.jpg
Training,pituitary,512,512,L,JPEG,Dataset\Training\pituitary\Tr-pi_204.jpg
Training,pituitary,512,512,RGB,JPEG,Dataset\Training\pituitary\Tr-pi_205.jpg
Training,pituitary,201,210,RGB,JPEG,Dataset\Training\pituitary\Tr-pi_206.jpg
Training,pituitary,512,512,L,JPEG,Dataset\Training\pituitary\Tr-pi_207.jpg
Training,pituitary,512,512,L,JPEG,Dataset\Training\pituitary\Tr-pi_208.jpg
Training,pituitary,512,512,RGB,JPEG,Dataset\Training\pituitary\Tr-pi_209.jpg
Training,pituitary,512,512,RGB,JPEG,Dataset\Training\pituitary\Tr-pi_21.jpg
Training,pituitary,512,512,RGB,JPEG,Dataset\Training\pituitary\Tr-pi_210.jpg
Training,pituitary,512,512,L,JPEG,Dataset\Training\pituitary\Tr-pi_211.jpg
Training,pituitary,512,512,RGB,JPEG,Dataset\Training\pituitary\Tr-pi_212.jpg
Training,pituitary,512,512,L,JPEG,Dataset\Training\pituitary\Tr-pi_213.jpg
Training,pituitary,512,512,L,JPEG,Dataset\Training\pituitary\Tr-pi_214.jpg
Training,pituitary,512,512,RGB,JPEG,Dataset\Training\pituitary\Tr-pi_215.jpg
Training,pituitary,512,512,RGB,JPEG,Dataset\Training\pituitary\Tr-pi_216.jpg
Training,pituitary,512,512,L,JPEG,Dataset\Training\pituitary\Tr-pi_217.jpg
Training,pituitary,512,512,L,JPEG,Dataset\Training\pituitary\Tr-pi_218.jpg
Training,pituitary,512,512,RGB,JPEG,Dataset\Training\pituitary\Tr-pi_219.jpg
Training,pituitary,512,512,RGB,JPEG,Dataset\Training\pituitary\Tr-pi_22.jpg
Training,pituitary,512,512,RGB,JPEG,Dataset\Training\pituitary\Tr-pi_220.jpg
Training,pituitary,512,512,RGB,JPEG,Dataset\Training\pituitary\Tr-pi_221.jpg
Training,pituitary,512,512,RGB,JPEG,Dataset\Training\pituitary\Tr-pi_222.jpg
Training,pituitary,512,512,RGB,JPEG,Dataset\Training\pituitary\Tr-pi_223.jpg
Training,pituitary,512,512,RGB,JPEG,Dataset\Training\pituitary\Tr-pi_224.jpg
Training,pituitary,512,512,RGB,JPEG,Dataset\Training\pituitary\Tr-pi_225.jpg
Training,pituitary,512,512,RGB,JPEG,Dataset\Training\pituitary\Tr-pi_226.jpg
Training,pituitary,512,512,L,JPEG,Dataset\Training\pituitary\Tr-pi_227.jpg
Training,pituitary,512,512,RGB,JPEG,Dataset\Training\pituitary\Tr-pi_228.jpg
Training,pituitary,512,512,RGB,JPEG,Dataset\Training\pituitary\Tr-pi_229.jpg
Training,pituitary,512,512,L,JPEG,Dataset\Training\pituitary\Tr-pi_23.jpg
Training,pituitary,512,512,L,JPEG,Dataset\Training\pituitary\Tr-pi_230.jpg
Training,pituitary,512,512,RGB,JPEG,Dataset\Training\pituitary\Tr-pi_231.jpg
Training,pituitary,512,512,RGB,JPEG,Dataset\Training\pituitary\Tr-pi_232.jpg
Training,pituitary,512,512,RGB,JPEG,Dataset\Training\pituitary\Tr-pi_233.jpg
Training,pituitary,512,512,L,JPEG,Dataset\Training\pituitary\Tr-pi_234.jpg
Training,pituitary,512,512,RGB,JPEG,Dataset\Training\pituitary\Tr-pi_235.jpg
Training,pituitary,512,512,RGB,JPEG,Dataset\Training\pituitary\Tr-pi_236.jpg
Training,pituitary,512,512,RGB,JPEG,Dataset\Training\pituitary\Tr-pi_237.jpg
Training,pituitary,512,512,L,JPEG,Dataset\Training\pituitary\Tr-pi_238.jpg
Training,pituitary,512,512,L,JPEG,Dataset\Training\pituitary\Tr-pi_239.jpg
Training,pituitary,512,512,RGB,JPEG,Dataset\Training\pituitary\Tr-pi_24.jpg
Training,pituitary,512,512,RGB,JPEG,Dataset\Training\pituitary\Tr-pi_240.jpg
Training,pituitary,512,512,RGB,JPEG,Dataset\Training\pituitary\Tr-pi_241.jpg
Training,pituitary,512,512,RGB,JPEG,Dataset\Training\pituitary\Tr-pi_242.jpg
Training,pituitary,512,512,RGB,JPEG,Dataset\Training\pituitary\Tr-pi_243.jpg
Training,pituitary,512,512,RGB,JPEG,Dataset\Training\pituitary\Tr-pi_244.jpg
Training,pituitary,512,512,RGB,JPEG,Dataset\Training\pituitary\Tr-pi_245.jpg
Training,pituitary,225,225,RGB,JPEG,Dataset\Training\pituitary\Tr-pi_246.jpg
Training,pituitary,256,256,RGB,JPEG,Dataset\Training\pituitary\Tr-pi_247.jpg
Training,pituitary,512,512,RGB,JPEG,Dataset\Training\pituitary\Tr-pi_248.jpg
Training,pituitary,512,512,L,JPEG,Dataset\Training\pituitary\Tr-pi_249.jpg
Training,pituitary,512,512,RGB,JPEG,Dataset\Training\pituitary\Tr-pi_25.jpg
Training,pituitary,512,512,L,JPEG,Dataset\Training\pituitary\Tr-pi_250.jpg
Training,pituitary,512,512,L,JPEG,Dataset\Training\pituitary\Tr-pi_251.jpg
Training,pituitary,512,512,RGB,JPEG,Dataset\Training\pituitary\Tr-pi_252.jpg
Training,pituitary,512,512,L,JPEG,Dataset\Training\pituitary\Tr-pi_253.jpg
Training,pituitary,512,512,RGB,JPEG,Dataset\Training\pituitary\Tr-pi_254.jpg
Training,pituitary,512,512,L,JPEG,Dataset\Training\pituitary\Tr-pi_255.jpg
Training,pituitary,512,512,L,JPEG,Dataset\Training\pituitary\Tr-pi_256.jpg
Training,pituitary,512,512,RGB,JPEG,Dataset\Training\pituitary\Tr-pi_257.jpg
Training,pituitary,512,512,L,JPEG,Dataset\Training\pituitary\Tr-pi_258.jpg
Training,pituitary,512,512,RGB,JPEG,Dataset\Training\pituitary\Tr-pi_259.jpg
Training,pituitary,512,512,RGB,JPEG,Dataset\Training\pituitary\Tr-pi_26.jpg
Training,pituitary,512,512,RGB,JPEG,Dataset\Training\pituitary\Tr-pi_260.jpg
Training,pituitary,512,512,RGB,JPEG,Dataset\Training\pituitary\Tr-pi_261.jpg
Training,pituitary,512,512,L,JPEG,Dataset\Training\pituitary\Tr-pi_262.jpg
Training,pituitary,512,512,RGB,JPEG,Dataset\Training\pituitary\Tr-pi_263.jpg
Training,pituitary,512,512,RGB,JPEG,Dataset\Training\pituitary\Tr-pi_264.jpg
Training,pituitary,512,512,RGB,JPEG,Dataset\Training\pituitary\Tr-pi_265.jpg
Training,pituitary,512,512,L,JPEG,Dataset\Training\pituitary\Tr-pi_266.jpg
Training,pituitary,512,512,RGB,JPEG,Dataset\Training\pituitary\Tr-pi_267.jpg
Training,pituitary,512,512,RGB,JPEG,Dataset\Training\pituitary\Tr-pi_268.jpg
Training,pituitary,512,512,RGB,JPEG,Dataset\Training\pituitary\Tr-pi_269.jpg
Training,pituitary,512,512,L,JPEG,Dataset\Training\pituitary\Tr-pi_27.jpg
Training,pituitary,512,512,L,JPEG,Dataset\Training\pituitary\Tr-pi_270.jpg
Training,pituitary,512,512,L,JPEG,Dataset\Training\pituitary\Tr-pi_271.jpg
Training,pituitary,512,512,RGB,JPEG,Dataset\Training\pituitary\Tr-pi_272.jpg
Training,pituitary,512,512,L,JPEG,Dataset\Training\pituitary\Tr-pi_273.jpg
Training,pituitary,512,512,RGB,JPEG,Dataset\Training\pituitary\Tr-pi_274.jpg
Training,pituitary,512,512,RGB,JPEG,Dataset\Training\pituitary\Tr-pi_275.jpg
Training,pituitary,512,512,RGB,JPEG,Dataset\Training\pituitary\Tr-pi_276.jpg
Training,pituitary,512,512,RGB,JPEG,Dataset\Training\pituitary\Tr-pi_277.jpg
Training,pituitary,512,512,RGB,JPEG,Dataset\Training\pituitary\Tr-pi_278.jpg
Training,pituitary,512,512,RGB,JPEG,Dataset\Training\pituitary\Tr-pi_279.jpg
Training,pituitary,512,512,RGB,JPEG,Dataset\Training\pituitary\Tr-pi_28.jpg
Training,pituitary,512,512,L,JPEG,Dataset\Training\pituitary\Tr-pi_280.jpg
Training,pituitary,512,512,L,JPEG,Dataset\Training\pituitary\Tr-pi_281.jpg
Training,pituitary,512,512,L,JPEG,Dataset\Training\pituitary\Tr-pi_282.jpg
Training,pituitary,512,512,L,JPEG,Dataset\Training\pituitary\Tr-pi_283.jpg
Training,pituitary,512,512,L,JPEG,Dataset\Training\pituitary\Tr-pi_284.jpg
Training,pituitary,512,512,RGB,JPEG,Dataset\Training\pituitary\Tr-pi_285.jpg
Training,pituitary,350,400,RGB,JPEG,Dataset\Training\pituitary\Tr-pi_286.jpg
Training,pituitary,512,512,RGB,JPEG,Dataset\Training\pituitary\Tr-pi_287.jpg
Training,pituitary,512,512,RGB,JPEG,Dataset\Training\pituitary\Tr-pi_288.jpg
Training,pituitary,512,512,L,JPEG,Dataset\Training\pituitary\Tr-pi_289.jpg
Training,pituitary,512,512,RGB,JPEG,Dataset\Training\pituitary\Tr-pi_29.jpg
Training,pituitary,512,512,L,JPEG,Dataset\Training\pituitary\Tr-pi_290.jpg
Training,pituitary,512,512,RGB,JPEG,Dataset\Training\pituitary\Tr-pi_291.jpg
Training,pituitary,512,512,RGB,JPEG,Dataset\Training\pituitary\Tr-pi_292.jpg
Training,pituitary,512,512,L,JPEG,Dataset\Training\pituitary\Tr-pi_293.jpg
Training,pituitary,512,512,RGB,JPEG,Dataset\Training\pituitary\Tr-pi_294.jpg
Training,pituitary,512,512,RGB,JPEG,Dataset\Training\pituitary\Tr-pi_295.jpg
Training,pituitary,512,512,L,JPEG,Dataset\Training\pituitary\Tr-pi_296.jpg
Training,pituitary,512,512,L,JPEG,Dataset\Training\pituitary\Tr-pi_297.jpg
Training,pituitary,512,512,RGB,JPEG,Dataset\Training\pituitary\Tr-pi_298.jpg
Training,pituitary,512,512,RGB,JPEG,Dataset\Training\pituitary\Tr-pi_299.jpg
Training,pituitary,512,512,L,JPEG,Dataset\Training\pituitary\Tr-pi_3.jpg
Training,pituitary,512,512,RGB,JPEG,Dataset\Training\pituitary\Tr-pi_30.jpg
Training,pituitary,512,512,L,JPEG,Dataset\Training\pituitary\Tr-pi_300.jpg
Training,pituitary,512,512,RGB,JPEG,Dataset\Training\pituitary\Tr-pi_301.jpg
Training,pituitary,512,512,RGB,JPEG,Dataset\Training\pituitary\Tr-pi_302.jpg
Training,pituitary,512,512,RGB,JPEG,Dataset\Training\pituitary\Tr-pi_303.jpg
Training,pituitary,512,512,RGB,JPEG,Dataset\Training\pituitary\Tr-pi_304.jpg
Training,pituitary,512,512,RGB,JPEG,Dataset\Training\pituitary\Tr-pi_305.jpg
Training,pituitary,900,741,RGB,JPEG,Dataset\Training\pituitary\Tr-pi_306.jpg
Training,pituitary,512,512,RGB,JPEG,Dataset\Training\pituitary\Tr-pi_307.jpg
Training,pituitary,512,512,RGB,JPEG,Dataset\Training\pituitary\Tr-pi_308.jpg
Training,pituitary,512,512,L,JPEG,Dataset\Training\pituitary\Tr-pi_309.jpg
Training,pituitary,512,512,RGB,JPEG,Dataset\Training\pituitary\Tr-pi_31.jpg
Training,pituitary,512,512,L,JPEG,Dataset\Training\pituitary\Tr-pi_310.jpg
Training,pituitary,512,512,RGB,JPEG,Dataset\Training\pituitary\Tr-pi_311.jpg
Training,pituitary,512,512,L,JPEG,Dataset\Training\pituitary\Tr-pi_312.jpg
Training,pituitary,512,512,RGB,JPEG,Dataset\Training\pituitary\Tr-pi_313.jpg
Training,pituitary,512,512,RGB,JPEG,Dataset\Training\pituitary\Tr-pi_314.jpg
Training,pituitary,512,512,RGB,JPEG,Dataset\Training\pituitary\Tr-pi_315.jpg
Training,pituitary,512,512,RGB,JPEG,Dataset\Training\pituitary\Tr-pi_316.jpg
Training,pituitary,512,512,L,JPEG,Dataset\Training\pituitary\Tr-pi_317.jpg
Training,pituitary,512,512,RGB,JPEG,Dataset\Training\pituitary\Tr-pi_318.jpg
Training,pituitary,512,512,L,JPEG,Dataset\Training\pituitary\Tr-pi_319.jpg
Training,pituitary,512,512,L,JPEG,Dataset\Training\pituitary\Tr-pi_32.jpg
Training,pituitary,512,512,RGB,JPEG,Dataset\Training\pituitary\Tr-pi_320.jpg
Training,pituitary,512,512,RGB,JPEG,Dataset\Training\pituitary\Tr-pi_321.jpg
Training,pituitary,512,512,RGB,JPEG,Dataset\Training\pituitary\Tr-pi_322.jpg
Training,pituitary,512,512,RGB,JPEG,Dataset\Training\pituitary\Tr-pi_323.jpg
Training,pituitary,512,512,L,JPEG,Dataset\Training\pituitary\Tr-pi_324.jpg
Training,pituitary,256,256,RGB,JPEG,Dataset\Training\pituitary\Tr-pi_325.jpg
Training,pituitary,512,512,RGB,JPEG,Dataset\Training\pituitary\Tr-pi_326.jpg
Training,pituitary,512,512,L,JPEG,Dataset\Training\pituitary\Tr-pi_327.jpg
Training,pituitary,512,512,L,JPEG,Dataset\Training\pituitary\Tr-pi_328.jpg
Training,pituitary,512,512,L,JPEG,Dataset\Training\pituitary\Tr-pi_329.jpg
Training,pituitary,512,512,RGB,JPEG,Dataset\Training\pituitary\Tr-pi_33.jpg
Training,pituitary,512,512,RGB,JPEG,Dataset\Training\pituitary\Tr-pi_330.jpg
Training,pituitary,512,512,RGB,JPEG,Dataset\Training\pituitary\Tr-pi_331.jpg
Training,pituitary,512,512,L,JPEG,Dataset\Training\pituitary\Tr-pi_332.jpg
Training,pituitary,512,512,RGB,JPEG,Dataset\Training\pituitary\Tr-pi_333.jpg
Training,pituitary,512,512,RGB,JPEG,Dataset\Training\pituitary\Tr-pi_334.jpg
Training,pituitary,512,512,L,JPEG,Dataset\Training\pituitary\Tr-pi_335.jpg
Training,pituitary,512,512,RGB,JPEG,Dataset\Training\pituitary\Tr-pi_336.jpg
Training,pituitary,512,512,L,JPEG,Dataset\Training\pituitary\Tr-pi_337.jpg
Training,pituitary,512,512,L,JPEG,Dataset\Training\pituitary\Tr-pi_338.jpg
Training,pituitary,512,512,L,JPEG,Dataset\Training\pituitary\Tr-pi_339.jpg
Training,pituitary,512,512,RGB,JPEG,Dataset\Training\pituitary\Tr-pi_34.jpg
Training,pituitary,512,512,RGB,JPEG,Dataset\Training\pituitary\Tr-pi_340.jpg
Training,pituitary,256,256,RGB,JPEG,Dataset\Training\pituitary\Tr-pi_341.jpg
Training,pituitary,512,512,L,JPEG,Dataset\Training\pituitary\Tr-pi_342.jpg
Training,pituitary,512,512,RGB,JPEG,Dataset\Training\pituitary\Tr-pi_343.jpg
Training,pituitary,512,512,L,JPEG,Dataset\Training\pituitary\Tr-pi_344.jpg
Training,pituitary,512,512,L,JPEG,Dataset\Training\pituitary\Tr-pi_345.jpg
Training,pituitary,512,512,RGB,JPEG,Dataset\Training\pituitary\Tr-pi_346.jpg
Training,pituitary,512,512,RGB,JPEG,Dataset\Training\pituitary\Tr-pi_347.jpg
Training,pituitary,512,512,RGB,JPEG,Dataset\Training\pituitary\Tr-pi_348.jpg
Training,pituitary,512,512,L,JPEG,Dataset\Training\pituitary\Tr-pi_349.jpg
Training,pituitary,512,512,RGB,JPEG,Dataset\Training\pituitary\Tr-pi_35.jpg
Training,pituitary,512,512,L,JPEG,Dataset\Training\pituitary\Tr-pi_350.jpg
Training,pituitary,512,512,RGB,JPEG,Dataset\Training\pituitary\Tr-pi_351.jpg
Training,pituitary,512,512,RGB,JPEG,Dataset\Training\pituitary\Tr-pi_352.jpg
Training,pituitary,512,512,L,JPEG,Dataset\Training\pituitary\Tr-pi_353.jpg
Training,pituitary,512,512,L,JPEG,Dataset\Training\pituitary\Tr-pi_354.jpg
Training,pituitary,512,512,L,JPEG,Dataset\Training\pituitary\Tr-pi_355.jpg
Training,pituitary,892,826,RGB,JPEG,Dataset\Training\pituitary\Tr-pi_356.jpg
Training,pituitary,512,512,RGB,JPEG,Dataset\Training\pituitary\Tr-pi_357.jpg
Training,pituitary,512,512,L,JPEG,Dataset\Training\pituitary\Tr-pi_358.jpg
Training,pituitary,512,512,L,JPEG,Dataset\Training\pituitary\Tr-pi_359.jpg
Training,pituitary,512,512,RGB,JPEG,Dataset\Training\pituitary\Tr-pi_36.jpg
Training,pituitary,512,512,RGB,JPEG,Dataset\Training\pituitary\Tr-pi_360.jpg
Training,pituitary,512,512,L,JPEG,Dataset\Training\pituitary\Tr-pi_361.jpg
Training,pituitary,512,512,L,JPEG,Dataset\Training\pituitary\Tr-pi_362.jpg
Training,pituitary,512,512,L,JPEG,Dataset\Training\pituitary\Tr-pi_363.jpg
Training,pituitary,512,512,RGB,JPEG,Dataset\Training\pituitary\Tr-pi_364.jpg
Training,pituitary,512,512,RGB,JPEG,Dataset\Training\pituitary\Tr-pi_365.jpg
Training,pituitary,512,512,L,JPEG,Dataset\Training\pituitary\Tr-pi_366.jpg
Training,pituitary,512,512,RGB,JPEG,Dataset\Training\pituitary\Tr-pi_367.jpg
Training,pituitary,512,512,RGB,JPEG,Dataset\Training\pituitary\Tr-pi_368.jpg
Training,pituitary,512,512,L,JPEG,Dataset\Training\pituitary\Tr-pi_369.jpg
Training,pituitary,512,512,RGB,JPEG,Dataset\Training\pituitary\Tr-pi_37.jpg
Training,pituitary,512,512,RGB,JPEG,Dataset\Training\pituitary\Tr-pi_370.jpg
Training,pituitary,512,512,L,JPEG,Dataset\Training\pituitary\Tr-pi_371.jpg
Training,pituitary,512,512,RGB,JPEG,Dataset\Training\pituitary\Tr-pi_372.jpg
Training,pituitary,512,512,L,JPEG,Dataset\Training\pituitary\Tr-pi_373.jpg
Training,pituitary,512,512,RGB,JPEG,Dataset\Training\pituitary\Tr-pi_374.jpg
Training,pituitary,512,512,L,JPEG,Dataset\Training\pituitary\Tr-pi_375.jpg
Training,pituitary,512,512,L,JPEG,Dataset\Training\pituitary\Tr-pi_376.jpg
Training,pituitary,512,512,RGB,JPEG,Dataset\Training\pituitary\Tr-pi_377.jpg
Training,pituitary,512,512,RGB,JPEG,Dataset\Training\pituitary\Tr-pi_378.jpg
Training,pituitary,512,512,RGB,JPEG,Dataset\Training\pituitary\Tr-pi_379.jpg
Training,pituitary,512,512,RGB,JPEG,Dataset\Training\pituitary\Tr-pi_38.jpg
Training,pituitary,512,512,RGB,JPEG,Dataset\Training\pituitary\Tr-pi_380.jpg
Training,pituitary,512,512,RGB,JPEG,Dataset\Training\pituitary\Tr-pi_381.jpg
Training,pituitary,400,400,RGB,JPEG,Dataset\Training\pituitary\Tr-pi_382.jpg
Training,pituitary,512,512,RGB,JPEG,Dataset\Training\pituitary\Tr-pi_383.jpg
Training,pituitary,1335,1302,RGB,JPEG,Dataset\Training\pituitary\Tr-pi_384.jpg
Training,pituitary,512,512,L,JPEG,Dataset\Training\pituitary\Tr-pi_385.jpg
Training,pituitary,512,512,RGB,JPEG,Dataset\Training\pituitary\Tr-pi_386.jpg
Training,pituitary,512,512,L,JPEG,Dataset\Training\pituitary\Tr-pi_387.jpg
Training,pituitary,512,512,RGB,JPEG,Dataset\Training\pituitary\Tr-pi_388.jpg
Training,pituitary,512,512,RGB,JPEG,Dataset\Training\pituitary\Tr-pi_389.jpg
Training,pituitary,1280,1280,RGB,JPEG,Dataset\Training\pituitary\Tr-pi_39.jpg
Training,pituitary,512,512,L,JPEG,Dataset\Training\pituitary\Tr-pi_390.jpg
Training,pituitary,512,512,RGB,JPEG,Dataset\Training\pituitary\Tr-pi_391.jpg
Training,pituitary,512,512,RGB,JPEG,Dataset\Training\pituitary\Tr-pi_392.jpg
Training,pituitary,512,512,RGB,JPEG,Dataset\Training\pituitary\Tr-pi_393.jpg
Training,pituitary,512,512,RGB,JPEG,Dataset\Training\pituitary\Tr-pi_394.jpg
Training,pituitary,512,512,RGB,JPEG,Dataset\Training\pituitary\Tr-pi_395.jpg
Training,pituitary,625,603,RGB,JPEG,Dataset\Training\pituitary\Tr-pi_396.jpg
Training,pituitary,350,400,RGB,JPEG,Dataset\Training\pituitary\Tr-pi_397.jpg
Training,pituitary,512,512,RGB,JPEG,Dataset\Training\pituitary\Tr-pi_398.jpg
Training,pituitary,512,512,L,JPEG,Dataset\Training\pituitary\Tr-pi_399.jpg
Training,pituitary,512,512,L,JPEG,Dataset\Training\pituitary\Tr-pi_4.jpg
Training,pituitary,512,512,L,JPEG,Dataset\Training\pituitary\Tr-pi_40.jpg
Training,pituitary,512,512,L,JPEG,Dataset\Training\pituitary\Tr-pi_400.jpg
Training,pituitary,512,512,L,JPEG,Dataset\Training\pituitary\Tr-pi_401.jpg
Training,pituitary,512,512,L,JPEG,Dataset\Training\pituitary\Tr-pi_402.jpg
Training,pituitary,512,512,RGB,JPEG,Dataset\Training\pituitary\Tr-pi_403.jpg
Training,pituitary,512,512,L,JPEG,Dataset\Training\pituitary\Tr-pi_404.jpg
Training,pituitary,201,210,RGB,JPEG,Dataset\Training\pituitary\Tr-pi_405.jpg
Training,pituitary,512,512,L,JPEG,Dataset\Training\pituitary\Tr-pi_406.jpg
Training,pituitary,512,512,RGB,JPEG,Dataset\Training\pituitary\Tr-pi_407.jpg
Training,pituitary,512,512,RGB,JPEG,Dataset\Training\pituitary\Tr-pi_408.jpg
Training,pituitary,512,512,RGB,JPEG,Dataset\Training\pituitary\Tr-pi_409.jpg
Training,pituitary,512,512,L,JPEG,Dataset\Training\pituitary\Tr-pi_41.jpg
Training,pituitary,512,512,RGB,JPEG,Dataset\Training\pituitary\Tr-pi_410.jpg
Training,pituitary,512,512,L,JPEG,Dataset\Training\pituitary\Tr-pi_411.jpg
Training,pituitary,512,512,RGB,JPEG,Dataset\Training\pituitary\Tr-pi_412.jpg
Training,pituitary,512,512,RGB,JPEG,Dataset\Training\pituitary\Tr-pi_413.jpg
Training,pituitary,512,512,RGB,JPEG,Dataset\Training\pituitary\Tr-pi_414.jpg
Training,pituitary,256,256,RGB,JPEG,Dataset\Training\pituitary\Tr-pi_415.jpg
Training,pituitary,512,512,RGB,JPEG,Dataset\Training\pituitary\Tr-pi_416.jpg
Training,pituitary,512,512,L,JPEG,Dataset\Training\pituitary\Tr-pi_417.jpg
Training,pituitary,256,256,L,JPEG,Dataset\Training\pituitary\Tr-pi_418.jpg
Training,pituitary,512,512,L,JPEG,Dataset\Training\pituitary\Tr-pi_419.jpg
Training,pituitary,512,512,RGB,JPEG,Dataset\Training\pituitary\Tr-pi_42.jpg
Training,pituitary,512,512,L,JPEG,Dataset\Training\pituitary\Tr-pi_420.jpg
Training,pituitary,512,512,L,JPEG,Dataset\Training\pituitary\Tr-pi_421.jpg
Training,pituitary,512,512,L,JPEG,Dataset\Training\pituitary\Tr-pi_422.jpg
Training,pituitary,512,512,L,JPEG,Dataset\Training\pituitary\Tr-pi_423.jpg
Training,pituitary,512,512,L,JPEG,Dataset\Training\pituitary\Tr-pi_424.jpg
Training,pituitary,512,512,RGB,JPEG,Dataset\Training\pituitary\Tr-pi_425.jpg
Training,pituitary,512,512,RGB,JPEG,Dataset\Training\pituitary\Tr-pi_426.jpg
Training,pituitary,512,512,L,JPEG,Dataset\Training\pituitary\Tr-pi_427.jpg
Training,pituitary,512,512,RGB,JPEG,Dataset\Training\pituitary\Tr-pi_428.jpg
Training,pituitary,512,512,L,JPEG,Dataset\Training\pituitary\Tr-pi_429.jpg
Training,pituitary,512,512,L,JPEG,Dataset\Training\pituitary\Tr-pi_43.jpg
Training,pituitary,512,512,RGB,JPEG,Dataset\Training\pituitary\Tr-pi_430.jpg
Training,pituitary,512,512,L,JPEG,Dataset\Training\pituitary\Tr-pi_431.jpg
Training,pituitary,512,512,L,JPEG,Dataset\Training\pituitary\Tr-pi_432.jpg
Training,pituitary,512,512,RGB,JPEG,Dataset\Training\pituitary\Tr-pi_433.jpg
Training,pituitary,512,512,RGB,JPEG,Dataset\Training\pituitary\Tr-pi_434.jpg
Training,pituitary,512,512,RGB,JPEG,Dataset\Training\pituitary\Tr-pi_435.jpg
Training,pituitary,512,512,L,JPEG,Dataset\Training\pituitary\Tr-pi_436.jpg
Training,pituitary,512,512,L,JPEG,Dataset\Training\pituitary\Tr-pi_437.jpg
Training,pituitary,512,512,RGB,JPEG,Dataset\Training\pituitary\Tr-pi_438.jpg
Training,pituitary,512,512,RGB,JPEG,Dataset\Training\pituitary\Tr-pi_439.jpg
Training,pituitary,512,512,RGB,JPEG,Dataset\Training\pituitary\Tr-pi_44.jpg
Training,pituitary,512,512,RGB,JPEG,Dataset\Training\pituitary\Tr-pi_440.jpg
Training,pituitary,1365,1365,RGB,JPEG,Dataset\Training\pituitary\Tr-pi_441.jpg
Training,pituitary,512,512,L,JPEG,Dataset\Training\pituitary\Tr-pi_442.jpg
Training,pituitary,512,512,L,JPEG,Dataset\Training\pituitary\Tr-pi_443.jpg
Training,pituitary,512,512,RGB,JPEG,Dataset\Training\pituitary\Tr-pi_444.jpg
Training,pituitary,512,512,L,JPEG,Dataset\Training\pituitary\Tr-pi_445.jpg
Training,pituitary,512,512,RGB,JPEG,Dataset\Training\pituitary\Tr-pi_446.jpg
Training,pituitary,512,512,RGB,JPEG,Dataset\Training\pituitary\Tr-pi_447.jpg
Training,pituitary,512,512,L,JPEG,Dataset\Training\pituitary\Tr-pi_448.jpg
Training,pituitary,512,512,RGB,JPEG,Dataset\Training\pituitary\Tr-pi_449.jpg
Training,pituitary,512,512,L,JPEG,Dataset\Training\pituitary\Tr-pi_45.jpg
Training,pituitary,512,512,RGB,JPEG,Dataset\Training\pituitary\Tr-pi_450.jpg
Training,pituitary,512,512,RGB,JPEG,Dataset\Training\pituitary\Tr-pi_451.jpg
Training,pituitary,512,512,L,JPEG,Dataset\Training\pituitary\Tr-pi_452.jpg
Training,pituitary,512,512,L,JPEG,Dataset\Training\pituitary\Tr-pi_453.jpg
Training,pituitary,512,512,L,JPEG,Dataset\Training\pituitary\Tr-pi_454.jpg
Training,pituitary,512,512,L,JPEG,Dataset\Training\pituitary\Tr-pi_455.jpg
Training,pituitary,512,512,L,JPEG,Dataset\Training\pituitary\Tr-pi_456.jpg
Training,pituitary,512,512,L,JPEG,Dataset\Training\pituitary\Tr-pi_457.jpg
Training,pituitary,512,512,RGB,JPEG,Dataset\Training\pituitary\Tr-pi_458.jpg
Training,pituitary,512,512,RGB,JPEG,Dataset\Training\pituitary\Tr-pi_459.jpg
Training,pituitary,512,512,RGB,JPEG,Dataset\Training\pituitary\Tr-pi_46.jpg
Training,pituitary,512,512,RGB,JPEG,Dataset\Training\pituitary\Tr-pi_460.jpg
Training,pituitary,624,607,RGB,JPEG,Dataset\Training\pituitary\Tr-pi_461.jpg
Training,pituitary,512,512,L,JPEG,Dataset\Training\pituitary\Tr-pi_462.jpg
Training,pituitary,512,512,RGB,JPEG,Dataset\Training\pituitary\Tr-pi_463.jpg
Training,pituitary,512,512,RGB,JPEG,Dataset\Training\pituitary\Tr-pi_464.jpg
Training,pituitary,512,512,L,JPEG,Dataset\Training\pituitary\Tr-pi_465.jpg
Training,pituitary,512,512,L,JPEG,Dataset\Training\pituitary\Tr-pi_466.jpg
Training,pituitary,512,512,RGB,JPEG,Dataset\Training\pituitary\Tr-pi_467.jpg
Training,pituitary,512,512,L,JPEG,Dataset\Training\pituitary\Tr-pi_468.jpg
Training,pituitary,512,512,RGB,JPEG,Dataset\Training\pituitary\Tr-pi_469.jpg
Training,pituitary,512,512,RGB,JPEG,Dataset\Training\pituitary\Tr-pi_47.jpg
Training,pituitary,512,512,RGB,JPEG,Dataset\Training\pituitary\Tr-pi_470.jpg
Training,pituitary,512,512,RGB,JPEG,Dataset\Training\pituitary\Tr-pi_471.jpg
Training,pituitary,512,512,L,JPEG,Dataset\Training\pituitary\Tr-pi_472.jpg
Training,pituitary,512,512,RGB,JPEG,Dataset\Training\pituitary\Tr-pi_473.jpg
Training,pituitary,512,512,L,JPEG,Dataset\Training\pituitary\Tr-pi_474.jpg
Training,pituitary,512,512,RGB,JPEG,Dataset\Training\pituitary\Tr-pi_475.jpg
Training,pituitary,625,603,RGB,JPEG,Dataset\Training\pituitary\Tr-pi_476.jpg
Training,pituitary,512,512,RGB,JPEG,Dataset\Training\pituitary\Tr-pi_477.jpg
Training,pituitary,512,512,RGB,JPEG,Dataset\Training\pituitary\Tr-pi_478.jpg
Training,pituitary,512,512,L,JPEG,Dataset\Training\pituitary\Tr-pi_479.jpg
Training,pituitary,512,512,L,JPEG,Dataset\Training\pituitary\Tr-pi_48.jpg
Training,pituitary,512,512,RGB,JPEG,Dataset\Training\pituitary\Tr-pi_480.jpg
Training,pituitary,512,512,RGB,JPEG,Dataset\Training\pituitary\Tr-pi_481.jpg
Training,pituitary,512,512,L,JPEG,Dataset\Training\pituitary\Tr-pi_482.jpg
Training,pituitary,512,512,RGB,JPEG,Dataset\Training\pituitary\Tr-pi_483.jpg
Training,pituitary,512,512,L,JPEG,Dataset\Training\pituitary\Tr-pi_484.jpg
Training,pituitary,512,512,L,JPEG,Dataset\Training\pituitary\Tr-pi_485.jpg
Training,pituitary,512,512,RGB,JPEG,Dataset\Training\pituitary\Tr-pi_486.jpg
Training,pituitary,512,512,L,JPEG,Dataset\Training\pituitary\Tr-pi_487.jpg
Training,pituitary,512,512,RGB,JPEG,Dataset\Training\pituitary\Tr-pi_488.jpg
Training,pituitary,512,512,L,JPEG,Dataset\Training\pituitary\Tr-pi_489.jpg
Training,pituitary,512,512,L,JPEG,Dataset\Training\pituitary\Tr-pi_49.jpg
Training,pituitary,512,512,RGB,JPEG,Dataset\Training\pituitary\Tr-pi_490.jpg
Training,pituitary,512,512,L,JPEG,Dataset\Training\pituitary\Tr-pi_491.jpg
Training,pituitary,512,512,L,JPEG,Dataset\Training\pituitary\Tr-pi_492.jpg
Training,pituitary,512,512,RGB,JPEG,Dataset\Training\pituitary\Tr-pi_493.jpg
Training,pituitary,512,512,RGB,JPEG,Dataset\Training\pituitary\Tr-pi_494.jpg
Training,pituitary,512,512,L,JPEG,Dataset\Training\pituitary\Tr-pi_495.jpg
Training,pituitary,512,512,RGB,JPEG,Dataset\Training\pituitary\Tr-pi_496.jpg
Training,pituitary,512,512,L,JPEG,Dataset\Training\pituitary\Tr-pi_497.jpg
Training,pituitary,512,512,L,JPEG,Dataset\Training\pituitary\Tr-pi_498.jpg
Training,pituitary,512,512,L,JPEG,Dataset\Training\pituitary\Tr-pi_499.jpg
Training,pituitary,512,512,L,JPEG,Dataset\Training\pituitary\Tr-pi_5.jpg
Training,pituitary,512,512,L,JPEG,Dataset\Training\pituitary\Tr-pi_50.jpg
Training,pituitary,512,512,RGB,JPEG,Dataset\Training\pituitary\Tr-pi_500.jpg
Training,pituitary,512,512,L,JPEG,Dataset\Training\pituitary\Tr-pi_501.jpg
Training,pituitary,512,512,L,JPEG,Dataset\Training\pituitary\Tr-pi_502.jpg
Training,pituitary,512,512,L,JPEG,Dataset\Training\pituitary\Tr-pi_503.jpg
Training,pituitary,512,512,RGB,JPEG,Dataset\Training\pituitary\Tr-pi_504.jpg
Training,pituitary,512,512,RGB,JPEG,Dataset\Training\pituitary\Tr-pi_505.jpg
Training,pituitary,474,474,RGB,JPEG,Dataset\Training\pituitary\Tr-pi_506.jpg
Training,pituitary,256,256,RGB,JPEG,Dataset\Training\pituitary\Tr-pi_507.jpg
Training,pituitary,512,512,L,JPEG,Dataset\Training\pituitary\Tr-pi_508.jpg
Training,pituitary,512,512,RGB,JPEG,Dataset\Training\pituitary\Tr-pi_509.jpg
Training,pituitary,512,512,RGB,JPEG,Dataset\Training\pituitary\Tr-pi_51.jpg
Training,pituitary,512,512,RGB,JPEG,Dataset\Training\pituitary\Tr-pi_510.jpg
Training,pituitary,512,512,L,JPEG,Dataset\Training\pituitary\Tr-pi_511.jpg
Training,pituitary,512,512,L,JPEG,Dataset\Training\pituitary\Tr-pi_512.jpg
Training,pituitary,512,512,L,JPEG,Dataset\Training\pituitary\Tr-pi_513.jpg
Training,pituitary,512,512,L,JPEG,Dataset\Training\pituitary\Tr-pi_514.jpg
Training,pituitary,512,512,RGB,JPEG,Dataset\Training\pituitary\Tr-pi_515.jpg
Training,pituitary,512,512,L,JPEG,Dataset\Training\pituitary\Tr-pi_516.jpg
Training,pituitary,512,512,RGB,JPEG,Dataset\Training\pituitary\Tr-pi_517.jpg
Training,pituitary,512,512,L,JPEG,Dataset\Training\pituitary\Tr-pi_518.jpg
Training,pituitary,512,512,L,JPEG,Dataset\Training\pituitary\Tr-pi_519.jpg
Training,pituitary,512,512,L,JPEG,Dataset\Training\pituitary\Tr-pi_52.jpg
Training,pituitary,512,512,L,JPEG,Dataset\Training\pituitary\Tr-pi_520.jpg
Training,pituitary,512,512,L,JPEG,Dataset\Training\pituitary\Tr-pi_521.jpg
Training,pituitary,512,512,L,JPEG,Dataset\Training\pituitary\Tr-pi_522.jpg
Training,pituitary,512,512,L,JPEG,Dataset\Training\pituitary\Tr-pi_523.jpg
Training,pituitary,512,512,L,JPEG,Dataset\Training\pituitary\Tr-pi_524.jpg
Training,pituitary,512,512,L,JPEG,Dataset\Training\pituitary\Tr-pi_525.jpg
Training,pituitary,512,512,RGB,JPEG,Dataset\Training\pituitary\Tr-pi_526.jpg
Training,pituitary,512,512,L,JPEG,Dataset\Training\pituitary\Tr-pi_527.jpg
Training,pituitary,624,607,RGB,JPEG,Dataset\Training\pituitary\Tr-pi_528.jpg
Training,pituitary,512,512,L,JPEG,Dataset\Training\pituitary\Tr-pi_529.jpg
Training,pituitary,512,512,RGB,JPEG,Dataset\Training\pituitary\Tr-pi_53.jpg
Training,pituitary,512,512,RGB,JPEG,Dataset\Training\pituitary\Tr-pi_530.jpg
Training,pituitary,512,512,L,JPEG,Dataset\Training\pituitary\Tr-pi_531.jpg
Training,pituitary,512,512,RGB,JPEG,Dataset\Training\pituitary\Tr-pi_532.jpg
Training,pituitary,512,512,L,JPEG,Dataset\Training\pituitary\Tr-pi_533.jpg
Training,pituitary,512,512,RGB,JPEG,Dataset\Training\pituitary\Tr-pi_534.jpg
Training,pituitary,202,202,RGB,JPEG,Dataset\Training\pituitary\Tr-pi_535.jpg
Training,pituitary,512,512,RGB,JPEG,Dataset\Training\pituitary\Tr-pi_536.jpg
Training,pituitary,256,256,RGB,JPEG,Dataset\Training\pituitary\Tr-pi_537.jpg
Training,pituitary,512,512,L,JPEG,Dataset\Training\pituitary\Tr-pi_538.jpg
Training,pituitary,512,512,RGB,JPEG,Dataset\Training\pituitary\Tr-pi_539.jpg
Training,pituitary,512,512,RGB,JPEG,Dataset\Training\pituitary\Tr-pi_54.jpg
Training,pituitary,512,512,RGB,JPEG,Dataset\Training\pituitary\Tr-pi_540.jpg
Training,pituitary,502,502,RGB,JPEG,Dataset\Training\pituitary\Tr-pi_541.jpg
Training,pituitary,225,225,RGB,JPEG,Dataset\Training\pituitary\Tr-pi_542.jpg
Training,pituitary,512,512,RGB,JPEG,Dataset\Training\pituitary\Tr-pi_543.jpg
Training,pituitary,512,512,L,JPEG,Dataset\Training\pituitary\Tr-pi_544.jpg
Training,pituitary,512,512,RGB,JPEG,Dataset\Training\pituitary\Tr-pi_545.jpg
Training,pituitary,512,512,RGB,JPEG,Dataset\Training\pituitary\Tr-pi_546.jpg
Training,pituitary,512,512,L,JPEG,Dataset\Training\pituitary\Tr-pi_547.jpg
Training,pituitary,512,512,RGB,JPEG,Dataset\Training\pituitary\Tr-pi_548.jpg
Training,pituitary,512,512,RGB,JPEG,Dataset\Training\pituitary\Tr-pi_549.jpg
Training,pituitary,512,512,L,JPEG,Dataset\Training\pituitary\Tr-pi_55.jpg
Training,pituitary,512,512,RGB,JPEG,Dataset\Training\pituitary\Tr-pi_550.jpg
Training,pituitary,512,512,RGB,JPEG,Dataset\Training\pituitary\Tr-pi_551.jpg
Training,pituitary,512,512,RGB,JPEG,Dataset\Training\pituitary\Tr-pi_552.jpg
Training,pituitary,512,512,RGB,JPEG,Dataset\Training\pituitary\Tr-pi_553.jpg
Training,pituitary,512,512,RGB,JPEG,Dataset\Training\pituitary\Tr-pi_554.jpg
Training,pituitary,512,512,L,JPEG,Dataset\Training\pituitary\Tr-pi_555.jpg
Training,pituitary,512,512,RGB,JPEG,Dataset\Training\pituitary\Tr-pi_556.jpg
Training,pituitary,512,512,L,JPEG,Dataset\Training\pituitary\Tr-pi_557.jpg
Training,pituitary,512,512,L,JPEG,Dataset\Training\pituitary\Tr-pi_558.jpg
Training,pituitary,512,512,RGB,JPEG,Dataset\Training\pituitary\Tr-pi_559.jpg
Training,pituitary,512,512,L,JPEG,Dataset\Training\pituitary\Tr-pi_56.jpg
Training,pituitary,512,512,L,JPEG,Dataset\Training\pituitary\Tr-pi_560.jpg
Training,pituitary,512,512,RGB,JPEG,Dataset\Training\pituitary\Tr-pi_561.jpg
Training,pituitary,512,512,RGB,JPEG,Dataset\Training\pituitary\Tr-pi_562.jpg
Training,pituitary,512,512,L,JPEG,Dataset\Training\pituitary\Tr-pi_563.jpg
Training,pituitary,512,512,RGB,JPEG,Dataset\Training\pituitary\Tr-pi_564.jpg
Training,pituitary,512,512,RGB,JPEG,Dataset\Training\pituitary\Tr-pi_565.jpg
Training,pituitary,442,442,RGB,JPEG,Dataset\Training\pituitary\Tr-pi_566.jpg
Training,pituitary,512,512,RGB,JPEG,Dataset\Training\pituitary\Tr-pi_567.jpg
Training,pituitary,512,512,RGB,JPEG,Dataset\Training\pituitary\Tr-pi_568.jpg
Training,pituitary,512,512,RGB,JPEG,Dataset\Training\pituitary\Tr-pi_569.jpg
Training,pituitary,512,512,L,JPEG,Dataset\Training\pituitary\Tr-pi_57.jpg
Training,pituitary,512,512,L,JPEG,Dataset\Training\pituitary\Tr-pi_570.jpg
Training,pituitary,512,512,RGB,JPEG,Dataset\Training\pituitary\Tr-pi_571.jpg
Training,pituitary,512,512,L,JPEG,Dataset\Training\pituitary\Tr-pi_572.jpg
Training,pituitary,512,512,L,JPEG,Dataset\Training\pituitary\Tr-pi_573.jpg
Training,pituitary,512,512,L,JPEG,Dataset\Training\pituitary\Tr-pi_574.jpg
Training,pituitary,512,512,RGB,JPEG,Dataset\Training\pituitary\Tr-pi_575.jpg
Training,pituitary,512,512,RGB,JPEG,Dataset\Training\pituitary\Tr-pi_576.jpg
Training,pituitary,512,512,L,JPEG,Dataset\Training\pituitary\Tr-pi_577.jpg
Training,pituitary,512,512,RGB,JPEG,Dataset\Training\pituitary\Tr-pi_578.jpg
Training,pituitary,512,512,L,JPEG,Dataset\Training\pituitary\Tr-pi_579.jpg
Training,pituitary,512,512,RGB,JPEG,Dataset\Training\pituitary\Tr-pi_58.jpg
Training,pituitary,512,512,L,JPEG,Dataset\Training\pituitary\Tr-pi_580.jpg
Training,pituitary,512,512,RGB,JPEG,Dataset\Training\pituitary\Tr-pi_581.jpg
Training,pituitary,512,512,L,JPEG,Dataset\Training\pituitary\Tr-pi_582.jpg
Training,pituitary,512,512,L,JPEG,Dataset\Training\pituitary\Tr-pi_583.jpg
Training,pituitary,512,512,RGB,JPEG,Dataset\Training\pituitary\Tr-pi_584.jpg
Training,pituitary,512,512,RGB,JPEG,Dataset\Training\pituitary\Tr-pi_585.jpg
Training,pituitary,512,512,RGB,JPEG,Dataset\Training\pituitary\Tr-pi_586.jpg
Training,pituitary,512,512,L,JPEG,Dataset\Training\pituitary\Tr-pi_587.jpg
Training,pituitary,512,512,RGB,JPEG,Dataset\Training\pituitary\Tr-pi_588.jpg
Training,pituitary,256,256,RGB,JPEG,Dataset\Training\pituitary\Tr-pi_589.jpg
Training,pituitary,512,512,RGB,JPEG,Dataset\Training\pituitary\Tr-pi_59.jpg
Training,pituitary,512,512,RGB,JPEG,Dataset\Training\pituitary\Tr-pi_590.jpg
Training,pituitary,512,512,RGB,JPEG,Dataset\Training\pituitary\Tr-pi_591.jpg
Training,pituitary,512,512,L,JPEG,Dataset\Training\pituitary\Tr-pi_592.jpg
Training,pituitary,512,512,RGB,JPEG,Dataset\Training\pituitary\Tr-pi_593.jpg
Training,pituitary,512,512,L,JPEG,Dataset\Training\pituitary\Tr-pi_594.jpg
Training,pituitary,512,512,L,JPEG,Dataset\Training\pituitary\Tr-pi_595.jpg
Training,pituitary,512,512,L,JPEG,Dataset\Training\pituitary\Tr-pi_596.jpg
Training,pituitary,512,512,L,JPEG,Dataset\Training\pituitary\Tr-pi_597.jpg
Training,pituitary,512,512,RGB,JPEG,Dataset\Training\pituitary\Tr-pi_598.jpg
Training,pituitary,512,512,RGB,JPEG,Dataset\Training\pituitary\Tr-pi_599.jpg
Training,pituitary,512,512,RGB,JPEG,Dataset\Training\pituitary\Tr-pi_6.jpg
Training,pituitary,512,512,L,JPEG,Dataset\Training\pituitary\Tr-pi_60.jpg
Training,pituitary,512,512,RGB,JPEG,Dataset\Training\pituitary\Tr-pi_600.jpg
Training,pituitary,512,512,RGB,JPEG,Dataset\Training\pituitary\Tr-pi_601.jpg
Training,pituitary,512,512,RGB,JPEG,Dataset\Training\pituitary\Tr-pi_602.jpg
Training,pituitary,512,512,L,JPEG,Dataset\Training\pituitary\Tr-pi_603.jpg
Training,pituitary,512,512,L,JPEG,Dataset\Training\pituitary\Tr-pi_604.jpg
Training,pituitary,512,512,RGB,JPEG,Dataset\Training\pituitary\Tr-pi_605.jpg
Training,pituitary,512,512,RGB,JPEG,Dataset\Training\pituitary\Tr-pi_606.jpg
Training,pituitary,512,512,RGB,JPEG,Dataset\Training\pituitary\Tr-pi_607.jpg
Training,pituitary,512,512,RGB,JPEG,Dataset\Training\pituitary\Tr-pi_608.jpg
Training,pituitary,512,512,RGB,JPEG,Dataset\Training\pituitary\Tr-pi_609.jpg
Training,pituitary,512,512,L,JPEG,Dataset\Training\pituitary\Tr-pi_61.jpg
Training,pituitary,512,512,L,JPEG,Dataset\Training\pituitary\Tr-pi_610.jpg
Training,pituitary,512,512,L,JPEG,Dataset\Training\pituitary\Tr-pi_611.jpg
Training,pituitary,256,256,RGB,JPEG,Dataset\Training\pituitary\Tr-pi_612.jpg
Training,pituitary,512,512,L,JPEG,Dataset\Training\pituitary\Tr-pi_613.jpg
Training,pituitary,512,512,L,JPEG,Dataset\Training\pituitary\Tr-pi_614.jpg
Training,pituitary,512,512,L,JPEG,Dataset\Training\pituitary\Tr-pi_615.jpg
Training,pituitary,512,512,L,JPEG,Dataset\Training\pituitary\Tr-pi_616.jpg
Training,pituitary,512,512,RGB,JPEG,Dataset\Training\pituitary\Tr-pi_617.jpg
Training,pituitary,512,512,RGB,JPEG,Dataset\Training\pituitary\Tr-pi_618.jpg
Training,pituitary,512,512,RGB,JPEG,Dataset\Training\pituitary\Tr-pi_619.jpg
Training,pituitary,512,512,RGB,JPEG,Dataset\Training\pituitary\Tr-pi_62.jpg
Training,pituitary,512,512,L,JPEG,Dataset\Training\pituitary\Tr-pi_620.jpg
Training,pituitary,512,512,L,JPEG,Dataset\Training\pituitary\Tr-pi_621.jpg
Training,pituitary,512,512,L,JPEG,Dataset\Training\pituitary\Tr-pi_622.jpg
Training,pituitary,512,512,RGB,JPEG,Dataset\Training\pituitary\Tr-pi_623.jpg
Training,pituitary,512,512,L,JPEG,Dataset\Training\pituitary\Tr-pi_624.jpg
Training,pituitary,512,512,L,JPEG,Dataset\Training\pituitary\Tr-pi_625.jpg
Training,pituitary,512,512,RGB,JPEG,Dataset\Training\pituitary\Tr-pi_626.jpg
Training,pituitary,512,512,L,JPEG,Dataset\Training\pituitary\Tr-pi_627.jpg
Training,pituitary,512,512,L,JPEG,Dataset\Training\pituitary\Tr-pi_628.jpg
Training,pituitary,512,512,RGB,JPEG,Dataset\Training\pituitary\Tr-pi_629.jpg
Training,pituitary,512,512,RGB,JPEG,Dataset\Training\pituitary\Tr-pi_63.jpg
Training,pituitary,512,512,L,JPEG,Dataset\Training\pituitary\Tr-pi_630.jpg
Training,pituitary,512,512,L,JPEG,Dataset\Training\pituitary\Tr-pi_631.jpg
Training,pituitary,512,512,RGB,JPEG,Dataset\Training\pituitary\Tr-pi_632.jpg
Training,pituitary,512,512,L,JPEG,Dataset\Training\pituitary\Tr-pi_633.jpg
Training,pituitary,201,210,RGB,JPEG,Dataset\Training\pituitary\Tr-pi_634.jpg
Training,pituitary,512,512,RGB,JPEG,Dataset\Training\pituitary\Tr-pi_635.jpg
Training,pituitary,512,512,RGB,JPEG,Dataset\Training\pituitary\Tr-pi_636.jpg
Training,pituitary,512,512,RGB,JPEG,Dataset\Training\pituitary\Tr-pi_637.jpg
Training,pituitary,512,512,RGB,JPEG,Dataset\Training\pituitary\Tr-pi_638.jpg
Training,pituitary,512,512,RGB,JPEG,Dataset\Training\pituitary\Tr-pi_639.jpg
Training,pituitary,512,512,L,JPEG,Dataset\Training\pituitary\Tr-pi_64.jpg
Training,pituitary,512,512,RGB,JPEG,Dataset\Training\pituitary\Tr-pi_640.jpg
Training,pituitary,512,512,RGB,JPEG,Dataset\Training\pituitary\Tr-pi_641.jpg
Training,pituitary,512,512,RGB,JPEG,Dataset\Training\pituitary\Tr-pi_642.jpg
Training,pituitary,512,512,L,JPEG,Dataset\Training\pituitary\Tr-pi_643.jpg
Training,pituitary,512,512,RGB,JPEG,Dataset\Training\pituitary\Tr-pi_644.jpg
Training,pituitary,512,512,L,JPEG,Dataset\Training\pituitary\Tr-pi_645.jpg
Training,pituitary,512,512,RGB,JPEG,Dataset\Training\pituitary\Tr-pi_646.jpg
Training,pituitary,512,512,RGB,JPEG,Dataset\Training\pituitary\Tr-pi_647.jpg
Training,pituitary,512,512,L,JPEG,Dataset\Training\pituitary\Tr-pi_648.jpg
Training,pituitary,512,512,RGB,JPEG,Dataset\Training\pituitary\Tr-pi_649.jpg
Training,pituitary,512,512,RGB,JPEG,Dataset\Training\pituitary\Tr-pi_65.jpg
Training,pituitary,512,512,RGB,JPEG,Dataset\Training\pituitary\Tr-pi_650.jpg
Training,pituitary,512,512,L,JPEG,Dataset\Training\pituitary\Tr-pi_651.jpg
Training,pituitary,512,512,RGB,JPEG,Dataset\Training\pituitary\Tr-pi_652.jpg
Training,pituitary,512,512,L,JPEG,Dataset\Training\pituitary\Tr-pi_653.jpg
Training,pituitary,512,512,L,JPEG,Dataset\Training\pituitary\Tr-pi_654.jpg
Training,pituitary,512,512,L,JPEG,Dataset\Training\pituitary\Tr-pi_655.jpg
Training,pituitary,512,512,RGB,JPEG,Dataset\Training\pituitary\Tr-pi_656.jpg
Training,pituitary,512,512,L,JPEG,Dataset\Training\pituitary\Tr-pi_657.jpg
Training,pituitary,512,512,RGB,JPEG,Dataset\Training\pituitary\Tr-pi_658.jpg
Training,pituitary,512,512,L,JPEG,Dataset\Training\pituitary\Tr-pi_659.jpg
Training,pituitary,512,512,L,JPEG,Dataset\Training\pituitary\Tr-pi_66.jpg
Training,pituitary,512,512,L,JPEG,Dataset\Training\pituitary\Tr-pi_660.jpg
Training,pituitary,512,512,L,JPEG,Dataset\Training\pituitary\Tr-pi_661.jpg
Training,pituitary,512,512,L,JPEG,Dataset\Training\pituitary\Tr-pi_662.jpg
Training,pituitary,512,512,RGB,JPEG,Dataset\Training\pituitary\Tr-pi_663.jpg
Training,pituitary,512,512,L,JPEG,Dataset\Training\pituitary\Tr-pi_664.jpg
Training,pituitary,512,512,L,JPEG,Dataset\Training\pituitary\Tr-pi_665.jpg
Training,pituitary,512,512,L,JPEG,Dataset\Training\pituitary\Tr-pi_666.jpg
Training,pituitary,512,512,L,JPEG,Dataset\Training\pituitary\Tr-pi_667.jpg
Training,pituitary,1168,1178,RGB,JPEG,Dataset\Training\pituitary\Tr-pi_668.jpg
Training,pituitary,512,512,RGB,JPEG,Dataset\Training\pituitary\Tr-pi_669.jpg
Training,pituitary,512,512,L,JPEG,Dataset\Training\pituitary\Tr-pi_67.jpg
Training,pituitary,512,512,L,JPEG,Dataset\Training\pituitary\Tr-pi_670.jpg
Training,pituitary,512,512,RGB,JPEG,Dataset\Training\pituitary\Tr-pi_671.jpg
Training,pituitary,256,256,L,JPEG,Dataset\Training\pituitary\Tr-pi_672.jpg
Training,pituitary,512,512,L,JPEG,Dataset\Training\pituitary\Tr-pi_673.jpg
Training,pituitary,512,512,RGB,JPEG,Dataset\Training\pituitary\Tr-pi_674.jpg
Training,pituitary,512,512,L,JPEG,Dataset\Training\pituitary\Tr-pi_675.jpg
Training,pituitary,512,512,RGB,JPEG,Dataset\Training\pituitary\Tr-pi_676.jpg
Training,pituitary,512,512,RGB,JPEG,Dataset\Training\pituitary\Tr-pi_677.jpg
Training,pituitary,512,512,RGB,JPEG,Dataset\Training\pituitary\Tr-pi_678.jpg
Training,pituitary,512,512,RGB,JPEG,Dataset\Training\pituitary\Tr-pi_679.jpg
Training,pituitary,512,512,L,JPEG,Dataset\Training\pituitary\Tr-pi_68.jpg
Training,pituitary,512,512,L,JPEG,Dataset\Training\pituitary\Tr-pi_680.jpg
Training,pituitary,512,512,L,JPEG,Dataset\Training\pituitary\Tr-pi_681.jpg
Training,pituitary,512,512,L,JPEG,Dataset\Training\pituitary\Tr-pi_682.jpg
Training,pituitary,512,512,RGB,JPEG,Dataset\Training\pituitary\Tr-pi_683.jpg
Training,pituitary,512,512,L,JPEG,Dataset\Training\pituitary\Tr-pi_684.jpg
Training,pituitary,512,512,RGB,JPEG,Dataset\Training\pituitary\Tr-pi_685.jpg
Training,pituitary,512,512,RGB,JPEG,Dataset\Training\pituitary\Tr-pi_686.jpg
Training,pituitary,512,512,RGB,JPEG,Dataset\Training\pituitary\Tr-pi_687.jpg
Training,pituitary,512,512,RGB,JPEG,Dataset\Training\pituitary\Tr-pi_688.jpg
Training,pituitary,512,512,RGB,JPEG,Dataset\Training\pituitary\Tr-pi_689.jpg
Training,pituitary,512,512,RGB,JPEG,Dataset\Training\pituitary\Tr-pi_69.jpg
Training,pituitary,512,512,L,JPEG,Dataset\Training\pituitary\Tr-pi_690.jpg
Training,pituitary,512,512,L,JPEG,Dataset\Training\pituitary\Tr-pi_691.jpg
Training,pituitary,512,512,L,JPEG,Dataset\Training\pituitary\Tr-pi_692.jpg
Training,pituitary,512,512,L,JPEG,Dataset\Training\pituitary\Tr-pi_693.jpg
Training,pituitary,512,512,L,JPEG,Dataset\Training\pituitary\Tr-pi_694.jpg
Training,pituitary,512,512,L,JPEG,Dataset\Training\pituitary\Tr-pi_695.jpg
Training,pituitary,512,512,RGB,JPEG,Dataset\Training\pituitary\Tr-pi_696.jpg
Training,pituitary,512,512,RGB,JPEG,Dataset\Training\pituitary\Tr-pi_697.jpg
Training,pituitary,225,225,RGB,JPEG,Dataset\Training\pituitary\Tr-pi_698.jpg
Training,pituitary,512,512,RGB,JPEG,Dataset\Training\pituitary\Tr-pi_699.jpg
Training,pituitary,512,512,RGB,JPEG,Dataset\Training\pituitary\Tr-pi_7.jpg
Training,pituitary,512,512,RGB,JPEG,Dataset\Training\pituitary\Tr-pi_70.jpg
Training,pituitary,512,512,L,JPEG,Dataset\Training\pituitary\Tr-pi_700.jpg
Training,pituitary,512,512,RGB,JPEG,Dataset\Training\pituitary\Tr-pi_701.jpg
Training,pituitary,512,512,L,JPEG,Dataset\Training\pituitary\Tr-pi_702.jpg
Training,pituitary,512,512,RGB,JPEG,Dataset\Training\pituitary\Tr-pi_703.jpg
Training,pituitary,512,512,L,JPEG,Dataset\Training\pituitary\Tr-pi_704.jpg
Training,pituitary,512,512,L,JPEG,Dataset\Training\pituitary\Tr-pi_705.jpg
Training,pituitary,512,512,L,JPEG,Dataset\Training\pituitary\Tr-pi_706.jpg
Training,pituitary,512,512,L,JPEG,Dataset\Training\pituitary\Tr-pi_707.jpg
Training,pituitary,512,512,L,JPEG,Dataset\Training\pituitary\Tr-pi_708.jpg
Training,pituitary,512,512,L,JPEG,Dataset\Training\pituitary\Tr-pi_709.jpg
Training,pituitary,512,512,RGB,JPEG,Dataset\Training\pituitary\Tr-pi_71.jpg
Training,pituitary,512,512,L,JPEG,Dataset\Training\pituitary\Tr-pi_710.jpg
Training,pituitary,512,512,RGB,JPEG,Dataset\Training\pituitary\Tr-pi_711.jpg
Training,pituitary,256,256,L,JPEG,Dataset\Training\pituitary\Tr-pi_712.jpg
Training,pituitary,512,512,L,JPEG,Dataset\Training\pituitary\Tr-pi_713.jpg
Training,pituitary,512,512,L,JPEG,Dataset\Training\pituitary\Tr-pi_714.jpg
Training,pituitary,512,512,RGB,JPEG,Dataset\Training\pituitary\Tr-pi_715.jpg
Training,pituitary,512,512,RGB,JPEG,Dataset\Training\pituitary\Tr-pi_716.jpg
Training,pituitary,512,512,RGB,JPEG,Dataset\Training\pituitary\Tr-pi_717.jpg
Training,pituitary,512,512,RGB,JPEG,Dataset\Training\pituitary\Tr-pi_718.jpg
Training,pituitary,512,512,L,JPEG,Dataset\Training\pituitary\Tr-pi_719.jpg
Training,pituitary,512,512,RGB,JPEG,Dataset\Training\pituitary\Tr-pi_72.jpg
Training,pituitary,512,512,RGB,JPEG,Dataset\Training\pituitary\Tr-pi_720.jpg
Training,pituitary,512,512,L,JPEG,Dataset\Training\pituitary\Tr-pi_721.jpg
Training,pituitary,512,512,RGB,JPEG,Dataset\Training\pituitary\Tr-pi_722.jpg
Training,pituitary,512,512,RGB,JPEG,Dataset\Training\pituitary\Tr-pi_723.jpg
Training,pituitary,512,512,L,JPEG,Dataset\Training\pituitary\Tr-pi_724.jpg
Training,pituitary,512,512,L,JPEG,Dataset\Training\pituitary\Tr-pi_725.jpg
Training,pituitary,512,512,RGB,JPEG,Dataset\Training\pituitary\Tr-pi_726.jpg
Training,pituitary,512,512,L,JPEG,Dataset\Training\pituitary\Tr-pi_727.jpg
Training,pituitary,512,512,RGB,JPEG,Dataset\Training\pituitary\Tr-pi_728.jpg
Training,pituitary,512,512,L,JPEG,Dataset\Training\pituitary\Tr-pi_729.jpg
Training,pituitary,512,512,L,JPEG,Dataset\Training\pituitary\Tr-pi_73.jpg
Training,pituitary,512,512,RGB,JPEG,Dataset\Training\pituitary\Tr-pi_730.jpg
Training,pituitary,512,512,RGB,JPEG,Dataset\Training\pituitary\Tr-pi_731.jpg
Training,pituitary,512,512,RGB,JPEG,Dataset\Training\pituitary\Tr-pi_732.jpg
Training,pituitary,512,512,RGB,JPEG,Dataset\Training\pituitary\Tr-pi_733.jpg
Training,pituitary,512,512,RGB,JPEG,Dataset\Training\pituitary\Tr-pi_734.jpg
Training,pituitary,512,512,RGB,JPEG,Dataset\Training\pituitary\Tr-pi_735.jpg
Training,pituitary,512,512,RGB,JPEG,Dataset\Training\pituitary\Tr-pi_736.jpg
Training,pituitary,512,512,L,JPEG,Dataset\Training\pituitary\Tr-pi_737.jpg
Training,pituitary,512,512,L,JPEG,Dataset\Training\pituitary\Tr-pi_738.jpg
Training,pituitary,512,512,RGB,JPEG,Dataset\Training\pituitary\Tr-pi_739.jpg
Training,pituitary,512,512,L,JPEG,Dataset\Training\pituitary\Tr-pi_74.jpg
Training,pituitary,512,512,L,JPEG,Dataset\Training\pituitary\Tr-pi_740.jpg
Training,pituitary,512,512,L,JPEG,Dataset\Training\pituitary\Tr-pi_741.jpg
Training,pituitary,512,512,RGB,JPEG,Dataset\Training\pituitary\Tr-pi_742.jpg
Training,pituitary,512,512,RGB,JPEG,Dataset\Training\pituitary\Tr-pi_743.jpg
Training,pituitary,512,512,RGB,JPEG,Dataset\Training\pituitary\Tr-pi_744.jpg
Training,pituitary,512,512,L,JPEG,Dataset\Training\pituitary\Tr-pi_745.jpg
Training,pituitary,512,512,RGB,JPEG,Dataset\Training\pituitary\Tr-pi_746.jpg
Training,pituitary,512,512,RGB,JPEG,Dataset\Training\pituitary\Tr-pi_747.jpg
Training,pituitary,512,512,L,JPEG,Dataset\Training\pituitary\Tr-pi_748.jpg
Training,pituitary,512,512,RGB,JPEG,Dataset\Training\pituitary\Tr-pi_749.jpg
Training,pituitary,512,512,RGB,JPEG,Dataset\Training\pituitary\Tr-pi_75.jpg
Training,pituitary,512,512,L,JPEG,Dataset\Training\pituitary\Tr-pi_750.jpg
Training,pituitary,512,512,RGB,JPEG,Dataset\Training\pituitary\Tr-pi_751.jpg
Training,pituitary,512,512,L,JPEG,Dataset\Training\pituitary\Tr-pi_752.jpg
Training,pituitary,512,512,L,JPEG,Dataset\Training\pituitary\Tr-pi_753.jpg
Training,pituitary,512,512,L,JPEG,Dataset\Training\pituitary\Tr-pi_754.jpg
Training,pituitary,512,512,RGB,JPEG,Dataset\Training\pituitary\Tr-pi_755.jpg
Training,pituitary,512,512,L,JPEG,Dataset\Training\pituitary\Tr-pi_756.jpg
Training,pituitary,512,512,RGB,JPEG,Dataset\Training\pituitary\Tr-pi_757.jpg
Training,pituitary,512,512,RGB,JPEG,Dataset\Training\pituitary\Tr-pi_758.jpg
Training,pituitary,892,826,RGB,JPEG,Dataset\Training\pituitary\Tr-pi_759.jpg
Training,pituitary,512,512,RGB,JPEG,Dataset\Training\pituitary\Tr-pi_76.jpg
Training,pituitary,512,512,RGB,JPEG,Dataset\Training\pituitary\Tr-pi_760.jpg
Training,pituitary,512,512,L,JPEG,Dataset\Training\pituitary\Tr-pi_761.jpg
Training,pituitary,512,512,L,JPEG,Dataset\Training\pituitary\Tr-pi_762.jpg
Training,pituitary,383,436,RGB,JPEG,Dataset\Training\pituitary\Tr-pi_763.jpg
Training,pituitary,512,512,RGB,JPEG,Dataset\Training\pituitary\Tr-pi_764.jpg
Training,pituitary,512,512,L,JPEG,Dataset\Training\pituitary\Tr-pi_765.jpg
Training,pituitary,512,512,L,JPEG,Dataset\Training\pituitary\Tr-pi_766.jpg
Training,pituitary,512,512,RGB,JPEG,Dataset\Training\pituitary\Tr-pi_767.jpg
Training,pituitary,512,512,L,JPEG,Dataset\Training\pituitary\Tr-pi_768.jpg
Training,pituitary,512,512,L,JPEG,Dataset\Training\pituitary\Tr-pi_769.jpg
Training,pituitary,892,826,RGB,JPEG,Dataset\Training\pituitary\Tr-pi_77.jpg
Training,pituitary,512,512,L,JPEG,Dataset\Training\pituitary\Tr-pi_770.jpg
Training,pituitary,512,512,RGB,JPEG,Dataset\Training\pituitary\Tr-pi_771.jpg
Training,pituitary,512,512,L,JPEG,Dataset\Training\pituitary\Tr-pi_772.jpg
Training,pituitary,512,512,L,JPEG,Dataset\Training\pituitary\Tr-pi_773.jpg
Training,pituitary,512,512,RGB,JPEG,Dataset\Training\pituitary\Tr-pi_774.jpg
Training,pituitary,512,512,L,JPEG,Dataset\Training\pituitary\Tr-pi_775.jpg
Training,pituitary,512,512,L,JPEG,Dataset\Training\pituitary\Tr-pi_776.jpg
Training,pituitary,512,512,RGB,JPEG,Dataset\Training\pituitary\Tr-pi_777.jpg
Training,pituitary,512,512,L,JPEG,Dataset\Training\pituitary\Tr-pi_778.jpg
Training,pituitary,512,512,RGB,JPEG,Dataset\Training\pituitary\Tr-pi_779.jpg
Training,pituitary,512,512,RGB,JPEG,Dataset\Training\pituitary\Tr-pi_78.jpg
Training,pituitary,512,512,L,JPEG,Dataset\Training\pituitary\Tr-pi_780.jpg
Training,pituitary,512,512,RGB,JPEG,Dataset\Training\pituitary\Tr-pi_781.jpg
Training,pituitary,512,512,L,JPEG,Dataset\Training\pituitary\Tr-pi_782.jpg
Training,pituitary,512,512,L,JPEG,Dataset\Training\pituitary\Tr-pi_783.jpg
Training,pituitary,512,512,RGB,JPEG,Dataset\Training\pituitary\Tr-pi_784.jpg
Training,pituitary,512,512,RGB,JPEG,Dataset\Training\pituitary\Tr-pi_785.jpg
Training,pituitary,512,512,RGB,JPEG,Dataset\Training\pituitary\Tr-pi_786.jpg
Training,pituitary,512,512,RGB,JPEG,Dataset\Training\pituitary\Tr-pi_787.jpg
Training,pituitary,512,512,RGB,JPEG,Dataset\Training\pituitary\Tr-pi_788.jpg
Training,pituitary,512,512,L,JPEG,Dataset\Training\pituitary\Tr-pi_789.jpg
Training,pituitary,512,512,RGB,JPEG,Dataset\Training\pituitary\Tr-pi_79.jpg
Training,pituitary,512,512,RGB,JPEG,Dataset\Training\pituitary\Tr-pi_790.jpg
Training,pituitary,512,512,RGB,JPEG,Dataset\Training\pituitary\Tr-pi_791.jpg
Training,pituitary,512,512,RGB,JPEG,Dataset\Training\pituitary\Tr-pi_792.jpg
Training,pituitary,512,512,L,JPEG,Dataset\Training\pituitary\Tr-pi_793.jpg
Training,pituitary,512,512,L,JPEG,Dataset\Training\pituitary\Tr-pi_794.jpg
Training,pituitary,512,512,L,JPEG,Dataset\Training\pituitary\Tr-pi_795.jpg
Training,pituitary,512,512,RGB,JPEG,Dataset\Training\pituitary\Tr-pi_796.jpg
Training,pituitary,512,512,RGB,JPEG,Dataset\Training\pituitary\Tr-pi_797.jpg
Training,pituitary,512,512,RGB,JPEG,Dataset\Training\pituitary\Tr-pi_798.jpg
Training,pituitary,512,512,RGB,JPEG,Dataset\Training\pituitary\Tr-pi_799.jpg
Training,pituitary,256,256,L,JPEG,Dataset\Training\pituitary\Tr-pi_8.jpg
Training,pituitary,512,512,RGB,JPEG,Dataset\Training\pituitary\Tr-pi_80.jpg
Training,pituitary,512,512,L,JPEG,Dataset\Training\pituitary\Tr-pi_800.jpg
Training,pituitary,512,512,RGB,JPEG,Dataset\Training\pituitary\Tr-pi_801.jpg
Training,pituitary,256,256,L,JPEG,Dataset\Training\pituitary\Tr-pi_802.jpg
Training,pituitary,512,512,L,JPEG,Dataset\Training\pituitary\Tr-pi_803.jpg
Training,pituitary,512,512,L,JPEG,Dataset\Training\pituitary\Tr-pi_804.jpg
Training,pituitary,442,442,RGB,JPEG,Dataset\Training\pituitary\Tr-pi_805.jpg
Training,pituitary,512,512,L,JPEG,Dataset\Training\pituitary\Tr-pi_806.jpg
Training,pituitary,512,512,RGB,JPEG,Dataset\Training\pituitary\Tr-pi_807.jpg
Training,pituitary,512,512,L,JPEG,Dataset\Training\pituitary\Tr-pi_808.jpg
Training,pituitary,512,512,RGB,JPEG,Dataset\Training\pituitary\Tr-pi_809.jpg
Training,pituitary,512,512,RGB,JPEG,Dataset\Training\pituitary\Tr-pi_81.jpg
Training,pituitary,256,256,L,JPEG,Dataset\Training\pituitary\Tr-pi_810.jpg
Training,pituitary,512,512,RGB,JPEG,Dataset\Training\pituitary\Tr-pi_811.jpg
Training,pituitary,512,512,RGB,JPEG,Dataset\Training\pituitary\Tr-pi_812.jpg
Training,pituitary,512,512,L,JPEG,Dataset\Training\pituitary\Tr-pi_813.jpg
Training,pituitary,512,512,RGB,JPEG,Dataset\Training\pituitary\Tr-pi_814.jpg
Training,pituitary,512,512,L,JPEG,Dataset\Training\pituitary\Tr-pi_815.jpg
Training,pituitary,512,512,RGB,JPEG,Dataset\Training\pituitary\Tr-pi_816.jpg
Training,pituitary,512,512,RGB,JPEG,Dataset\Training\pituitary\Tr-pi_817.jpg
Training,pituitary,512,512,RGB,JPEG,Dataset\Training\pituitary\Tr-pi_818.jpg
Training,pituitary,512,512,L,JPEG,Dataset\Training\pituitary\Tr-pi_819.jpg
Training,pituitary,512,512,RGB,JPEG,Dataset\Training\pituitary\Tr-pi_82.jpg
Training,pituitary,512,512,RGB,JPEG,Dataset\Training\pituitary\Tr-pi_820.jpg
Training,pituitary,512,512,RGB,JPEG,Dataset\Training\pituitary\Tr-pi_821.jpg
Training,pituitary,512,512,L,JPEG,Dataset\Training\pituitary\Tr-pi_822.jpg
Training,pituitary,512,512,RGB,JPEG,Dataset\Training\pituitary\Tr-pi_823.jpg
Training,pituitary,512,512,RGB,JPEG,Dataset\Training\pituitary\Tr-pi_824.jpg
Training,pituitary,512,512,RGB,JPEG,Dataset\Training\pituitary\Tr-pi_825.jpg
Training,pituitary,512,512,L,JPEG,Dataset\Training\pituitary\Tr-pi_826.jpg
Training,pituitary,512,512,L,JPEG,Dataset\Training\pituitary\Tr-pi_827.jpg
Training,pituitary,512,512,L,JPEG,Dataset\Training\pituitary\Tr-pi_828.jpg
Training,pituitary,512,512,RGB,JPEG,Dataset\Training\pituitary\Tr-pi_829.jpg
Training,pituitary,512,512,L,JPEG,Dataset\Training\pituitary\Tr-pi_83.jpg
Training,pituitary,512,512,RGB,JPEG,Dataset\Training\pituitary\Tr-pi_830.jpg
Training,pituitary,512,512,RGB,JPEG,Dataset\Training\pituitary\Tr-pi_831.jpg
Training,pituitary,512,512,L,JPEG,Dataset\Training\pituitary\Tr-pi_832.jpg
Training,pituitary,512,512,RGB,JPEG,Dataset\Training\pituitary\Tr-pi_833.jpg
Training,pituitary,512,512,L,JPEG,Dataset\Training\pituitary\Tr-pi_834.jpg
Training,pituitary,512,512,L,JPEG,Dataset\Training\pituitary\Tr-pi_835.jpg
Training,pituitary,512,512,L,JPEG,Dataset\Training\pituitary\Tr-pi_836.jpg
Training,pituitary,512,512,RGB,JPEG,Dataset\Training\pituitary\Tr-pi_837.jpg
Training,pituitary,512,512,RGB,JPEG,Dataset\Training\pituitary\Tr-pi_838.jpg
Training,pituitary,512,512,L,JPEG,Dataset\Training\pituitary\Tr-pi_839.jpg
Training,pituitary,256,256,RGB,JPEG,Dataset\Training\pituitary\Tr-pi_84.jpg
Training,pituitary,512,512,RGB,JPEG,Dataset\Training\pituitary\Tr-pi_840.jpg
Training,pituitary,512,512,L,JPEG,Dataset\Training\pituitary\Tr-pi_841.jpg
Training,pituitary,512,512,RGB,JPEG,Dataset\Training\pituitary\Tr-pi_842.jpg
Training,pituitary,512,512,RGB,JPEG,Dataset\Training\pituitary\Tr-pi_843.jpg
Training,pituitary,512,512,L,JPEG,Dataset\Training\pituitary\Tr-pi_844.jpg
Training,pituitary,512,512,L,JPEG,Dataset\Training\pituitary\Tr-pi_845.jpg
Training,pituitary,512,512,RGB,JPEG,Dataset\Training\pituitary\Tr-pi_846.jpg
Training,pituitary,512,512,L,JPEG,Dataset\Training\pituitary\Tr-pi_847.jpg
Training,pituitary,512,512,L,JPEG,Dataset\Training\pituitary\Tr-pi_848.jpg
Training,pituitary,512,512,L,JPEG,Dataset\Training\pituitary\Tr-pi_849.jpg
Training,pituitary,512,512,RGB,JPEG,Dataset\Training\pituitary\Tr-pi_85.jpg
Training,pituitary,512,512,RGB,JPEG,Dataset\Training\pituitary\Tr-pi_850.jpg
Training,pituitary,512,512,L,JPEG,Dataset\Training\pituitary\Tr-pi_851.jpg
Training,pituitary,512,512,RGB,JPEG,Dataset\Training\pituitary\Tr-pi_852.jpg
Training,pituitary,360,378,RGB,JPEG,Dataset\Training\pituitary\Tr-pi_853.jpg
Training,pituitary,512,512,RGB,JPEG,Dataset\Training\pituitary\Tr-pi_854.jpg
Training,pituitary,512,512,RGB,JPEG,Dataset\Training\pituitary\Tr-pi_855.jpg
Training,pituitary,512,512,RGB,JPEG,Dataset\Training\pituitary\Tr-pi_856.jpg
Training,pituitary,225,225,RGB,JPEG,Dataset\Training\pituitary\Tr-pi_857.jpg
Training,pituitary,512,512,RGB,JPEG,Dataset\Training\pituitary\Tr-pi_858.jpg
Training,pituitary,512,512,L,JPEG,Dataset\Training\pituitary\Tr-pi_859.jpg
Training,pituitary,512,512,L,JPEG,Dataset\Training\pituitary\Tr-pi_86.jpg
Training,pituitary,512,512,RGB,JPEG,Dataset\Training\pituitary\Tr-pi_860.jpg
Training,pituitary,512,512,L,JPEG,Dataset\Training\pituitary\Tr-pi_861.jpg
Training,pituitary,512,512,RGB,JPEG,Dataset\Training\pituitary\Tr-pi_862.jpg
Training,pituitary,1335,1302,RGB,JPEG,Dataset\Training\pituitary\Tr-pi_863.jpg
Training,pituitary,512,512,L,JPEG,Dataset\Training\pituitary\Tr-pi_864.jpg
Training,pituitary,512,512,RGB,JPEG,Dataset\Training\pituitary\Tr-pi_865.jpg
Training,pituitary,512,512,L,JPEG,Dataset\Training\pituitary\Tr-pi_866.jpg
Training,pituitary,512,512,L,JPEG,Dataset\Training\pituitary\Tr-pi_867.jpg
Training,pituitary,512,512,RGB,JPEG,Dataset\Training\pituitary\Tr-pi_868.jpg
Training,pituitary,512,512,L,JPEG,Dataset\Training\pituitary\Tr-pi_869.jpg
Training,pituitary,512,512,RGB,JPEG,Dataset\Training\pituitary\Tr-pi_87.jpg
Training,pituitary,512,512,RGB,JPEG,Dataset\Training\pituitary\Tr-pi_870.jpg
Training,pituitary,512,512,RGB,JPEG,Dataset\Training\pituitary\Tr-pi_871.jpg
Training,pituitary,512,512,L,JPEG,Dataset\Training\pituitary\Tr-pi_872.jpg
Training,pituitary,512,512,RGB,JPEG,Dataset\Training\pituitary\Tr-pi_873.jpg
Training,pituitary,512,512,L,JPEG,Dataset\Training\pituitary\Tr-pi_874.jpg
Training,pituitary,512,512,RGB,JPEG,Dataset\Training\pituitary\Tr-pi_875.jpg
Training,pituitary,512,512,L,JPEG,Dataset\Training\pituitary\Tr-pi_876.jpg
Training,pituitary,512,512,L,JPEG,Dataset\Training\pituitary\Tr-pi_877.jpg
Training,pituitary,442,442,RGB,JPEG,Dataset\Training\pituitary\Tr-pi_878.jpg
Training,pituitary,512,512,L,JPEG,Dataset\Training\pituitary\Tr-pi_879.jpg
Training,pituitary,512,512,RGB,JPEG,Dataset\Training\pituitary\Tr-pi_88.jpg
Training,pituitary,512,512,RGB,JPEG,Dataset\Training\pituitary\Tr-pi_880.jpg
Training,pituitary,512,512,RGB,JPEG,Dataset\Training\pituitary\Tr-pi_881.jpg
Training,pituitary,512,512,RGB,JPEG,Dataset\Training\pituitary\Tr-pi_882.jpg
Training,pituitary,512,512,RGB,JPEG,Dataset\Training\pituitary\Tr-pi_883.jpg
Training,pituitary,512,512,L,JPEG,Dataset\Training\pituitary\Tr-pi_884.jpg
Training,pituitary,512,512,L,JPEG,Dataset\Training\pituitary\Tr-pi_885.jpg
Training,pituitary,512,512,RGB,JPEG,Dataset\Training\pituitary\Tr-pi_886.jpg
Training,pituitary,512,512,L,JPEG,Dataset\Training\pituitary\Tr-pi_887.jpg
Training,pituitary,512,512,RGB,JPEG,Dataset\Training\pituitary\Tr-pi_888.jpg
Training,pituitary,512,512,RGB,JPEG,Dataset\Training\pituitary\Tr-pi_889.jpg
Training,pituitary,512,512,RGB,JPEG,Dataset\Training\pituitary\Tr-pi_89.jpg
Training,pituitary,512,512,L,JPEG,Dataset\Training\pituitary\Tr-pi_890.jpg
Training,pituitary,512,512,RGB,JPEG,Dataset\Training\pituitary\Tr-pi_891.jpg
Training,pituitary,512,512,L,JPEG,Dataset\Training\pituitary\Tr-pi_892.jpg
Training,pituitary,512,512,RGB,JPEG,Dataset\Training\pituitary\Tr-pi_893.jpg
Training,pituitary,512,512,L,JPEG,Dataset\Training\pituitary\Tr-pi_894.jpg
Training,pituitary,512,512,L,JPEG,Dataset\Training\pituitary\Tr-pi_895.jpg
Training,pituitary,512,512,RGB,JPEG,Dataset\Training\pituitary\Tr-pi_896.jpg
Training,pituitary,512,512,L,JPEG,Dataset\Training\pituitary\Tr-pi_897.jpg
Training,pituitary,512,512,L,JPEG,Dataset\Training\pituitary\Tr-pi_898.jpg
Training,pituitary,512,512,RGB,JPEG,Dataset\Training\pituitary\Tr-pi_899.jpg
Training,pituitary,512,512,L,JPEG,Dataset\Training\pituitary\Tr-pi_9.jpg
Training,pituitary,512,512,L,JPEG,Dataset\Training\pituitary\Tr-pi_90.jpg
Training,pituitary,512,512,RGB,JPEG,Dataset\Training\pituitary\Tr-pi_900.jpg
Training,pituitary,512,512,L,JPEG,Dataset\Training\pituitary\Tr-pi_901.jpg
Training,pituitary,512,512,RGB,JPEG,Dataset\Training\pituitary\Tr-pi_902.jpg
Training,pituitary,512,512,L,JPEG,Dataset\Training\pituitary\Tr-pi_903.jpg
Training,pituitary,512,512,RGB,JPEG,Dataset\Training\pituitary\Tr-pi_904.jpg
Training,pituitary,512,512,L,JPEG,Dataset\Training\pituitary\Tr-pi_905.jpg
Training,pituitary,512,512,RGB,JPEG,Dataset\Training\pituitary\Tr-pi_906.jpg
Training,pituitary,512,512,L,JPEG,Dataset\Training\pituitary\Tr-pi_907.jpg
Training,pituitary,512,512,L,JPEG,Dataset\Training\pituitary\Tr-pi_908.jpg
Training,pituitary,512,512,L,JPEG,Dataset\Training\pituitary\Tr-pi_909.jpg
Training,pituitary,512,512,RGB,JPEG,Dataset\Training\pituitary\Tr-pi_91.jpg
Training,pituitary,512,512,RGB,JPEG,Dataset\Training\pituitary\Tr-pi_910.jpg
Training,pituitary,512,512,L,JPEG,Dataset\Training\pituitary\Tr-pi_911.jpg
Training,pituitary,512,512,L,JPEG,Dataset\Training\pituitary\Tr-pi_912.jpg
Training,pituitary,512,512,RGB,JPEG,Dataset\Training\pituitary\Tr-pi_913.jpg
Training,pituitary,512,512,RGB,JPEG,Dataset\Training\pituitary\Tr-pi_914.jpg
Training,pituitary,512,512,L,JPEG,Dataset\Training\pituitary\Tr-pi_915.jpg
Training,pituitary,512,512,L,JPEG,Dataset\Training\pituitary\Tr-pi_916.jpg
Training,pituitary,512,512,RGB,JPEG,Dataset\Training\pituitary\Tr-pi_917.jpg
Training,pituitary,512,512,RGB,JPEG,Dataset\Training\pituitary\Tr-pi_918.jpg
Training,pituitary,512,512,L,JPEG,Dataset\Training\pituitary\Tr-pi_919.jpg
Training,pituitary,512,512,L,JPEG,Dataset\Training\pituitary\Tr-pi_92.jpg
Training,pituitary,512,512,RGB,JPEG,Dataset\Training\pituitary\Tr-pi_920.jpg
Training,pituitary,512,512,RGB,JPEG,Dataset\Training\pituitary\Tr-pi_921.jpg
Training,pituitary,512,512,RGB,JPEG,Dataset\Training\pituitary\Tr-pi_922.jpg
Training,pituitary,512,512,RGB,JPEG,Dataset\Training\pituitary\Tr-pi_923.jpg
Training,pituitary,512,512,L,JPEG,Dataset\Training\pituitary\Tr-pi_924.jpg
Training,pituitary,512,512,RGB,JPEG,Dataset\Training\pituitary\Tr-pi_925.jpg
Training,pituitary,512,512,RGB,JPEG,Dataset\Training\pituitary\Tr-pi_926.jpg
Training,pituitary,512,512,L,JPEG,Dataset\Training\pituitary\Tr-pi_927.jpg
Training,pituitary,201,210,RGB,JPEG,Dataset\Training\pituitary\Tr-pi_928.jpg
Training,pituitary,512,512,RGB,JPEG,Dataset\Training\pituitary\Tr-pi_929.jpg
Training,pituitary,512,512,RGB,JPEG,Dataset\Training\pituitary\Tr-pi_93.jpg
Training,pituitary,512,512,L,JPEG,Dataset\Training\pituitary\Tr-pi_930.jpg
Training,pituitary,512,512,L,JPEG,Dataset\Training\pituitary\Tr-pi_931.jpg
Training,pituitary,512,512,L,JPEG,Dataset\Training\pituitary\Tr-pi_932.jpg
Training,pituitary,512,512,L,JPEG,Dataset\Training\pituitary\Tr-pi_933.jpg
Training,pituitary,512,512,L,JPEG,Dataset\Training\pituitary\Tr-pi_934.jpg
Training,pituitary,512,512,L,JPEG,Dataset\Training\pituitary\Tr-pi_935.jpg
Training,pituitary,940,900,RGB,JPEG,Dataset\Training\pituitary\Tr-pi_936.jpg
Training,pituitary,512,512,RGB,JPEG,Dataset\Training\pituitary\Tr-pi_937.jpg
Training,pituitary,512,512,RGB,JPEG,Dataset\Training\pituitary\Tr-pi_938.jpg
Training,pituitary,512,512,RGB,JPEG,Dataset\Training\pituitary\Tr-pi_939.jpg
Training,pituitary,512,512,L,JPEG,Dataset\Training\pituitary\Tr-pi_94.jpg
Training,pituitary,512,512,RGB,JPEG,Dataset\Training\pituitary\Tr-pi_940.jpg
Training,pituitary,512,512,RGB,JPEG,Dataset\Training\pituitary\Tr-pi_941.jpg
Training,pituitary,512,512,RGB,JPEG,Dataset\Training\pituitary\Tr-pi_942.jpg
Training,pituitary,1338,1304,RGB,JPEG,Dataset\Training\pituitary\Tr-pi_943.jpg
Training,pituitary,512,512,L,JPEG,Dataset\Training\pituitary\Tr-pi_944.jpg
Training,pituitary,512,512,L,JPEG,Dataset\Training\pituitary\Tr-pi_945.jpg
Training,pituitary,512,512,RGB,JPEG,Dataset\Training\pituitary\Tr-pi_946.jpg
Training,pituitary,512,512,RGB,JPEG,Dataset\Training\pituitary\Tr-pi_947.jpg
Training,pituitary,512,512,RGB,JPEG,Dataset\Training\pituitary\Tr-pi_948.jpg
Training,pituitary,512,512,L,JPEG,Dataset\Training\pituitary\Tr-pi_949.jpg
Training,pituitary,512,512,RGB,JPEG,Dataset\Training\pituitary\Tr-pi_95.jpg
Training,pituitary,512,512,RGB,JPEG,Dataset\Training\pituitary\Tr-pi_950.jpg
Training,pituitary,512,512,RGB,JPEG,Dataset\Training\pituitary\Tr-pi_951.jpg
Training,pituitary,512,512,RGB,JPEG,Dataset\Training\pituitary\Tr-pi_952.jpg
Training,pituitary,512,512,RGB,JPEG,Dataset\Training\pituitary\Tr-pi_953.jpg
Training,pituitary,512,512,RGB,JPEG,Dataset\Training\pituitary\Tr-pi_954.jpg
Training,pituitary,512,512,RGB,JPEG,Dataset\Training\pituitary\Tr-pi_955.jpg
Training,pituitary,512,512,L,JPEG,Dataset\Training\pituitary\Tr-pi_956.jpg
Training,pituitary,512,512,RGB,JPEG,Dataset\Training\pituitary\Tr-pi_957.jpg
Training,pituitary,512,512,RGB,JPEG,Dataset\Training\pituitary\Tr-pi_958.jpg
Training,pituitary,512,512,L,JPEG,Dataset\Training\pituitary\Tr-pi_959.jpg
Training,pituitary,512,512,L,JPEG,Dataset\Training\pituitary\Tr-pi_96.jpg
Training,pituitary,474,474,RGB,JPEG,Dataset\Training\pituitary\Tr-pi_960.jpg
Training,pituitary,512,512,L,JPEG,Dataset\Training\pituitary\Tr-pi_961.jpg
Training,pituitary,512,512,RGB,JPEG,Dataset\Training\pituitary\Tr-pi_962.jpg
Training,pituitary,512,512,RGB,JPEG,Dataset\Training\pituitary\Tr-pi_963.jpg
Training,pituitary,512,512,L,JPEG,Dataset\Training\pituitary\Tr-pi_964.jpg
Training,pituitary,512,512,RGB,JPEG,Dataset\Training\pituitary\Tr-pi_965.jpg
Training,pituitary,512,512,L,JPEG,Dataset\Training\pituitary\Tr-pi_966.jpg
Training,pituitary,512,512,L,JPEG,Dataset\Training\pituitary\Tr-pi_967.jpg
Training,pituitary,512,512,L,JPEG,Dataset\Training\pituitary\Tr-pi_968.jpg
Training,pituitary,225,225,RGB,JPEG,Dataset\Training\pituitary\Tr-pi_969.jpg
Training,pituitary,512,512,L,JPEG,Dataset\Training\pituitary\Tr-pi_97.jpg
Training,pituitary,512,512,RGB,JPEG,Dataset\Training\pituitary\Tr-pi_970.jpg
Training,pituitary,512,512,RGB,JPEG,Dataset\Training\pituitary\Tr-pi_971.jpg
Training,pituitary,512,512,L,JPEG,Dataset\Training\pituitary\Tr-pi_972.jpg
Training,pituitary,512,512,L,JPEG,Dataset\Training\pituitary\Tr-pi_973.jpg
Training,pituitary,512,512,RGB,JPEG,Dataset\Training\pituitary\Tr-pi_974.jpg
Training,pituitary,256,256,RGB,JPEG,Dataset\Training\pituitary\Tr-pi_975.jpg
Training,pituitary,512,512,L,JPEG,Dataset\Training\pituitary\Tr-pi_976.jpg
Training,pituitary,512,512,L,JPEG,Dataset\Training\pituitary\Tr-pi_977.jpg
Training,pituitary,512,512,RGB,JPEG,Dataset\Training\pituitary\Tr-pi_978.jpg
Training,pituitary,512,512,RGB,JPEG,Dataset\Training\pituitary\Tr-pi_979.jpg
Training,pituitary,512,512,L,JPEG,Dataset\Training\pituitary\Tr-pi_98.jpg
Training,pituitary,512,512,L,JPEG,Dataset\Training\pituitary\Tr-pi_980.jpg
Training,pituitary,512,512,L,JPEG,Dataset\Training\pituitary\Tr-pi_981.jpg
Training,pituitary,512,512,L,JPEG,Dataset\Training\pituitary\Tr-pi_982.jpg
Training,pituitary,721,903,RGB,JPEG,Dataset\Training\pituitary\Tr-pi_983.jpg
Training,pituitary,512,512,RGB,JPEG,Dataset\Training\pituitary\Tr-pi_984.jpg
Training,pituitary,512,512,RGB,JPEG,Dataset\Training\pituitary\Tr-pi_985.jpg
Training,pituitary,256,256,RGB,JPEG,Dataset\Training\pituitary\Tr-pi_986.jpg
Training,pituitary,512,512,RGB,JPEG,Dataset\Training\pituitary\Tr-pi_987.jpg
Training,pituitary,512,512,L,JPEG,Dataset\Training\pituitary\Tr-pi_988.jpg
Training,pituitary,512,512,RGB,JPEG,Dataset\Training\pituitary\Tr-pi_989.jpg
Training,pituitary,512,512,RGB,JPEG,Dataset\Training\pituitary\Tr-pi_99.jpg
Training,pituitary,512,512,RGB,JPEG,Dataset\Training\pituitary\Tr-pi_990.jpg
Training,pituitary,512,512,RGB,JPEG,Dataset\Training\pituitary\Tr-pi_991.jpg
Training,pituitary,512,512,L,JPEG,Dataset\Training\pituitary\Tr-pi_992.jpg
Training,pituitary,512,512,RGB,JPEG,Dataset\Training\pituitary\Tr-pi_993.jpg
Training,pituitary,512,512,RGB,JPEG,Dataset\Training\pituitary\Tr-pi_994.jpg
Training,pituitary,512,512,L,JPEG,Dataset\Training\pituitary\Tr-pi_995.jpg
Training,pituitary,512,512,RGB,JPEG,Dataset\Training\pituitary\Tr-pi_996.jpg
Training,pituitary,256,256,L,JPEG,Dataset\Training\pituitary\Tr-pi_997.jpg
Training,pituitary,512,512,L,JPEG,Dataset\Training\pituitary\Tr-pi_998.jpg
Training,pituitary,512,512,L,JPEG,Dataset\Training\pituitary\Tr-pi_999.jpg
Testing,glioma,354,442,RGB,JPEG,Dataset\Testing\glioma\Te-gl_1.jpg
Testing,glioma,512,512,L,JPEG,Dataset\Testing\glioma\Te-gl_10.jpg
Testing,glioma,512,512,L,JPEG,Dataset\Testing\glioma\Te-gl_100.jpg
Testing,glioma,512,512,L,JPEG,Dataset\Testing\glioma\Te-gl_101.jpg
Testing,glioma,339,406,RGB,JPEG,Dataset\Testing\glioma\Te-gl_102.jpg
Testing,glioma,541,477,RGB,JPEG,Dataset\Testing\glioma\Te-gl_103.jpg
Testing,glioma,512,512,RGB,JPEG,Dataset\Testing\glioma\Te-gl_104.jpg
Testing,glioma,512,512,L,JPEG,Dataset\Testing\glioma\Te-gl_105.jpg
Testing,glioma,236,236,RGB,JPEG,Dataset\Testing\glioma\Te-gl_106.jpg
Testing,glioma,512,512,L,JPEG,Dataset\Testing\glioma\Te-gl_107.jpg
Testing,glioma,512,512,RGB,JPEG,Dataset\Testing\glioma\Te-gl_108.jpg
Testing,glioma,236,236,RGB,JPEG,Dataset\Testing\glioma\Te-gl_109.jpg
Testing,glioma,512,512,L,JPEG,Dataset\Testing\glioma\Te-gl_11.jpg
Testing,glioma,512,512,L,JPEG,Dataset\Testing\glioma\Te-gl_110.jpg
Testing,glioma,512,512,RGB,JPEG,Dataset\Testing\glioma\Te-gl_111.jpg
Testing,glioma,512,512,RGB,JPEG,Dataset\Testing\glioma\Te-gl_112.jpg
Testing,glioma,512,512,L,JPEG,Dataset\Testing\glioma\Te-gl_113.jpg
Testing,glioma,512,512,L,JPEG,Dataset\Testing\glioma\Te-gl_114.jpg
Testing,glioma,338,411,RGB,JPEG,Dataset\Testing\glioma\Te-gl_115.jpg
Testing,glioma,512,512,RGB,JPEG,Dataset\Testing\glioma\Te-gl_116.jpg
Testing,glioma,512,512,L,JPEG,Dataset\Testing\glioma\Te-gl_117.jpg
Testing,glioma,512,512,RGB,JPEG,Dataset\Testing\glioma\Te-gl_118.jpg
Testing,glioma,512,512,L,JPEG,Dataset\Testing\glioma\Te-gl_119.jpg
Testing,glioma,512,512,RGB,JPEG,Dataset\Testing\glioma\Te-gl_12.jpg
Testing,glioma,384,382,RGB,JPEG,Dataset\Testing\glioma\Te-gl_120.jpg
Testing,glioma,512,512,RGB,JPEG,Dataset\Testing\glioma\Te-gl_121.jpg
Testing,glioma,512,512,L,JPEG,Dataset\Testing\glioma\Te-gl_122.jpg
Testing,glioma,512,512,L,JPEG,Dataset\Testing\glioma\Te-gl_123.jpg
Testing,glioma,512,512,L,JPEG,Dataset\Testing\glioma\Te-gl_124.jpg
Testing,glioma,512,512,L,JPEG,Dataset\Testing\glioma\Te-gl_125.jpg
Testing,glioma,360,380,RGB,JPEG,Dataset\Testing\glioma\Te-gl_126.jpg
Testing,glioma,512,512,L,JPEG,Dataset\Testing\glioma\Te-gl_127.jpg
Testing,glioma,512,512,L,JPEG,Dataset\Testing\glioma\Te-gl_128.jpg
Testing,glioma,200,249,RGB,JPEG,Dataset\Testing\glioma\Te-gl_129.jpg
Testing,glioma,512,512,L,JPEG,Dataset\Testing\glioma\Te-gl_13.jpg
Testing,glioma,512,512,L,JPEG,Dataset\Testing\glioma\Te-gl_130.jpg
Testing,glioma,512,512,L,JPEG,Dataset\Testing\glioma\Te-gl_131.jpg
Testing,glioma,512,512,RGB,JPEG,Dataset\Testing\glioma\Te-gl_132.jpg
Testing,glioma,526,583,RGB,JPEG,Dataset\Testing\glioma\Te-gl_133.jpg
Testing,glioma,512,512,L,JPEG,Dataset\Testing\glioma\Te-gl_134.jpg
Testing,glioma,512,512,L,JPEG,Dataset\Testing\glioma\Te-gl_135.jpg
Testing,glioma,512,512,RGB,JPEG,Dataset\Testing\glioma\Te-gl_136.jpg
Testing,glioma,512,512,L,JPEG,Dataset\Testing\glioma\Te-gl_137.jpg
Testing,glioma,512,512,L,JPEG,Dataset\Testing\glioma\Te-gl_138.jpg
Testing,glioma,512,512,RGB,JPEG,Dataset\Testing\glioma\Te-gl_139.jpg
Testing,glioma,512,512,RGB,JPEG,Dataset\Testing\glioma\Te-gl_14.jpg
Testing,glioma,510,602,RGB,JPEG,Dataset\Testing\glioma\Te-gl_140.jpg
Testing,glioma,512,512,RGB,JPEG,Dataset\Testing\glioma\Te-gl_141.jpg
Testing,glioma,512,512,L,JPEG,Dataset\Testing\glioma\Te-gl_142.jpg
Testing,glioma,236,298,RGB,JPEG,Dataset\Testing\glioma\Te-gl_143.jpg
Testing,glioma,544,564,RGB,JPEG,Dataset\Testing\glioma\Te-gl_144.jpg
Testing,glioma,512,512,L,JPEG,Dataset\Testing\glioma\Te-gl_145.jpg
Testing,glioma,512,512,RGB,JPEG,Dataset\Testing\glioma\Te-gl_146.jpg
Testing,glioma,512,512,L,JPEG,Dataset\Testing\glioma\Te-gl_147.jpg
Testing,glioma,512,512,L,JPEG,Dataset\Testing\glioma\Te-gl_148.jpg
Testing,glioma,512,512,L,JPEG,Dataset\Testing\glioma\Te-gl_149.jpg
Testing,glioma,383,407,RGB,JPEG,Dataset\Testing\glioma\Te-gl_15.jpg
Testing,glioma,512,512,L,JPEG,Dataset\Testing\glioma\Te-gl_150.jpg
Testing,glioma,319,360,RGB,JPEG,Dataset\Testing\glioma\Te-gl_151.jpg
Testing,glioma,512,512,RGB,JPEG,Dataset\Testing\glioma\Te-gl_152.jpg
Testing,glioma,512,512,L,JPEG,Dataset\Testing\glioma\Te-gl_153.jpg
Testing,glioma,512,512,RGB,JPEG,Dataset\Testing\glioma\Te-gl_154.jpg
Testing,glioma,512,512,RGB,JPEG,Dataset\Testing\glioma\Te-gl_155.jpg
Testing,glioma,512,512,RGB,JPEG,Dataset\Testing\glioma\Te-gl_156.jpg
Testing,glioma,512,512,L,JPEG,Dataset\Testing\glioma\Te-gl_157.jpg
Testing,glioma,512,512,L,JPEG,Dataset\Testing\glioma\Te-gl_158.jpg
Testing,glioma,398,397,RGB,JPEG,Dataset\Testing\glioma\Te-gl_159.jpg
Testing,glioma,512,512,RGB,JPEG,Dataset\Testing\glioma\Te-gl_16.jpg
Testing,glioma,557,641,RGB,JPEG,Dataset\Testing\glioma\Te-gl_160.jpg
Testing,glioma,512,512,L,JPEG,Dataset\Testing\glioma\Te-gl_161.jpg
Testing,glioma,512,512,RGB,JPEG,Dataset\Testing\glioma\Te-gl_162.jpg
Testing,glioma,512,512,RGB,JPEG,Dataset\Testing\glioma\Te-gl_163.jpg
Testing,glioma,512,512,L,JPEG,Dataset\Testing\glioma\Te-gl_164.jpg
Testing,glioma,512,512,L,JPEG,Dataset\Testing\glioma\Te-gl_165.jpg
Testing,glioma,442,426,RGB,JPEG,Dataset\Testing\glioma\Te-gl_166.jpg
Testing,glioma,334,407,RGB,JPEG,Dataset\Testing\glioma\Te-gl_167.jpg
Testing,glioma,512,512,L,JPEG,Dataset\Testing\glioma\Te-gl_168.jpg
Testing,glioma,512,512,RGB,JPEG,Dataset\Testing\glioma\Te-gl_169.jpg
Testing,glioma,512,512,L,JPEG,Dataset\Testing\glioma\Te-gl_17.jpg
Testing,glioma,620,415,RGB,JPEG,Dataset\Testing\glioma\Te-gl_170.jpg
Testing,glioma,310,380,RGB,JPEG,Dataset\Testing\glioma\Te-gl_171.jpg
Testing,glioma,512,512,L,JPEG,Dataset\Testing\glioma\Te-gl_172.jpg
Testing,glioma,512,512,L,JPEG,Dataset\Testing\glioma\Te-gl_173.jpg
Testing,glioma,512,512,L,JPEG,Dataset\Testing\glioma\Te-gl_174.jpg
Testing,glioma,512,512,L,JPEG,Dataset\Testing\glioma\Te-gl_175.jpg
Testing,glioma,512,512,L,JPEG,Dataset\Testing\glioma\Te-gl_176.jpg
Testing,glioma,512,512,RGB,JPEG,Dataset\Testing\glioma\Te-gl_177.jpg
Testing,glioma,620,415,RGB,JPEG,Dataset\Testing\glioma\Te-gl_178.jpg
Testing,glioma,512,512,RGB,JPEG,Dataset\Testing\glioma\Te-gl_179.jpg
Testing,glioma,512,512,RGB,JPEG,Dataset\Testing\glioma\Te-gl_18.jpg
Testing,glioma,512,512,L,JPEG,Dataset\Testing\glioma\Te-gl_180.jpg
Testing,glioma,512,512,L,JPEG,Dataset\Testing\glioma\Te-gl_181.jpg
Testing,glioma,512,512,L,JPEG,Dataset\Testing\glioma\Te-gl_182.jpg
Testing,glioma,512,512,L,JPEG,Dataset\Testing\glioma\Te-gl_183.jpg
Testing,glioma,512,512,L,JPEG,Dataset\Testing\glioma\Te-gl_184.jpg
Testing,glioma,512,512,L,JPEG,Dataset\Testing\glioma\Te-gl_185.jpg
Testing,glioma,512,512,L,JPEG,Dataset\Testing\glioma\Te-gl_186.jpg
Testing,glioma,248,274,RGB,JPEG,Dataset\Testing\glioma\Te-gl_187.jpg
Testing,glioma,512,512,L,JPEG,Dataset\Testing\glioma\Te-gl_188.jpg
Testing,glioma,453,437,RGB,JPEG,Dataset\Testing\glioma\Te-gl_189.jpg
Testing,glioma,512,512,L,JPEG,Dataset\Testing\glioma\Te-gl_19.jpg
Testing,glioma,512,512,RGB,JPEG,Dataset\Testing\glioma\Te-gl_190.jpg
Testing,glioma,512,512,L,JPEG,Dataset\Testing\glioma\Te-gl_191.jpg
Testing,glioma,512,512,L,JPEG,Dataset\Testing\glioma\Te-gl_192.jpg
Testing,glioma,512,512,L,JPEG,Dataset\Testing\glioma\Te-gl_193.jpg
Testing,glioma,512,512,L,JPEG,Dataset\Testing\glioma\Te-gl_194.jpg
Testing,glioma,512,512,L,JPEG,Dataset\Testing\glioma\Te-gl_195.jpg
Testing,glioma,388,453,RGB,JPEG,Dataset\Testing\glioma\Te-gl_196.jpg
Testing,glioma,512,512,L,JPEG,Dataset\Testing\glioma\Te-gl_197.jpg
Testing,glioma,512,512,RGB,JPEG,Dataset\Testing\glioma\Te-gl_198.jpg
Testing,glioma,512,512,L,JPEG,Dataset\Testing\glioma\Te-gl_199.jpg
Testing,glioma,512,512,L,JPEG,Dataset\Testing\glioma\Te-gl_2.jpg
Testing,glioma,512,512,L,JPEG,Dataset\Testing\glioma\Te-gl_20.jpg
Testing,glioma,512,512,RGB,JPEG,Dataset\Testing\glioma\Te-gl_200.jpg
Testing,glioma,512,512,L,JPEG,Dataset\Testing\glioma\Te-gl_201.jpg
Testing,glioma,512,512,L,JPEG,Dataset\Testing\glioma\Te-gl_202.jpg
Testing,glioma,512,512,L,JPEG,Dataset\Testing\glioma\Te-gl_203.jpg
Testing,glioma,256,256,RGB,JPEG,Dataset\Testing\glioma\Te-gl_204.jpg
Testing,glioma,512,512,L,JPEG,Dataset\Testing\glioma\Te-gl_205.jpg
Testing,glioma,512,512,RGB,JPEG,Dataset\Testing\glioma\Te-gl_206.jpg
Testing,glioma,512,512,RGB,JPEG,Dataset\Testing\glioma\Te-gl_207.jpg
Testing,glioma,512,512,L,JPEG,Dataset\Testing\glioma\Te-gl_208.jpg
Testing,glioma,512,512,L,JPEG,Dataset\Testing\glioma\Te-gl_209.jpg
Testing,glioma,512,512,RGB,JPEG,Dataset\Testing\glioma\Te-gl_21.jpg
Testing,glioma,512,512,L,JPEG,Dataset\Testing\glioma\Te-gl_210.jpg
Testing,glioma,394,368,RGB,JPEG,Dataset\Testing\glioma\Te-gl_211.jpg
Testing,glioma,524,581,RGB,JPEG,Dataset\Testing\glioma\Te-gl_212.jpg
Testing,glioma,512,512,L,JPEG,Dataset\Testing\glioma\Te-gl_213.jpg
Testing,glioma,512,512,L,JPEG,Dataset\Testing\glioma\Te-gl_214.jpg
Testing,glioma,565,513,RGB,JPEG,Dataset\Testing\glioma\Te-gl_215.jpg
Testing,glioma,512,512,RGB,JPEG,Dataset\Testing\glioma\Te-gl_216.jpg
Testing,glioma,512,512,L,JPEG,Dataset\Testing\glioma\Te-gl_217.jpg
Testing,glioma,373,378,RGB,JPEG,Dataset\Testing\glioma\Te-gl_218.jpg
Testing,glioma,512,512,RGB,JPEG,Dataset\Testing\glioma\Te-gl_219.jpg
Testing,glioma,512,512,L,JPEG,Dataset\Testing\glioma\Te-gl_22.jpg
Testing,glioma,512,512,RGB,JPEG,Dataset\Testing\glioma\Te-gl_220.jpg
Testing,glioma,512,512,L,JPEG,Dataset\Testing\glioma\Te-gl_221.jpg
Testing,glioma,512,512,L,JPEG,Dataset\Testing\glioma\Te-gl_222.jpg
Testing,glioma,512,512,RGB,JPEG,Dataset\Testing\glioma\Te-gl_223.jpg
Testing,glioma,512,512,L,JPEG,Dataset\Testing\glioma\Te-gl_224.jpg
Testing,glioma,512,512,RGB,JPEG,Dataset\Testing\glioma\Te-gl_225.jpg
Testing,glioma,512,512,L,JPEG,Dataset\Testing\glioma\Te-gl_226.jpg
Testing,glioma,512,512,L,JPEG,Dataset\Testing\glioma\Te-gl_227.jpg
Testing,glioma,310,380,RGB,JPEG,Dataset\Testing\glioma\Te-gl_228.jpg
Testing,glioma,495,619,RGB,JPEG,Dataset\Testing\glioma\Te-gl_229.jpg
Testing,glioma,512,512,L,JPEG,Dataset\Testing\glioma\Te-gl_23.jpg
Testing,glioma,512,512,L,JPEG,Dataset\Testing\glioma\Te-gl_230.jpg
Testing,glioma,512,512,L,JPEG,Dataset\Testing\glioma\Te-gl_231.jpg
Testing,glioma,512,512,L,JPEG,Dataset\Testing\glioma\Te-gl_232.jpg
Testing,glioma,512,512,RGB,JPEG,Dataset\Testing\glioma\Te-gl_233.jpg
Testing,glioma,512,512,RGB,JPEG,Dataset\Testing\glioma\Te-gl_234.jpg
Testing,glioma,512,512,RGB,JPEG,Dataset\Testing\glioma\Te-gl_235.jpg
Testing,glioma,512,512,L,JPEG,Dataset\Testing\glioma\Te-gl_236.jpg
Testing,glioma,512,512,L,JPEG,Dataset\Testing\glioma\Te-gl_237.jpg
Testing,glioma,510,602,RGB,JPEG,Dataset\Testing\glioma\Te-gl_238.jpg
Testing,glioma,512,512,L,JPEG,Dataset\Testing\glioma\Te-gl_239.jpg
Testing,glioma,512,512,L,JPEG,Dataset\Testing\glioma\Te-gl_24.jpg
Testing,glioma,512,512,L,JPEG,Dataset\Testing\glioma\Te-gl_240.jpg
Testing,glioma,512,512,L,JPEG,Dataset\Testing\glioma\Te-gl_241.jpg
Testing,glioma,512,512,RGB,JPEG,Dataset\Testing\glioma\Te-gl_242.jpg
Testing,glioma,512,512,L,JPEG,Dataset\Testing\glioma\Te-gl_243.jpg
Testing,glioma,512,512,RGB,JPEG,Dataset\Testing\glioma\Te-gl_244.jpg
Testing,glioma,512,512,L,JPEG,Dataset\Testing\glioma\Te-gl_245.jpg
Testing,glioma,512,512,L,JPEG,Dataset\Testing\glioma\Te-gl_246.jpg
Testing,glioma,512,512,RGB,JPEG,Dataset\Testing\glioma\Te-gl_247.jpg
Testing,glioma,512,512,L,JPEG,Dataset\Testing\glioma\Te-gl_248.jpg
Testing,glioma,512,512,L,JPEG,Dataset\Testing\glioma\Te-gl_249.jpg
Testing,glioma,512,512,L,JPEG,Dataset\Testing\glioma\Te-gl_25.jpg
Testing,glioma,512,512,RGB,JPEG,Dataset\Testing\glioma\Te-gl_250.jpg
Testing,glioma,512,512,L,JPEG,Dataset\Testing\glioma\Te-gl_251.jpg
Testing,glioma,512,512,L,JPEG,Dataset\Testing\glioma\Te-gl_252.jpg
Testing,glioma,512,512,RGB,JPEG,Dataset\Testing\glioma\Te-gl_253.jpg
Testing,glioma,512,512,L,JPEG,Dataset\Testing\glioma\Te-gl_254.jpg
Testing,glioma,512,512,L,JPEG,Dataset\Testing\glioma\Te-gl_255.jpg
Testing,glioma,512,512,RGB,JPEG,Dataset\Testing\glioma\Te-gl_256.jpg
Testing,glioma,512,512,RGB,JPEG,Dataset\Testing\glioma\Te-gl_257.jpg
Testing,glioma,512,512,L,JPEG,Dataset\Testing\glioma\Te-gl_258.jpg
Testing,glioma,256,256,RGB,JPEG,Dataset\Testing\glioma\Te-gl_259.jpg
Testing,glioma,512,512,L,JPEG,Dataset\Testing\glioma\Te-gl_26.jpg
Testing,glioma,512,512,L,JPEG,Dataset\Testing\glioma\Te-gl_260.jpg
Testing,glioma,512,512,RGB,JPEG,Dataset\Testing\glioma\Te-gl_261.jpg
Testing,glioma,512,512,L,JPEG,Dataset\Testing\glioma\Te-gl_262.jpg
Testing,glioma,512,512,L,JPEG,Dataset\Testing\glioma\Te-gl_263.jpg
Testing,glioma,546,562,RGB,JPEG,Dataset\Testing\glioma\Te-gl_264.jpg
Testing,glioma,512,512,L,JPEG,Dataset\Testing\glioma\Te-gl_265.jpg
Testing,glioma,512,512,L,JPEG,Dataset\Testing\glioma\Te-gl_266.jpg
Testing,glioma,512,512,L,JPEG,Dataset\Testing\glioma\Te-gl_267.jpg
Testing,glioma,512,512,L,JPEG,Dataset\Testing\glioma\Te-gl_268.jpg
Testing,glioma,512,512,L,JPEG,Dataset\Testing\glioma\Te-gl_269.jpg
Testing,glioma,509,537,RGB,JPEG,Dataset\Testing\glioma\Te-gl_27.jpg
Testing,glioma,512,512,RGB,JPEG,Dataset\Testing\glioma\Te-gl_270.jpg
Testing,glioma,512,512,RGB,JPEG,Dataset\Testing\glioma\Te-gl_271.jpg
Testing,glioma,524,581,RGB,JPEG,Dataset\Testing\glioma\Te-gl_272.jpg
Testing,glioma,512,512,L,JPEG,Dataset\Testing\glioma\Te-gl_273.jpg
Testing,glioma,512,512,L,JPEG,Dataset\Testing\glioma\Te-gl_274.jpg
Testing,glioma,236,236,RGB,JPEG,Dataset\Testing\glioma\Te-gl_275.jpg
Testing,glioma,512,512,L,JPEG,Dataset\Testing\glioma\Te-gl_276.jpg
Testing,glioma,357,396,RGB,JPEG,Dataset\Testing\glioma\Te-gl_277.jpg
Testing,glioma,442,426,RGB,JPEG,Dataset\Testing\glioma\Te-gl_278.jpg
Testing,glioma,512,512,RGB,JPEG,Dataset\Testing\glioma\Te-gl_279.jpg
Testing,glioma,512,512,RGB,JPEG,Dataset\Testing\glioma\Te-gl_28.jpg
Testing,glioma,512,512,L,JPEG,Dataset\Testing\glioma\Te-gl_280.jpg
Testing,glioma,512,512,RGB,JPEG,Dataset\Testing\glioma\Te-gl_281.jpg
Testing,glioma,512,512,RGB,JPEG,Dataset\Testing\glioma\Te-gl_282.jpg
Testing,glioma,512,512,RGB,JPEG,Dataset\Testing\glioma\Te-gl_283.jpg
Testing,glioma,512,512,RGB,JPEG,Dataset\Testing\glioma\Te-gl_284.jpg
Testing,glioma,512,512,L,JPEG,Dataset\Testing\glioma\Te-gl_285.jpg
Testing,glioma,512,512,L,JPEG,Dataset\Testing\glioma\Te-gl_286.jpg
Testing,glioma,512,512,L,JPEG,Dataset\Testing\glioma\Te-gl_287.jpg
Testing,glioma,512,512,L,JPEG,Dataset\Testing\glioma\Te-gl_288.jpg
Testing,glioma,512,512,L,JPEG,Dataset\Testing\glioma\Te-gl_289.jpg
Testing,glioma,512,512,RGB,JPEG,Dataset\Testing\glioma\Te-gl_29.jpg
Testing,glioma,512,512,L,JPEG,Dataset\Testing\glioma\Te-gl_290.jpg
Testing,glioma,512,512,L,JPEG,Dataset\Testing\glioma\Te-gl_291.jpg
Testing,glioma,512,512,RGB,JPEG,Dataset\Testing\glioma\Te-gl_292.jpg
Testing,glioma,512,512,L,JPEG,Dataset\Testing\glioma\Te-gl_293.jpg
Testing,glioma,512,512,RGB,JPEG,Dataset\Testing\glioma\Te-gl_294.jpg
Testing,glioma,204,245,RGB,JPEG,Dataset\Testing\glioma\Te-gl_295.jpg
Testing,glioma,512,512,L,JPEG,Dataset\Testing\glioma\Te-gl_296.jpg
Testing,glioma,512,512,L,JPEG,Dataset\Testing\glioma\Te-gl_297.jpg
Testing,glioma,512,512,RGB,JPEG,Dataset\Testing\glioma\Te-gl_298.jpg
Testing,glioma,512,512,RGB,JPEG,Dataset\Testing\glioma\Te-gl_299.jpg
Testing,glioma,512,512,L,JPEG,Dataset\Testing\glioma\Te-gl_3.jpg
Testing,glioma,379,379,RGB,JPEG,Dataset\Testing\glioma\Te-gl_30.jpg
Testing,glioma,512,512,L,JPEG,Dataset\Testing\glioma\Te-gl_300.jpg
Testing,glioma,512,512,L,JPEG,Dataset\Testing\glioma\Te-gl_301.jpg
Testing,glioma,512,512,L,JPEG,Dataset\Testing\glioma\Te-gl_302.jpg
Testing,glioma,200,249,RGB,JPEG,Dataset\Testing\glioma\Te-gl_303.jpg
Testing,glioma,512,512,RGB,JPEG,Dataset\Testing\glioma\Te-gl_304.jpg
Testing,glioma,512,512,L,JPEG,Dataset\Testing\glioma\Te-gl_305.jpg
Testing,glioma,512,512,L,JPEG,Dataset\Testing\glioma\Te-gl_306.jpg
Testing,glioma,512,512,L,JPEG,Dataset\Testing\glioma\Te-gl_307.jpg
Testing,glioma,512,512,L,JPEG,Dataset\Testing\glioma\Te-gl_308.jpg
Testing,glioma,512,512,L,JPEG,Dataset\Testing\glioma\Te-gl_309.jpg
Testing,glioma,512,512,RGB,JPEG,Dataset\Testing\glioma\Te-gl_31.jpg
Testing,glioma,224,225,RGB,JPEG,Dataset\Testing\glioma\Te-gl_310.jpg
Testing,glioma,512,512,RGB,JPEG,Dataset\Testing\glioma\Te-gl_311.jpg
Testing,glioma,512,512,RGB,JPEG,Dataset\Testing\glioma\Te-gl_312.jpg
Testing,glioma,305,325,RGB,JPEG,Dataset\Testing\glioma\Te-gl_313.jpg
Testing,glioma,531,577,RGB,JPEG,Dataset\Testing\glioma\Te-gl_314.jpg
Testing,glioma,512,512,L,JPEG,Dataset\Testing\glioma\Te-gl_315.jpg
Testing,glioma,512,512,L,JPEG,Dataset\Testing\glioma\Te-gl_316.jpg
Testing,glioma,512,512,L,JPEG,Dataset\Testing\glioma\Te-gl_317.jpg
Testing,glioma,197,229,RGB,JPEG,Dataset\Testing\glioma\Te-gl_318.jpg
Testing,glioma,512,512,L,JPEG,Dataset\Testing\glioma\Te-gl_319.jpg
Testing,glioma,249,238,RGB,JPEG,Dataset\Testing\glioma\Te-gl_32.jpg
Testing,glioma,512,512,RGB,JPEG,Dataset\Testing\glioma\Te-gl_320.jpg
Testing,glioma,512,512,L,JPEG,Dataset\Testing\glioma\Te-gl_321.jpg
Testing,glioma,512,512,RGB,JPEG,Dataset\Testing\glioma\Te-gl_322.jpg
Testing,glioma,326,405,RGB,JPEG,Dataset\Testing\glioma\Te-gl_323.jpg
Testing,glioma,512,512,L,JPEG,Dataset\Testing\glioma\Te-gl_324.jpg
Testing,glioma,512,512,RGB,JPEG,Dataset\Testing\glioma\Te-gl_325.jpg
Testing,glioma,512,512,L,JPEG,Dataset\Testing\glioma\Te-gl_326.jpg
Testing,glioma,512,512,L,JPEG,Dataset\Testing\glioma\Te-gl_327.jpg
Testing,glioma,512,512,L,JPEG,Dataset\Testing\glioma\Te-gl_328.jpg
Testing,glioma,512,512,L,JPEG,Dataset\Testing\glioma\Te-gl_329.jpg
Testing,glioma,512,512,RGB,JPEG,Dataset\Testing\glioma\Te-gl_33.jpg
Testing,glioma,331,392,RGB,JPEG,Dataset\Testing\glioma\Te-gl_330.jpg
Testing,glioma,512,512,L,JPEG,Dataset\Testing\glioma\Te-gl_331.jpg
Testing,glioma,512,512,L,JPEG,Dataset\Testing\glioma\Te-gl_332.jpg
Testing,glioma,512,512,L,JPEG,Dataset\Testing\glioma\Te-gl_333.jpg
Testing,glioma,512,512,L,JPEG,Dataset\Testing\glioma\Te-gl_334.jpg
Testing,glioma,572,536,RGB,JPEG,Dataset\Testing\glioma\Te-gl_335.jpg
Testing,glioma,512,512,RGB,JPEG,Dataset\Testing\glioma\Te-gl_336.jpg
Testing,glioma,512,512,L,JPEG,Dataset\Testing\glioma\Te-gl_337.jpg
Testing,glioma,524,581,RGB,JPEG,Dataset\Testing\glioma\Te-gl_338.jpg
Testing,glioma,512,512,RGB,JPEG,Dataset\Testing\glioma\Te-gl_339.jpg
Testing,glioma,512,512,RGB,JPEG,Dataset\Testing\glioma\Te-gl_34.jpg
Testing,glioma,512,512,L,JPEG,Dataset\Testing\glioma\Te-gl_340.jpg
Testing,glioma,640,480,RGB,JPEG,Dataset\Testing\glioma\Te-gl_341.jpg
Testing,glioma,512,512,L,JPEG,Dataset\Testing\glioma\Te-gl_342.jpg
Testing,glioma,512,512,L,JPEG,Dataset\Testing\glioma\Te-gl_343.jpg
Testing,glioma,512,512,L,JPEG,Dataset\Testing\glioma\Te-gl_344.jpg
Testing,glioma,512,512,L,JPEG,Dataset\Testing\glioma\Te-gl_345.jpg
Testing,glioma,512,512,L,JPEG,Dataset\Testing\glioma\Te-gl_346.jpg
Testing,glioma,512,512,L,JPEG,Dataset\Testing\glioma\Te-gl_347.jpg
Testing,glioma,512,512,L,JPEG,Dataset\Testing\glioma\Te-gl_348.jpg
Testing,glioma,554,554,RGB,JPEG,Dataset\Testing\glioma\Te-gl_349.jpg
Testing,glioma,512,512,L,JPEG,Dataset\Testing\glioma\Te-gl_35.jpg
Testing,glioma,175,167,RGB,JPEG,Dataset\Testing\glioma\Te-gl_350.jpg
Testing,glioma,337,412,RGB,JPEG,Dataset\Testing\glioma\Te-gl_351.jpg
Testing,glioma,512,512,L,JPEG,Dataset\Testing\glioma\Te-gl_352.jpg
Testing,glioma,512,512,L,JPEG,Dataset\Testing\glioma\Te-gl_353.jpg
Testing,glioma,512,512,L,JPEG,Dataset\Testing\glioma\Te-gl_354.jpg
Testing,glioma,512,512,L,JPEG,Dataset\Testing\glioma\Te-gl_355.jpg
Testing,glioma,512,512,L,JPEG,Dataset\Testing\glioma\Te-gl_356.jpg
Testing,glioma,512,512,L,JPEG,Dataset\Testing\glioma\Te-gl_357.jpg
Testing,glioma,225,225,RGB,JPEG,Dataset\Testing\glioma\Te-gl_358.jpg
Testing,glioma,512,512,RGB,JPEG,Dataset\Testing\glioma\Te-gl_359.jpg
Testing,glioma,512,512,RGB,JPEG,Dataset\Testing\glioma\Te-gl_36.jpg
Testing,glioma,512,512,L,JPEG,Dataset\Testing\glioma\Te-gl_360.jpg
Testing,glioma,512,512,L,JPEG,Dataset\Testing\glioma\Te-gl_361.jpg
Testing,glioma,512,512,L,JPEG,Dataset\Testing\glioma\Te-gl_362.jpg
Testing,glioma,512,512,RGB,JPEG,Dataset\Testing\glioma\Te-gl_363.jpg
Testing,glioma,512,512,RGB,JPEG,Dataset\Testing\glioma\Te-gl_364.jpg
Testing,glioma,512,512,L,JPEG,Dataset\Testing\glioma\Te-gl_365.jpg
Testing,glioma,512,512,L,JPEG,Dataset\Testing\glioma\Te-gl_366.jpg
Testing,glioma,512,512,L,JPEG,Dataset\Testing\glioma\Te-gl_367.jpg
Testing,glioma,512,512,L,JPEG,Dataset\Testing\glioma\Te-gl_368.jpg
Testing,glioma,512,512,RGB,JPEG,Dataset\Testing\glioma\Te-gl_369.jpg
Testing,glioma,512,512,L,JPEG,Dataset\Testing\glioma\Te-gl_37.jpg
Testing,glioma,512,512,RGB,JPEG,Dataset\Testing\glioma\Te-gl_370.jpg
Testing,glioma,512,512,RGB,JPEG,Dataset\Testing\glioma\Te-gl_371.jpg
Testing,glioma,233,233,RGB,JPEG,Dataset\Testing\glioma\Te-gl_372.jpg
Testing,glioma,512,512,RGB,JPEG,Dataset\Testing\glioma\Te-gl_373.jpg
Testing,glioma,512,512,RGB,JPEG,Dataset\Testing\glioma\Te-gl_374.jpg
Testing,glioma,512,512,L,JPEG,Dataset\Testing\glioma\Te-gl_375.jpg
Testing,glioma,512,512,L,JPEG,Dataset\Testing\glioma\Te-gl_376.jpg
Testing,glioma,512,512,L,JPEG,Dataset\Testing\glioma\Te-gl_377.jpg
Testing,glioma,512,512,RGB,JPEG,Dataset\Testing\glioma\Te-gl_378.jpg
Testing,glioma,512,512,L,JPEG,Dataset\Testing\glioma\Te-gl_379.jpg
Testing,glioma,512,512,L,JPEG,Dataset\Testing\glioma\Te-gl_38.jpg
Testing,glioma,512,512,L,JPEG,Dataset\Testing\glioma\Te-gl_380.jpg
Testing,glioma,512,512,L,JPEG,Dataset\Testing\glioma\Te-gl_381.jpg
Testing,glioma,512,512,L,JPEG,Dataset\Testing\glioma\Te-gl_382.jpg
Testing,glioma,512,512,L,JPEG,Dataset\Testing\glioma\Te-gl_383.jpg
Testing,glioma,512,512,L,JPEG,Dataset\Testing\glioma\Te-gl_384.jpg
Testing,glioma,512,512,RGB,JPEG,Dataset\Testing\glioma\Te-gl_385.jpg
Testing,glioma,512,512,L,JPEG,Dataset\Testing\glioma\Te-gl_386.jpg
Testing,glioma,512,512,RGB,JPEG,Dataset\Testing\glioma\Te-gl_387.jpg
Testing,glioma,512,512,L,JPEG,Dataset\Testing\glioma\Te-gl_388.jpg
Testing,glioma,249,238,RGB,JPEG,Dataset\Testing\glioma\Te-gl_389.jpg
Testing,glioma,200,234,RGB,JPEG,Dataset\Testing\glioma\Te-gl_39.jpg
Testing,glioma,512,512,L,JPEG,Dataset\Testing\glioma\Te-gl_390.jpg
Testing,glioma,490,625,RGB,JPEG,Dataset\Testing\glioma\Te-gl_391.jpg
Testing,glioma,512,512,L,JPEG,Dataset\Testing\glioma\Te-gl_392.jpg
Testing,glioma,512,512,L,JPEG,Dataset\Testing\glioma\Te-gl_393.jpg
Testing,glioma,512,512,L,JPEG,Dataset\Testing\glioma\Te-gl_394.jpg
Testing,glioma,512,512,L,JPEG,Dataset\Testing\glioma\Te-gl_395.jpg
Testing,glioma,512,512,RGB,JPEG,Dataset\Testing\glioma\Te-gl_396.jpg
Testing,glioma,512,512,L,JPEG,Dataset\Testing\glioma\Te-gl_397.jpg
Testing,glioma,512,512,RGB,JPEG,Dataset\Testing\glioma\Te-gl_398.jpg
Testing,glioma,512,512,L,JPEG,Dataset\Testing\glioma\Te-gl_399.jpg
Testing,glioma,512,512,L,JPEG,Dataset\Testing\glioma\Te-gl_4.jpg
Testing,glioma,512,512,L,JPEG,Dataset\Testing\glioma\Te-gl_40.jpg
Testing,glioma,512,512,L,JPEG,Dataset\Testing\glioma\Te-gl_400.jpg
Testing,glioma,512,512,L,JPEG,Dataset\Testing\glioma\Te-gl_41.jpg
Testing,glioma,512,512,L,JPEG,Dataset\Testing\glioma\Te-gl_42.jpg
Testing,glioma,236,236,RGB,JPEG,Dataset\Testing\glioma\Te-gl_43.jpg
Testing,glioma,512,512,L,JPEG,Dataset\Testing\glioma\Te-gl_44.jpg
Testing,glioma,512,512,RGB,JPEG,Dataset\Testing\glioma\Te-gl_45.jpg
Testing,glioma,512,512,L,JPEG,Dataset\Testing\glioma\Te-gl_46.jpg
Testing,glioma,401,475,RGB,JPEG,Dataset\Testing\glioma\Te-gl_47.jpg
Testing,glioma,512,512,L,JPEG,Dataset\Testing\glioma\Te-gl_48.jpg
Testing,glioma,512,512,L,JPEG,Dataset\Testing\glioma\Te-gl_49.jpg
Testing,glioma,512,512,RGB,JPEG,Dataset\Testing\glioma\Te-gl_5.jpg
Testing,glioma,512,512,L,JPEG,Dataset\Testing\glioma\Te-gl_50.jpg
Testing,glioma,512,512,L,JPEG,Dataset\Testing\glioma\Te-gl_51.jpg
Testing,glioma,512,512,L,JPEG,Dataset\Testing\glioma\Te-gl_52.jpg
Testing,glioma,355,399,RGB,JPEG,Dataset\Testing\glioma\Te-gl_53.jpg
Testing,glioma,512,512,L,JPEG,Dataset\Testing\glioma\Te-gl_54.jpg
Testing,glioma,512,512,L,JPEG,Dataset\Testing\glioma\Te-gl_55.jpg
Testing,glioma,512,512,L,JPEG,Dataset\Testing\glioma\Te-gl_56.jpg
Testing,glioma,512,512,L,JPEG,Dataset\Testing\glioma\Te-gl_57.jpg
Testing,glioma,282,257,RGB,JPEG,Dataset\Testing\glioma\Te-gl_58.jpg
Testing,glioma,544,564,RGB,JPEG,Dataset\Testing\glioma\Te-gl_59.jpg
Testing,glioma,512,512,L,JPEG,Dataset\Testing\glioma\Te-gl_6.jpg
Testing,glioma,512,512,L,JPEG,Dataset\Testing\glioma\Te-gl_60.jpg
Testing,glioma,512,512,RGB,JPEG,Dataset\Testing\glioma\Te-gl_61.jpg
Testing,glioma,317,378,RGB,JPEG,Dataset\Testing\glioma\Te-gl_62.jpg
Testing,glioma,512,512,L,JPEG,Dataset\Testing\glioma\Te-gl_63.jpg
Testing,glioma,512,512,RGB,JPEG,Dataset\Testing\glioma\Te-gl_64.jpg
Testing,glioma,512,512,L,JPEG,Dataset\Testing\glioma\Te-gl_65.jpg
Testing,glioma,353,427,RGB,JPEG,Dataset\Testing\glioma\Te-gl_66.jpg
Testing,glioma,512,512,L,JPEG,Dataset\Testing\glioma\Te-gl_67.jpg
Testing,glioma,236,236,RGB,JPEG,Dataset\Testing\glioma\Te-gl_68.jpg
Testing,glioma,512,512,L,JPEG,Dataset\Testing\glioma\Te-gl_69.jpg
Testing,glioma,512,512,L,JPEG,Dataset\Testing\glioma\Te-gl_7.jpg
Testing,glioma,512,512,L,JPEG,Dataset\Testing\glioma\Te-gl_70.jpg
Testing,glioma,512,512,RGB,JPEG,Dataset\Testing\glioma\Te-gl_71.jpg
Testing,glioma,236,298,RGB,JPEG,Dataset\Testing\glioma\Te-gl_72.jpg
Testing,glioma,512,512,L,JPEG,Dataset\Testing\glioma\Te-gl_73.jpg
Testing,glioma,440,398,RGB,JPEG,Dataset\Testing\glioma\Te-gl_74.jpg
Testing,glioma,512,512,RGB,JPEG,Dataset\Testing\glioma\Te-gl_75.jpg
Testing,glioma,564,665,RGB,JPEG,Dataset\Testing\glioma\Te-gl_76.jpg
Testing,glioma,512,512,RGB,JPEG,Dataset\Testing\glioma\Te-gl_77.jpg
Testing,glioma,421,504,RGB,JPEG,Dataset\Testing\glioma\Te-gl_78.jpg
Testing,glioma,512,512,L,JPEG,Dataset\Testing\glioma\Te-gl_79.jpg
Testing,glioma,512,512,RGB,JPEG,Dataset\Testing\glioma\Te-gl_8.jpg
Testing,glioma,512,512,L,JPEG,Dataset\Testing\glioma\Te-gl_80.jpg
Testing,glioma,512,512,L,JPEG,Dataset\Testing\glioma\Te-gl_81.jpg
Testing,glioma,512,512,L,JPEG,Dataset\Testing\glioma\Te-gl_82.jpg
Testing,glioma,512,512,L,JPEG,Dataset\Testing\glioma\Te-gl_83.jpg
Testing,glioma,485,594,RGB,JPEG,Dataset\Testing\glioma\Te-gl_84.jpg
Testing,glioma,512,512,RGB,JPEG,Dataset\Testing\glioma\Te-gl_85.jpg
Testing,glioma,386,406,RGB,JPEG,Dataset\Testing\glioma\Te-gl_86.jpg
Testing,glioma,512,512,RGB,JPEG,Dataset\Testing\glioma\Te-gl_87.jpg
Testing,glioma,512,512,RGB,JPEG,Dataset\Testing\glioma\Te-gl_88.jpg
Testing,glioma,512,512,L,JPEG,Dataset\Testing\glioma\Te-gl_89.jpg
Testing,glioma,512,512,RGB,JPEG,Dataset\Testing\glioma\Te-gl_9.jpg
Testing,glioma,512,512,L,JPEG,Dataset\Testing\glioma\Te-gl_90.jpg
Testing,glioma,512,512,L,JPEG,Dataset\Testing\glioma\Te-gl_91.jpg
Testing,glioma,512,512,L,JPEG,Dataset\Testing\glioma\Te-gl_92.jpg
Testing,glioma,512,512,L,JPEG,Dataset\Testing\glioma\Te-gl_93.jpg
Testing,glioma,512,512,L,JPEG,Dataset\Testing\glioma\Te-gl_94.jpg
Testing,glioma,512,512,RGB,JPEG,Dataset\Testing\glioma\Te-gl_95.jpg
Testing,glioma,512,512,L,JPEG,Dataset\Testing\glioma\Te-gl_96.jpg
Testing,glioma,504,608,RGB,JPEG,Dataset\Testing\glioma\Te-gl_97.jpg
Testing,glioma,512,512,L,JPEG,Dataset\Testing\glioma\Te-gl_98.jpg
Testing,glioma,512,512,L,JPEG,Dataset\Testing\glioma\Te-gl_99.jpg
Testing,meningioma,512,512,RGB,JPEG,Dataset\Testing\meningioma\Te-aug-me_1.jpg
Testing,meningioma,512,512,RGB,JPEG,Dataset\Testing\meningioma\Te-aug-me_10.jpg
Testing,meningioma,512,512,RGB,JPEG,Dataset\Testing\meningioma\Te-aug-me_100.jpg
Testing,meningioma,512,512,RGB,JPEG,Dataset\Testing\meningioma\Te-aug-me_101.jpg
Testing,meningioma,512,512,RGB,JPEG,Dataset\Testing\meningioma\Te-aug-me_102.jpg
Testing,meningioma,512,512,RGB,JPEG,Dataset\Testing\meningioma\Te-aug-me_103.jpg
Testing,meningioma,512,512,RGB,JPEG,Dataset\Testing\meningioma\Te-aug-me_11.jpg
Testing,meningioma,512,512,RGB,JPEG,Dataset\Testing\meningioma\Te-aug-me_12.jpg
Testing,meningioma,512,512,RGB,JPEG,Dataset\Testing\meningioma\Te-aug-me_13.jpg
Testing,meningioma,512,512,RGB,JPEG,Dataset\Testing\meningioma\Te-aug-me_14.jpg
Testing,meningioma,512,512,RGB,JPEG,Dataset\Testing\meningioma\Te-aug-me_15.jpg
Testing,meningioma,512,512,RGB,JPEG,Dataset\Testing\meningioma\Te-aug-me_16.jpg
Testing,meningioma,512,512,RGB,JPEG,Dataset\Testing\meningioma\Te-aug-me_17.jpg
Testing,meningioma,512,512,RGB,JPEG,Dataset\Testing\meningioma\Te-aug-me_18.jpg
Testing,meningioma,512,512,RGB,JPEG,Dataset\Testing\meningioma\Te-aug-me_19.jpg
Testing,meningioma,512,512,RGB,JPEG,Dataset\Testing\meningioma\Te-aug-me_2.jpg
Testing,meningioma,512,512,RGB,JPEG,Dataset\Testing\meningioma\Te-aug-me_20.jpg
Testing,meningioma,512,512,RGB,JPEG,Dataset\Testing\meningioma\Te-aug-me_21.jpg
Testing,meningioma,512,512,RGB,JPEG,Dataset\Testing\meningioma\Te-aug-me_22.jpg
Testing,meningioma,512,512,RGB,JPEG,Dataset\Testing\meningioma\Te-aug-me_23.jpg
Testing,meningioma,512,512,RGB,JPEG,Dataset\Testing\meningioma\Te-aug-me_24.jpg
Testing,meningioma,512,512,RGB,JPEG,Dataset\Testing\meningioma\Te-aug-me_25.jpg
Testing,meningioma,512,512,RGB,JPEG,Dataset\Testing\meningioma\Te-aug-me_26.jpg
Testing,meningioma,512,512,RGB,JPEG,Dataset\Testing\meningioma\Te-aug-me_27.jpg
Testing,meningioma,512,512,RGB,JPEG,Dataset\Testing\meningioma\Te-aug-me_28.jpg
Testing,meningioma,512,512,RGB,JPEG,Dataset\Testing\meningioma\Te-aug-me_29.jpg
Testing,meningioma,512,512,RGB,JPEG,Dataset\Testing\meningioma\Te-aug-me_3.jpg
Testing,meningioma,512,512,RGB,JPEG,Dataset\Testing\meningioma\Te-aug-me_30.jpg
Testing,meningioma,512,512,RGB,JPEG,Dataset\Testing\meningioma\Te-aug-me_31.jpg
Testing,meningioma,512,512,RGB,JPEG,Dataset\Testing\meningioma\Te-aug-me_32.jpg
Testing,meningioma,512,512,RGB,JPEG,Dataset\Testing\meningioma\Te-aug-me_33.jpg
Testing,meningioma,512,512,RGB,JPEG,Dataset\Testing\meningioma\Te-aug-me_34.jpg
Testing,meningioma,512,512,RGB,JPEG,Dataset\Testing\meningioma\Te-aug-me_35.jpg
Testing,meningioma,512,512,RGB,JPEG,Dataset\Testing\meningioma\Te-aug-me_36.jpg
Testing,meningioma,512,512,RGB,JPEG,Dataset\Testing\meningioma\Te-aug-me_37.jpg
Testing,meningioma,512,512,RGB,JPEG,Dataset\Testing\meningioma\Te-aug-me_38.jpg
Testing,meningioma,512,512,RGB,JPEG,Dataset\Testing\meningioma\Te-aug-me_39.jpg
Testing,meningioma,512,512,RGB,JPEG,Dataset\Testing\meningioma\Te-aug-me_4.jpg
Testing,meningioma,512,512,RGB,JPEG,Dataset\Testing\meningioma\Te-aug-me_40.jpg
Testing,meningioma,512,512,RGB,JPEG,Dataset\Testing\meningioma\Te-aug-me_41.jpg
Testing,meningioma,512,512,RGB,JPEG,Dataset\Testing\meningioma\Te-aug-me_42.jpg
Testing,meningioma,512,512,RGB,JPEG,Dataset\Testing\meningioma\Te-aug-me_43.jpg
Testing,meningioma,512,512,RGB,JPEG,Dataset\Testing\meningioma\Te-aug-me_44.jpg
Testing,meningioma,512,512,RGB,JPEG,Dataset\Testing\meningioma\Te-aug-me_45.jpg
Testing,meningioma,512,512,RGB,JPEG,Dataset\Testing\meningioma\Te-aug-me_46.jpg
Testing,meningioma,512,512,RGB,JPEG,Dataset\Testing\meningioma\Te-aug-me_47.jpg
Testing,meningioma,512,512,RGB,JPEG,Dataset\Testing\meningioma\Te-aug-me_48.jpg
Testing,meningioma,512,512,RGB,JPEG,Dataset\Testing\meningioma\Te-aug-me_49.jpg
Testing,meningioma,512,512,RGB,JPEG,Dataset\Testing\meningioma\Te-aug-me_5.jpg
Testing,meningioma,512,512,RGB,JPEG,Dataset\Testing\meningioma\Te-aug-me_50.jpg
Testing,meningioma,512,512,RGB,JPEG,Dataset\Testing\meningioma\Te-aug-me_51.jpg
Testing,meningioma,512,512,RGB,JPEG,Dataset\Testing\meningioma\Te-aug-me_52.jpg
Testing,meningioma,512,512,RGB,JPEG,Dataset\Testing\meningioma\Te-aug-me_53.jpg
Testing,meningioma,512,512,RGB,JPEG,Dataset\Testing\meningioma\Te-aug-me_54.jpg
Testing,meningioma,512,512,RGB,JPEG,Dataset\Testing\meningioma\Te-aug-me_55.jpg
Testing,meningioma,512,512,RGB,JPEG,Dataset\Testing\meningioma\Te-aug-me_56.jpg
Testing,meningioma,512,512,RGB,JPEG,Dataset\Testing\meningioma\Te-aug-me_57.jpg
Testing,meningioma,512,512,RGB,JPEG,Dataset\Testing\meningioma\Te-aug-me_58.jpg
Testing,meningioma,512,512,RGB,JPEG,Dataset\Testing\meningioma\Te-aug-me_59.jpg
Testing,meningioma,512,512,RGB,JPEG,Dataset\Testing\meningioma\Te-aug-me_6.jpg
Testing,meningioma,512,512,RGB,JPEG,Dataset\Testing\meningioma\Te-aug-me_60.jpg
Testing,meningioma,512,512,RGB,JPEG,Dataset\Testing\meningioma\Te-aug-me_61.jpg
Testing,meningioma,512,512,RGB,JPEG,Dataset\Testing\meningioma\Te-aug-me_62.jpg
Testing,meningioma,512,512,RGB,JPEG,Dataset\Testing\meningioma\Te-aug-me_63.jpg
Testing,meningioma,512,512,RGB,JPEG,Dataset\Testing\meningioma\Te-aug-me_64.jpg
Testing,meningioma,512,512,RGB,JPEG,Dataset\Testing\meningioma\Te-aug-me_65.jpg
Testing,meningioma,512,512,RGB,JPEG,Dataset\Testing\meningioma\Te-aug-me_66.jpg
Testing,meningioma,512,512,RGB,JPEG,Dataset\Testing\meningioma\Te-aug-me_67.jpg
Testing,meningioma,512,512,RGB,JPEG,Dataset\Testing\meningioma\Te-aug-me_68.jpg
Testing,meningioma,512,512,RGB,JPEG,Dataset\Testing\meningioma\Te-aug-me_69.jpg
Testing,meningioma,512,512,RGB,JPEG,Dataset\Testing\meningioma\Te-aug-me_7.jpg
Testing,meningioma,512,512,RGB,JPEG,Dataset\Testing\meningioma\Te-aug-me_70.jpg
Testing,meningioma,512,512,RGB,JPEG,Dataset\Testing\meningioma\Te-aug-me_71.jpg
Testing,meningioma,512,512,RGB,JPEG,Dataset\Testing\meningioma\Te-aug-me_72.jpg
Testing,meningioma,512,512,RGB,JPEG,Dataset\Testing\meningioma\Te-aug-me_73.jpg
Testing,meningioma,512,512,RGB,JPEG,Dataset\Testing\meningioma\Te-aug-me_74.jpg
Testing,meningioma,512,512,RGB,JPEG,Dataset\Testing\meningioma\Te-aug-me_75.jpg
Testing,meningioma,512,512,RGB,JPEG,Dataset\Testing\meningioma\Te-aug-me_76.jpg
Testing,meningioma,512,512,RGB,JPEG,Dataset\Testing\meningioma\Te-aug-me_77.jpg
Testing,meningioma,512,512,RGB,JPEG,Dataset\Testing\meningioma\Te-aug-me_78.jpg
Testing,meningioma,512,512,RGB,JPEG,Dataset\Testing\meningioma\Te-aug-me_79.jpg
Testing,meningioma,512,512,RGB,JPEG,Dataset\Testing\meningioma\Te-aug-me_8.jpg
Testing,meningioma,512,512,RGB,JPEG,Dataset\Testing\meningioma\Te-aug-me_80.jpg
Testing,meningioma,512,512,RGB,JPEG,Dataset\Testing\meningioma\Te-aug-me_81.jpg
Testing,meningioma,512,512,RGB,JPEG,Dataset\Testing\meningioma\Te-aug-me_82.jpg
Testing,meningioma,512,512,RGB,JPEG,Dataset\Testing\meningioma\Te-aug-me_83.jpg
Testing,meningioma,512,512,RGB,JPEG,Dataset\Testing\meningioma\Te-aug-me_84.jpg
Testing,meningioma,512,512,RGB,JPEG,Dataset\Testing\meningioma\Te-aug-me_85.jpg
Testing,meningioma,512,512,RGB,JPEG,Dataset\Testing\meningioma\Te-aug-me_86.jpg
Testing,meningioma,512,512,RGB,JPEG,Dataset\Testing\meningioma\Te-aug-me_87.jpg
Testing,meningioma,512,512,RGB,JPEG,Dataset\Testing\meningioma\Te-aug-me_88.jpg
Testing,meningioma,512,512,RGB,JPEG,Dataset\Testing\meningioma\Te-aug-me_89.jpg
Testing,meningioma,512,512,RGB,JPEG,Dataset\Testing\meningioma\Te-aug-me_9.jpg
Testing,meningioma,512,512,RGB,JPEG,Dataset\Testing\meningioma\Te-aug-me_90.jpg
Testing,meningioma,512,512,RGB,JPEG,Dataset\Testing\meningioma\Te-aug-me_91.jpg
Testing,meningioma,512,512,RGB,JPEG,Dataset\Testing\meningioma\Te-aug-me_92.jpg
Testing,meningioma,512,512,RGB,JPEG,Dataset\Testing\meningioma\Te-aug-me_93.jpg
Testing,meningioma,512,512,RGB,JPEG,Dataset\Testing\meningioma\Te-aug-me_94.jpg
Testing,meningioma,512,512,RGB,JPEG,Dataset\Testing\meningioma\Te-aug-me_95.jpg
Testing,meningioma,512,512,RGB,JPEG,Dataset\Testing\meningioma\Te-aug-me_96.jpg
Testing,meningioma,512,512,RGB,JPEG,Dataset\Testing\meningioma\Te-aug-me_97.jpg
Testing,meningioma,512,512,RGB,JPEG,Dataset\Testing\meningioma\Te-aug-me_98.jpg
Testing,meningioma,512,512,RGB,JPEG,Dataset\Testing\meningioma\Te-aug-me_99.jpg
Testing,meningioma,442,442,RGB,JPEG,Dataset\Testing\meningioma\Te-me_1.jpg
Testing,meningioma,512,512,L,JPEG,Dataset\Testing\meningioma\Te-me_10.jpg
Testing,meningioma,512,512,L,JPEG,Dataset\Testing\meningioma\Te-me_100.jpg
Testing,meningioma,305,337,RGB,JPEG,Dataset\Testing\meningioma\Te-me_101.jpg
Testing,meningioma,512,512,L,JPEG,Dataset\Testing\meningioma\Te-me_102.jpg
Testing,meningioma,512,512,L,JPEG,Dataset\Testing\meningioma\Te-me_103.jpg
Testing,meningioma,512,512,RGB,JPEG,Dataset\Testing\meningioma\Te-me_104.jpg
Testing,meningioma,323,342,RGB,JPEG,Dataset\Testing\meningioma\Te-me_105.jpg
Testing,meningioma,512,512,L,JPEG,Dataset\Testing\meningioma\Te-me_106.jpg
Testing,meningioma,512,512,L,JPEG,Dataset\Testing\meningioma\Te-me_107.jpg
Testing,meningioma,512,512,L,JPEG,Dataset\Testing\meningioma\Te-me_108.jpg
Testing,meningioma,239,224,RGB,JPEG,Dataset\Testing\meningioma\Te-me_109.jpg
Testing,meningioma,512,512,L,JPEG,Dataset\Testing\meningioma\Te-me_11.jpg
Testing,meningioma,512,512,L,JPEG,Dataset\Testing\meningioma\Te-me_110.jpg
Testing,meningioma,290,342,RGB,JPEG,Dataset\Testing\meningioma\Te-me_111.jpg
Testing,meningioma,512,512,L,JPEG,Dataset\Testing\meningioma\Te-me_112.jpg
Testing,meningioma,257,307,RGB,JPEG,Dataset\Testing\meningioma\Te-me_113.jpg
Testing,meningioma,512,512,L,JPEG,Dataset\Testing\meningioma\Te-me_114.jpg
Testing,meningioma,512,512,L,JPEG,Dataset\Testing\meningioma\Te-me_115.jpg
Testing,meningioma,455,500,RGB,JPEG,Dataset\Testing\meningioma\Te-me_116.jpg
Testing,meningioma,209,241,RGB,JPEG,Dataset\Testing\meningioma\Te-me_117.jpg
Testing,meningioma,512,512,L,JPEG,Dataset\Testing\meningioma\Te-me_118.jpg
Testing,meningioma,512,512,L,JPEG,Dataset\Testing\meningioma\Te-me_119.jpg
Testing,meningioma,512,512,L,JPEG,Dataset\Testing\meningioma\Te-me_12.jpg
Testing,meningioma,512,512,L,JPEG,Dataset\Testing\meningioma\Te-me_120.jpg
Testing,meningioma,216,216,RGB,JPEG,Dataset\Testing\meningioma\Te-me_121.jpg
Testing,meningioma,512,512,L,JPEG,Dataset\Testing\meningioma\Te-me_122.jpg
Testing,meningioma,512,512,L,JPEG,Dataset\Testing\meningioma\Te-me_123.jpg
Testing,meningioma,512,512,RGB,JPEG,Dataset\Testing\meningioma\Te-me_124.jpg
Testing,meningioma,480,480,RGB,JPEG,Dataset\Testing\meningioma\Te-me_125.jpg
Testing,meningioma,200,236,RGB,JPEG,Dataset\Testing\meningioma\Te-me_126.jpg
Testing,meningioma,512,512,L,JPEG,Dataset\Testing\meningioma\Te-me_127.jpg
Testing,meningioma,512,512,L,JPEG,Dataset\Testing\meningioma\Te-me_128.jpg
Testing,meningioma,554,554,RGB,JPEG,Dataset\Testing\meningioma\Te-me_129.jpg
Testing,meningioma,512,512,L,JPEG,Dataset\Testing\meningioma\Te-me_13.jpg
Testing,meningioma,512,512,L,JPEG,Dataset\Testing\meningioma\Te-me_130.jpg
Testing,meningioma,512,512,L,JPEG,Dataset\Testing\meningioma\Te-me_131.jpg
Testing,meningioma,512,512,L,JPEG,Dataset\Testing\meningioma\Te-me_132.jpg
Testing,meningioma,512,512,L,JPEG,Dataset\Testing\meningioma\Te-me_133.jpg
Testing,meningioma,512,512,L,JPEG,Dataset\Testing\meningioma\Te-me_134.jpg
Testing,meningioma,512,512,L,JPEG,Dataset\Testing\meningioma\Te-me_135.jpg
Testing,meningioma,512,512,L,JPEG,Dataset\Testing\meningioma\Te-me_136.jpg
Testing,meningioma,212,237,RGB,JPEG,Dataset\Testing\meningioma\Te-me_137.jpg
Testing,meningioma,226,214,RGB,JPEG,Dataset\Testing\meningioma\Te-me_138.jpg
Testing,meningioma,352,322,RGB,JPEG,Dataset\Testing\meningioma\Te-me_139.jpg
Testing,meningioma,512,512,L,JPEG,Dataset\Testing\meningioma\Te-me_14.jpg
Testing,meningioma,512,512,L,JPEG,Dataset\Testing\meningioma\Te-me_140.jpg
Testing,meningioma,512,512,RGB,JPEG,Dataset\Testing\meningioma\Te-me_141.jpg
Testing,meningioma,512,512,L,JPEG,Dataset\Testing\meningioma\Te-me_142.jpg
Testing,meningioma,512,512,L,JPEG,Dataset\Testing\meningioma\Te-me_143.jpg
Testing,meningioma,224,216,RGB,JPEG,Dataset\Testing\meningioma\Te-me_144.jpg
Testing,meningioma,512,512,RGB,JPEG,Dataset\Testing\meningioma\Te-me_145.jpg
Testing,meningioma,512,512,RGB,JPEG,Dataset\Testing\meningioma\Te-me_146.jpg
Testing,meningioma,512,512,RGB,JPEG,Dataset\Testing\meningioma\Te-me_147.jpg
Testing,meningioma,512,512,L,JPEG,Dataset\Testing\meningioma\Te-me_148.jpg
Testing,meningioma,225,225,RGB,JPEG,Dataset\Testing\meningioma\Te-me_149.jpg
Testing,meningioma,512,512,L,JPEG,Dataset\Testing\meningioma\Te-me_15.jpg
Testing,meningioma,512,512,L,JPEG,Dataset\Testing\meningioma\Te-me_150.jpg
Testing,meningioma,512,512,L,JPEG,Dataset\Testing\meningioma\Te-me_151.jpg
Testing,meningioma,512,512,L,JPEG,Dataset\Testing\meningioma\Te-me_152.jpg
Testing,meningioma,512,512,L,JPEG,Dataset\Testing\meningioma\Te-me_153.jpg
Testing,meningioma,512,512,L,JPEG,Dataset\Testing\meningioma\Te-me_154.jpg
Testing,meningioma,512,512,L,JPEG,Dataset\Testing\meningioma\Te-me_155.jpg
Testing,meningioma,341,377,RGB,JPEG,Dataset\Testing\meningioma\Te-me_156.jpg
Testing,meningioma,366,395,RGB,JPEG,Dataset\Testing\meningioma\Te-me_157.jpg
Testing,meningioma,215,220,RGB,JPEG,Dataset\Testing\meningioma\Te-me_158.jpg
Testing,meningioma,300,345,RGB,JPEG,Dataset\Testing\meningioma\Te-me_159.jpg
Testing,meningioma,512,512,L,JPEG,Dataset\Testing\meningioma\Te-me_16.jpg
Testing,meningioma,512,512,L,JPEG,Dataset\Testing\meningioma\Te-me_160.jpg
Testing,meningioma,512,512,L,JPEG,Dataset\Testing\meningioma\Te-me_161.jpg
Testing,meningioma,201,251,RGB,JPEG,Dataset\Testing\meningioma\Te-me_162.jpg
Testing,meningioma,512,512,L,JPEG,Dataset\Testing\meningioma\Te-me_163.jpg
Testing,meningioma,512,512,RGB,JPEG,Dataset\Testing\meningioma\Te-me_164.jpg
Testing,meningioma,402,396,RGB,JPEG,Dataset\Testing\meningioma\Te-me_165.jpg
Testing,meningioma,512,512,L,JPEG,Dataset\Testing\meningioma\Te-me_166.jpg
Testing,meningioma,200,223,RGB,JPEG,Dataset\Testing\meningioma\Te-me_167.jpg
Testing,meningioma,512,512,L,JPEG,Dataset\Testing\meningioma\Te-me_168.jpg
Testing,meningioma,512,512,L,JPEG,Dataset\Testing\meningioma\Te-me_169.jpg
Testing,meningioma,512,512,L,JPEG,Dataset\Testing\meningioma\Te-me_17.jpg
Testing,meningioma,512,512,L,JPEG,Dataset\Testing\meningioma\Te-me_170.jpg
Testing,meningioma,306,306,RGB,JPEG,Dataset\Testing\meningioma\Te-me_171.jpg
Testing,meningioma,512,512,RGB,JPEG,Dataset\Testing\meningioma\Te-me_172.jpg
Testing,meningioma,512,512,RGB,JPEG,Dataset\Testing\meningioma\Te-me_173.jpg
Testing,meningioma,290,339,RGB,JPEG,Dataset\Testing\meningioma\Te-me_174.jpg
Testing,meningioma,212,238,RGB,JPEG,Dataset\Testing\meningioma\Te-me_175.jpg
Testing,meningioma,540,568,RGB,JPEG,Dataset\Testing\meningioma\Te-me_176.jpg
Testing,meningioma,512,512,L,JPEG,Dataset\Testing\meningioma\Te-me_177.jpg
Testing,meningioma,512,512,L,JPEG,Dataset\Testing\meningioma\Te-me_178.jpg
Testing,meningioma,341,395,RGB,JPEG,Dataset\Testing\meningioma\Te-me_179.jpg
Testing,meningioma,204,249,RGB,JPEG,Dataset\Testing\meningioma\Te-me_18.jpg
Testing,meningioma,200,235,RGB,JPEG,Dataset\Testing\meningioma\Te-me_180.jpg
Testing,meningioma,512,512,L,JPEG,Dataset\Testing\meningioma\Te-me_181.jpg
Testing,meningioma,210,240,RGB,JPEG,Dataset\Testing\meningioma\Te-me_182.jpg
Testing,meningioma,512,512,L,JPEG,Dataset\Testing\meningioma\Te-me_183.jpg
Testing,meningioma,374,370,RGB,JPEG,Dataset\Testing\meningioma\Te-me_184.jpg
Testing,meningioma,512,512,L,JPEG,Dataset\Testing\meningioma\Te-me_185.jpg
Testing,meningioma,314,195,RGB,JPEG,Dataset\Testing\meningioma\Te-me_186.jpg
Testing,meningioma,304,410,RGB,JPEG,Dataset\Testing\meningioma\Te-me_187.jpg
Testing,meningioma,512,512,L,JPEG,Dataset\Testing\meningioma\Te-me_188.jpg
Testing,meningioma,512,512,L,JPEG,Dataset\Testing\meningioma\Te-me_189.jpg
Testing,meningioma,341,372,RGB,JPEG,Dataset\Testing\meningioma\Te-me_19.jpg
Testing,meningioma,212,237,RGB,JPEG,Dataset\Testing\meningioma\Te-me_190.jpg
Testing,meningioma,512,512,L,JPEG,Dataset\Testing\meningioma\Te-me_191.jpg
Testing,meningioma,512,512,L,JPEG,Dataset\Testing\meningioma\Te-me_192.jpg
Testing,meningioma,512,512,L,JPEG,Dataset\Testing\meningioma\Te-me_193.jpg
Testing,meningioma,512,512,L,JPEG,Dataset\Testing\meningioma\Te-me_194.jpg
Testing,meningioma,238,212,RGB,JPEG,Dataset\Testing\meningioma\Te-me_195.jpg
Testing,meningioma,512,512,L,JPEG,Dataset\Testing\meningioma\Te-me_196.jpg
Testing,meningioma,442,442,RGB,JPEG,Dataset\Testing\meningioma\Te-me_197.jpg
Testing,meningioma,341,395,RGB,JPEG,Dataset\Testing\meningioma\Te-me_198.jpg
Testing,meningioma,512,512,L,JPEG,Dataset\Testing\meningioma\Te-me_199.jpg
Testing,meningioma,318,354,RGB,JPEG,Dataset\Testing\meningioma\Te-me_2.jpg
Testing,meningioma,289,354,RGB,JPEG,Dataset\Testing\meningioma\Te-me_20.jpg
Testing,meningioma,512,512,L,JPEG,Dataset\Testing\meningioma\Te-me_200.jpg
Testing,meningioma,512,512,L,JPEG,Dataset\Testing\meningioma\Te-me_201.jpg
Testing,meningioma,225,225,RGB,JPEG,Dataset\Testing\meningioma\Te-me_202.jpg
Testing,meningioma,512,512,L,JPEG,Dataset\Testing\meningioma\Te-me_203.jpg
Testing,meningioma,512,512,L,JPEG,Dataset\Testing\meningioma\Te-me_204.jpg
Testing,meningioma,225,225,RGB,JPEG,Dataset\Testing\meningioma\Te-me_205.jpg
Testing,meningioma,252,303,RGB,JPEG,Dataset\Testing\meningioma\Te-me_206.jpg
Testing,meningioma,200,223,RGB,JPEG,Dataset\Testing\meningioma\Te-me_207.jpg
Testing,meningioma,442,442,RGB,JPEG,Dataset\Testing\meningioma\Te-me_208.jpg
Testing,meningioma,512,512,L,JPEG,Dataset\Testing\meningioma\Te-me_209.jpg
Testing,meningioma,512,512,L,JPEG,Dataset\Testing\meningioma\Te-me_21.jpg
Testing,meningioma,411,396,RGB,JPEG,Dataset\Testing\meningioma\Te-me_210.jpg
Testing,meningioma,512,512,L,JPEG,Dataset\Testing\meningioma\Te-me_211.jpg
Testing,meningioma,512,512,RGB,JPEG,Dataset\Testing\meningioma\Te-me_212.jpg
Testing,meningioma,295,394,RGB,JPEG,Dataset\Testing\meningioma\Te-me_213.jpg
Testing,meningioma,528,581,RGB,JPEG,Dataset\Testing\meningioma\Te-me_214.jpg
Testing,meningioma,512,512,L,JPEG,Dataset\Testing\meningioma\Te-me_215.jpg
Testing,meningioma,300,412,RGB,JPEG,Dataset\Testing\meningioma\Te-me_216.jpg
Testing,meningioma,512,512,L,JPEG,Dataset\Testing\meningioma\Te-me_217.jpg
Testing,meningioma,512,512,L,JPEG,Dataset\Testing\meningioma\Te-me_218.jpg
Testing,meningioma,262,308,RGB,JPEG,Dataset\Testing\meningioma\Te-me_219.jpg
Testing,meningioma,512,512,L,JPEG,Dataset\Testing\meningioma\Te-me_22.jpg
Testing,meningioma,512,512,L,JPEG,Dataset\Testing\meningioma\Te-me_220.jpg
Testing,meningioma,512,512,L,JPEG,Dataset\Testing\meningioma\Te-me_221.jpg
Testing,meningioma,512,512,L,JPEG,Dataset\Testing\meningioma\Te-me_222.jpg
Testing,meningioma,722,690,RGB,JPEG,Dataset\Testing\meningioma\Te-me_223.jpg
Testing,meningioma,512,512,RGB,JPEG,Dataset\Testing\meningioma\Te-me_224.jpg
Testing,meningioma,512,512,RGB,JPEG,Dataset\Testing\meningioma\Te-me_225.jpg
Testing,meningioma,512,512,L,JPEG,Dataset\Testing\meningioma\Te-me_226.jpg
Testing,meningioma,174,230,RGB,JPEG,Dataset\Testing\meningioma\Te-me_227.jpg
Testing,meningioma,219,234,RGB,JPEG,Dataset\Testing\meningioma\Te-me_228.jpg
Testing,meningioma,441,427,RGB,JPEG,Dataset\Testing\meningioma\Te-me_229.jpg
Testing,meningioma,512,512,L,JPEG,Dataset\Testing\meningioma\Te-me_23.jpg
Testing,meningioma,367,395,RGB,JPEG,Dataset\Testing\meningioma\Te-me_230.jpg
Testing,meningioma,645,439,RGB,JPEG,Dataset\Testing\meningioma\Te-me_231.jpg
Testing,meningioma,338,345,RGB,JPEG,Dataset\Testing\meningioma\Te-me_232.jpg
Testing,meningioma,512,512,L,JPEG,Dataset\Testing\meningioma\Te-me_233.jpg
Testing,meningioma,314,358,RGB,JPEG,Dataset\Testing\meningioma\Te-me_234.jpg
Testing,meningioma,455,500,RGB,JPEG,Dataset\Testing\meningioma\Te-me_235.jpg
Testing,meningioma,512,512,L,JPEG,Dataset\Testing\meningioma\Te-me_236.jpg
Testing,meningioma,512,512,L,JPEG,Dataset\Testing\meningioma\Te-me_237.jpg
Testing,meningioma,512,512,L,JPEG,Dataset\Testing\meningioma\Te-me_238.jpg
Testing,meningioma,512,512,L,JPEG,Dataset\Testing\meningioma\Te-me_239.jpg
Testing,meningioma,512,512,L,JPEG,Dataset\Testing\meningioma\Te-me_24.jpg
Testing,meningioma,512,512,L,JPEG,Dataset\Testing\meningioma\Te-me_240.jpg
Testing,meningioma,206,249,RGB,JPEG,Dataset\Testing\meningioma\Te-me_241.jpg
Testing,meningioma,512,512,L,JPEG,Dataset\Testing\meningioma\Te-me_242.jpg
Testing,meningioma,200,252,RGB,JPEG,Dataset\Testing\meningioma\Te-me_243.jpg
Testing,meningioma,512,512,L,JPEG,Dataset\Testing\meningioma\Te-me_244.jpg
Testing,meningioma,512,512,RGB,JPEG,Dataset\Testing\meningioma\Te-me_245.jpg
Testing,meningioma,512,512,RGB,JPEG,Dataset\Testing\meningioma\Te-me_246.jpg
Testing,meningioma,512,512,L,JPEG,Dataset\Testing\meningioma\Te-me_247.jpg
Testing,meningioma,512,512,L,JPEG,Dataset\Testing\meningioma\Te-me_248.jpg
Testing,meningioma,512,512,L,JPEG,Dataset\Testing\meningioma\Te-me_249.jpg
Testing,meningioma,512,512,L,JPEG,Dataset\Testing\meningioma\Te-me_25.jpg
Testing,meningioma,512,512,L,JPEG,Dataset\Testing\meningioma\Te-me_250.jpg
Testing,meningioma,205,251,RGB,JPEG,Dataset\Testing\meningioma\Te-me_251.jpg
Testing,meningioma,213,237,RGB,JPEG,Dataset\Testing\meningioma\Te-me_252.jpg
Testing,meningioma,291,340,RGB,JPEG,Dataset\Testing\meningioma\Te-me_253.jpg
Testing,meningioma,512,512,RGB,JPEG,Dataset\Testing\meningioma\Te-me_254.jpg
Testing,meningioma,234,216,RGB,JPEG,Dataset\Testing\meningioma\Te-me_255.jpg
Testing,meningioma,512,512,L,JPEG,Dataset\Testing\meningioma\Te-me_256.jpg
Testing,meningioma,512,512,L,JPEG,Dataset\Testing\meningioma\Te-me_257.jpg
Testing,meningioma,512,512,L,JPEG,Dataset\Testing\meningioma\Te-me_258.jpg
Testing,meningioma,217,232,RGB,JPEG,Dataset\Testing\meningioma\Te-me_259.jpg
Testing,meningioma,507,605,RGB,JPEG,Dataset\Testing\meningioma\Te-me_26.jpg
Testing,meningioma,512,512,L,JPEG,Dataset\Testing\meningioma\Te-me_260.jpg
Testing,meningioma,512,512,L,JPEG,Dataset\Testing\meningioma\Te-me_261.jpg
Testing,meningioma,591,650,RGB,JPEG,Dataset\Testing\meningioma\Te-me_262.jpg
Testing,meningioma,512,512,L,JPEG,Dataset\Testing\meningioma\Te-me_263.jpg
Testing,meningioma,512,512,L,JPEG,Dataset\Testing\meningioma\Te-me_264.jpg
Testing,meningioma,225,225,RGB,JPEG,Dataset\Testing\meningioma\Te-me_265.jpg
Testing,meningioma,211,239,RGB,JPEG,Dataset\Testing\meningioma\Te-me_266.jpg
Testing,meningioma,512,512,L,JPEG,Dataset\Testing\meningioma\Te-me_267.jpg
Testing,meningioma,512,512,L,JPEG,Dataset\Testing\meningioma\Te-me_268.jpg
Testing,meningioma,512,512,RGB,JPEG,Dataset\Testing\meningioma\Te-me_269.jpg
Testing,meningioma,512,512,L,JPEG,Dataset\Testing\meningioma\Te-me_27.jpg
Testing,meningioma,210,240,RGB,JPEG,Dataset\Testing\meningioma\Te-me_270.jpg
Testing,meningioma,512,512,L,JPEG,Dataset\Testing\meningioma\Te-me_271.jpg
Testing,meningioma,534,674,RGB,JPEG,Dataset\Testing\meningioma\Te-me_272.jpg
Testing,meningioma,512,512,L,JPEG,Dataset\Testing\meningioma\Te-me_273.jpg
Testing,meningioma,201,251,RGB,JPEG,Dataset\Testing\meningioma\Te-me_274.jpg
Testing,meningioma,512,512,L,JPEG,Dataset\Testing\meningioma\Te-me_275.jpg
Testing,meningioma,416,395,RGB,JPEG,Dataset\Testing\meningioma\Te-me_276.jpg
Testing,meningioma,472,546,RGB,JPEG,Dataset\Testing\meningioma\Te-me_277.jpg
Testing,meningioma,530,526,RGB,JPEG,Dataset\Testing\meningioma\Te-me_278.jpg
Testing,meningioma,300,258,RGB,JPEG,Dataset\Testing\meningioma\Te-me_279.jpg
Testing,meningioma,512,512,L,JPEG,Dataset\Testing\meningioma\Te-me_28.jpg
Testing,meningioma,442,442,RGB,JPEG,Dataset\Testing\meningioma\Te-me_280.jpg
Testing,meningioma,512,512,L,JPEG,Dataset\Testing\meningioma\Te-me_281.jpg
Testing,meningioma,512,512,L,JPEG,Dataset\Testing\meningioma\Te-me_282.jpg
Testing,meningioma,512,512,L,JPEG,Dataset\Testing\meningioma\Te-me_283.jpg
Testing,meningioma,512,512,L,JPEG,Dataset\Testing\meningioma\Te-me_284.jpg
Testing,meningioma,1149,1019,RGB,JPEG,Dataset\Testing\meningioma\Te-me_285.jpg
Testing,meningioma,512,512,RGB,JPEG,Dataset\Testing\meningioma\Te-me_286.jpg
Testing,meningioma,512,512,L,JPEG,Dataset\Testing\meningioma\Te-me_287.jpg
Testing,meningioma,239,248,RGB,JPEG,Dataset\Testing\meningioma\Te-me_288.jpg
Testing,meningioma,512,512,L,JPEG,Dataset\Testing\meningioma\Te-me_289.jpg
Testing,meningioma,313,393,RGB,JPEG,Dataset\Testing\meningioma\Te-me_29.jpg
Testing,meningioma,213,236,RGB,JPEG,Dataset\Testing\meningioma\Te-me_290.jpg
Testing,meningioma,512,512,L,JPEG,Dataset\Testing\meningioma\Te-me_291.jpg
Testing,meningioma,512,512,L,JPEG,Dataset\Testing\meningioma\Te-me_292.jpg
Testing,meningioma,224,219,RGB,JPEG,Dataset\Testing\meningioma\Te-me_293.jpg
Testing,meningioma,512,512,L,JPEG,Dataset\Testing\meningioma\Te-me_294.jpg
Testing,meningioma,228,221,RGB,JPEG,Dataset\Testing\meningioma\Te-me_295.jpg
Testing,meningioma,315,315,RGB,JPEG,Dataset\Testing\meningioma\Te-me_296.jpg
Testing,meningioma,512,512,RGB,JPEG,Dataset\Testing\meningioma\Te-me_297.jpg
Testing,meningioma,232,261,RGB,JPEG,Dataset\Testing\meningioma\Te-me_3.jpg
Testing,meningioma,369,395,RGB,JPEG,Dataset\Testing\meningioma\Te-me_30.jpg
Testing,meningioma,225,225,RGB,JPEG,Dataset\Testing\meningioma\Te-me_31.jpg
Testing,meningioma,512,512,L,JPEG,Dataset\Testing\meningioma\Te-me_32.jpg
Testing,meningioma,512,512,RGB,JPEG,Dataset\Testing\meningioma\Te-me_33.jpg
Testing,meningioma,512,512,L,JPEG,Dataset\Testing\meningioma\Te-me_34.jpg
Testing,meningioma,512,512,L,JPEG,Dataset\Testing\meningioma\Te-me_35.jpg
Testing,meningioma,512,512,L,JPEG,Dataset\Testing\meningioma\Te-me_36.jpg
Testing,meningioma,630,423,RGB,JPEG,Dataset\Testing\meningioma\Te-me_37.jpg
Testing,meningioma,512,512,L,JPEG,Dataset\Testing\meningioma\Te-me_38.jpg
Testing,meningioma,286,356,RGB,JPEG,Dataset\Testing\meningioma\Te-me_39.jpg
Testing,meningioma,201,207,RGB,JPEG,Dataset\Testing\meningioma\Te-me_4.jpg
Testing,meningioma,512,512,L,JPEG,Dataset\Testing\meningioma\Te-me_40.jpg
Testing,meningioma,512,512,RGB,JPEG,Dataset\Testing\meningioma\Te-me_41.jpg
Testing,meningioma,214,235,RGB,JPEG,Dataset\Testing\meningioma\Te-me_42.jpg
Testing,meningioma,512,512,L,JPEG,Dataset\Testing\meningioma\Te-me_43.jpg
Testing,meningioma,512,512,L,JPEG,Dataset\Testing\meningioma\Te-me_44.jpg
Testing,meningioma,210,240,RGB,JPEG,Dataset\Testing\meningioma\Te-me_45.jpg
Testing,meningioma,512,512,RGB,JPEG,Dataset\Testing\meningioma\Te-me_46.jpg
Testing,meningioma,512,512,RGB,JPEG,Dataset\Testing\meningioma\Te-me_47.jpg
Testing,meningioma,512,512,L,JPEG,Dataset\Testing\meningioma\Te-me_48.jpg
Testing,meningioma,343,367,RGB,JPEG,Dataset\Testing\meningioma\Te-me_49.jpg
Testing,meningioma,257,248,RGB,JPEG,Dataset\Testing\meningioma\Te-me_5.jpg
Testing,meningioma,225,225,RGB,JPEG,Dataset\Testing\meningioma\Te-me_50.jpg
Testing,meningioma,512,512,RGB,JPEG,Dataset\Testing\meningioma\Te-me_51.jpg
Testing,meningioma,351,398,RGB,JPEG,Dataset\Testing\meningioma\Te-me_52.jpg
Testing,meningioma,512,512,L,JPEG,Dataset\Testing\meningioma\Te-me_53.jpg
Testing,meningioma,312,401,RGB,JPEG,Dataset\Testing\meningioma\Te-me_54.jpg
Testing,meningioma,512,512,L,JPEG,Dataset\Testing\meningioma\Te-me_55.jpg
Testing,meningioma,512,512,L,JPEG,Dataset\Testing\meningioma\Te-me_56.jpg
Testing,meningioma,512,512,L,JPEG,Dataset\Testing\meningioma\Te-me_57.jpg
Testing,meningioma,512,512,L,JPEG,Dataset\Testing\meningioma\Te-me_58.jpg
Testing,meningioma,512,512,L,JPEG,Dataset\Testing\meningioma\Te-me_59.jpg
Testing,meningioma,440,278,RGB,JPEG,Dataset\Testing\meningioma\Te-me_6.jpg
Testing,meningioma,512,512,L,JPEG,Dataset\Testing\meningioma\Te-me_60.jpg
Testing,meningioma,554,554,RGB,JPEG,Dataset\Testing\meningioma\Te-me_61.jpg
Testing,meningioma,206,245,RGB,JPEG,Dataset\Testing\meningioma\Te-me_62.jpg
Testing,meningioma,512,512,L,JPEG,Dataset\Testing\meningioma\Te-me_63.jpg
Testing,meningioma,512,512,L,JPEG,Dataset\Testing\meningioma\Te-me_64.jpg
Testing,meningioma,512,512,L,JPEG,Dataset\Testing\meningioma\Te-me_65.jpg
Testing,meningioma,278,306,RGB,JPEG,Dataset\Testing\meningioma\Te-me_66.jpg
Testing,meningioma,512,512,L,JPEG,Dataset\Testing\meningioma\Te-me_67.jpg
Testing,meningioma,512,512,RGB,JPEG,Dataset\Testing\meningioma\Te-me_68.jpg
Testing,meningioma,512,512,L,JPEG,Dataset\Testing\meningioma\Te-me_69.jpg
Testing,meningioma,512,512,L,JPEG,Dataset\Testing\meningioma\Te-me_7.jpg
Testing,meningioma,228,221,RGB,JPEG,Dataset\Testing\meningioma\Te-me_70.jpg
Testing,meningioma,273,326,RGB,JPEG,Dataset\Testing\meningioma\Te-me_71.jpg
Testing,meningioma,512,512,L,JPEG,Dataset\Testing\meningioma\Te-me_72.jpg
Testing,meningioma,512,512,L,JPEG,Dataset\Testing\meningioma\Te-me_73.jpg
Testing,meningioma,512,512,L,JPEG,Dataset\Testing\meningioma\Te-me_74.jpg
Testing,meningioma,315,341,RGB,JPEG,Dataset\Testing\meningioma\Te-me_75.jpg
Testing,meningioma,512,512,L,JPEG,Dataset\Testing\meningioma\Te-me_76.jpg
Testing,meningioma,512,512,L,JPEG,Dataset\Testing\meningioma\Te-me_77.jpg
Testing,meningioma,512,512,RGB,JPEG,Dataset\Testing\meningioma\Te-me_78.jpg
Testing,meningioma,512,512,L,JPEG,Dataset\Testing\meningioma\Te-me_79.jpg
Testing,meningioma,214,216,RGB,JPEG,Dataset\Testing\meningioma\Te-me_8.jpg
Testing,meningioma,512,512,L,JPEG,Dataset\Testing\meningioma\Te-me_80.jpg
Testing,meningioma,221,228,RGB,JPEG,Dataset\Testing\meningioma\Te-me_81.jpg
Testing,meningioma,225,225,RGB,JPEG,Dataset\Testing\meningioma\Te-me_82.jpg
Testing,meningioma,369,398,RGB,JPEG,Dataset\Testing\meningioma\Te-me_83.jpg
Testing,meningioma,512,512,L,JPEG,Dataset\Testing\meningioma\Te-me_84.jpg
Testing,meningioma,512,512,RGB,JPEG,Dataset\Testing\meningioma\Te-me_85.jpg
Testing,meningioma,256,256,RGB,JPEG,Dataset\Testing\meningioma\Te-me_86.jpg
Testing,meningioma,512,512,L,JPEG,Dataset\Testing\meningioma\Te-me_87.jpg
Testing,meningioma,512,512,L,JPEG,Dataset\Testing\meningioma\Te-me_88.jpg
Testing,meningioma,512,512,L,JPEG,Dataset\Testing\meningioma\Te-me_89.jpg
Testing,meningioma,330,355,RGB,JPEG,Dataset\Testing\meningioma\Te-me_9.jpg
Testing,meningioma,512,512,L,JPEG,Dataset\Testing\meningioma\Te-me_90.jpg
Testing,meningioma,512,512,L,JPEG,Dataset\Testing\meningioma\Te-me_91.jpg
Testing,meningioma,512,512,L,JPEG,Dataset\Testing\meningioma\Te-me_92.jpg
Testing,meningioma,491,624,RGB,JPEG,Dataset\Testing\meningioma\Te-me_93.jpg
Testing,meningioma,215,234,RGB,JPEG,Dataset\Testing\meningioma\Te-me_94.jpg
Testing,meningioma,208,243,RGB,JPEG,Dataset\Testing\meningioma\Te-me_95.jpg
Testing,meningioma,554,554,RGB,JPEG,Dataset\Testing\meningioma\Te-me_96.jpg
Testing,meningioma,512,512,L,JPEG,Dataset\Testing\meningioma\Te-me_97.jpg
Testing,meningioma,512,512,L,JPEG,Dataset\Testing\meningioma\Te-me_98.jpg
Testing,meningioma,512,512,L,JPEG,Dataset\Testing\meningioma\Te-me_99.jpg
Testing,notumor,200,252,RGB,JPEG,Dataset\Testing\notumor\Te-no_1.jpg
Testing,notumor,225,225,RGB,JPEG,Dataset\Testing\notumor\Te-no_10.jpg
Testing,notumor,442,442,RGB,JPEG,Dataset\Testing\notumor\Te-no_100.jpg
Testing,notumor,227,222,RGB,JPEG,Dataset\Testing\notumor\Te-no_101.jpg
Testing,notumor,428,417,RGB,JPEG,Dataset\Testing\notumor\Te-no_102.jpg
Testing,notumor,275,183,RGB,JPEG,Dataset\Testing\notumor\Te-no_103.jpg
Testing,notumor,225,225,RGB,JPEG,Dataset\Testing\notumor\Te-no_104.jpg
Testing,notumor,232,217,RGB,JPEG,Dataset\Testing\notumor\Te-no_105.jpg
Testing,notumor,150,198,RGB,JPEG,Dataset\Testing\notumor\Te-no_106.jpg
Testing,notumor,232,217,RGB,JPEG,Dataset\Testing\notumor\Te-no_107.jpg
Testing,notumor,225,225,RGB,JPEG,Dataset\Testing\notumor\Te-no_108.jpg
Testing,notumor,356,474,RGB,JPEG,Dataset\Testing\notumor\Te-no_109.jpg
Testing,notumor,220,275,L,JPEG,Dataset\Testing\notumor\Te-no_11.jpg
Testing,notumor,300,168,RGB,JPEG,Dataset\Testing\notumor\Te-no_110.jpg
Testing,notumor,420,280,RGB,JPEG,Dataset\Testing\notumor\Te-no_111.jpg
Testing,notumor,225,225,RGB,JPEG,Dataset\Testing\notumor\Te-no_112.jpg
Testing,notumor,225,225,RGB,JPEG,Dataset\Testing\notumor\Te-no_113.jpg
Testing,notumor,428,417,RGB,JPEG,Dataset\Testing\notumor\Te-no_114.jpg
Testing,notumor,150,198,RGB,JPEG,Dataset\Testing\notumor\Te-no_115.jpg
Testing,notumor,225,225,RGB,JPEG,Dataset\Testing\notumor\Te-no_116.jpg
Testing,notumor,225,225,RGB,JPEG,Dataset\Testing\notumor\Te-no_117.jpg
Testing,notumor,173,201,RGB,JPEG,Dataset\Testing\notumor\Te-no_118.jpg
Testing,notumor,504,540,RGB,JPEG,Dataset\Testing\notumor\Te-no_119.jpg
Testing,notumor,227,222,RGB,JPEG,Dataset\Testing\notumor\Te-no_12.jpg
Testing,notumor,227,262,RGB,JPEG,Dataset\Testing\notumor\Te-no_120.jpg
Testing,notumor,236,236,RGB,JPEG,Dataset\Testing\notumor\Te-no_121.jpg
Testing,notumor,680,680,RGB,JPEG,Dataset\Testing\notumor\Te-no_122.jpg
Testing,notumor,225,225,RGB,JPEG,Dataset\Testing\notumor\Te-no_123.jpg
Testing,notumor,225,225,RGB,JPEG,Dataset\Testing\notumor\Te-no_124.jpg
Testing,notumor,630,630,RGB,JPEG,Dataset\Testing\notumor\Te-no_125.jpg
Testing,notumor,192,192,RGB,JPEG,Dataset\Testing\notumor\Te-no_126.jpg
Testing,notumor,428,417,RGB,JPEG,Dataset\Testing\notumor\Te-no_127.jpg
Testing,notumor,630,630,RGB,JPEG,Dataset\Testing\notumor\Te-no_128.jpg
Testing,notumor,227,222,RGB,JPEG,Dataset\Testing\notumor\Te-no_129.jpg
Testing,notumor,225,225,RGB,JPEG,Dataset\Testing\notumor\Te-no_13.jpg
Testing,notumor,206,244,RGB,JPEG,Dataset\Testing\notumor\Te-no_130.jpg
Testing,notumor,428,417,RGB,JPEG,Dataset\Testing\notumor\Te-no_131.jpg
Testing,notumor,276,326,RGB,JPEG,Dataset\Testing\notumor\Te-no_132.jpg
Testing,notumor,228,221,RGB,JPEG,Dataset\Testing\notumor\Te-no_133.jpg
Testing,notumor,225,225,RGB,JPEG,Dataset\Testing\notumor\Te-no_134.jpg
Testing,notumor,232,217,RGB,JPEG,Dataset\Testing\notumor\Te-no_135.jpg
Testing,notumor,150,198,RGB,JPEG,Dataset\Testing\notumor\Te-no_136.jpg
Testing,notumor,215,234,RGB,JPEG,Dataset\Testing\notumor\Te-no_137.jpg
Testing,notumor,468,444,RGB,JPEG,Dataset\Testing\notumor\Te-no_138.jpg
Testing,notumor,173,201,RGB,JPEG,Dataset\Testing\notumor\Te-no_139.jpg
Testing,notumor,232,217,RGB,JPEG,Dataset\Testing\notumor\Te-no_14.jpg
Testing,notumor,225,225,RGB,JPEG,Dataset\Testing\notumor\Te-no_140.jpg
Testing,notumor,225,225,RGB,JPEG,Dataset\Testing\notumor\Te-no_141.jpg
Testing,notumor,232,217,RGB,JPEG,Dataset\Testing\notumor\Te-no_142.jpg
Testing,notumor,236,213,RGB,JPEG,Dataset\Testing\notumor\Te-no_143.jpg
Testing,notumor,630,630,RGB,JPEG,Dataset\Testing\notumor\Te-no_144.jpg
Testing,notumor,225,225,RGB,JPEG,Dataset\Testing\notumor\Te-no_145.jpg
Testing,notumor,300,168,RGB,JPEG,Dataset\Testing\notumor\Te-no_146.jpg
Testing,notumor,227,222,RGB,JPEG,Dataset\Testing\notumor\Te-no_147.jpg
Testing,notumor,207,243,RGB,JPEG,Dataset\Testing\notumor\Te-no_148.jpg
Testing,notumor,300,168,RGB,JPEG,Dataset\Testing\notumor\Te-no_149.jpg
Testing,notumor,225,225,RGB,JPEG,Dataset\Testing\notumor\Te-no_15.jpg
Testing,notumor,236,251,RGB,JPEG,Dataset\Testing\notumor\Te-no_150.jpg
Testing,notumor,194,259,RGB,JPEG,Dataset\Testing\notumor\Te-no_151.jpg
Testing,notumor,225,225,RGB,JPEG,Dataset\Testing\notumor\Te-no_152.jpg
Testing,notumor,276,326,RGB,JPEG,Dataset\Testing\notumor\Te-no_153.jpg
Testing,notumor,339,340,RGB,JPEG,Dataset\Testing\notumor\Te-no_154.jpg
Testing,notumor,228,221,RGB,JPEG,Dataset\Testing\notumor\Te-no_155.jpg
Testing,notumor,200,252,RGB,JPEG,Dataset\Testing\notumor\Te-no_156.jpg
Testing,notumor,225,225,RGB,JPEG,Dataset\Testing\notumor\Te-no_157.jpg
Testing,notumor,173,201,RGB,JPEG,Dataset\Testing\notumor\Te-no_158.jpg
Testing,notumor,236,236,RGB,JPEG,Dataset\Testing\notumor\Te-no_159.jpg
Testing,notumor,380,530,RGB,JPEG,Dataset\Testing\notumor\Te-no_16.jpg
Testing,notumor,442,442,RGB,JPEG,Dataset\Testing\notumor\Te-no_160.jpg
Testing,notumor,428,417,RGB,JPEG,Dataset\Testing\notumor\Te-no_161.jpg
Testing,notumor,504,540,RGB,JPEG,Dataset\Testing\notumor\Te-no_162.jpg
Testing,notumor,630,630,RGB,JPEG,Dataset\Testing\notumor\Te-no_163.jpg
Testing,notumor,642,361,RGB,JPEG,Dataset\Testing\notumor\Te-no_164.jpg
Testing,notumor,400,442,RGB,JPEG,Dataset\Testing\notumor\Te-no_165.jpg
Testing,notumor,630,630,RGB,JPEG,Dataset\Testing\notumor\Te-no_166.jpg
Testing,notumor,236,236,RGB,JPEG,Dataset\Testing\notumor\Te-no_167.jpg
Testing,notumor,227,222,RGB,JPEG,Dataset\Testing\notumor\Te-no_168.jpg
Testing,notumor,512,512,RGB,JPEG,Dataset\Testing\notumor\Te-no_169.jpg
Testing,notumor,228,221,RGB,JPEG,Dataset\Testing\notumor\Te-no_17.jpg
Testing,notumor,225,225,RGB,JPEG,Dataset\Testing\notumor\Te-no_170.jpg
Testing,notumor,173,201,RGB,JPEG,Dataset\Testing\notumor\Te-no_171.jpg
Testing,notumor,442,454,RGB,JPEG,Dataset\Testing\notumor\Te-no_172.jpg
Testing,notumor,232,217,RGB,JPEG,Dataset\Testing\notumor\Te-no_173.jpg
Testing,notumor,441,442,RGB,JPEG,Dataset\Testing\notumor\Te-no_174.jpg
Testing,notumor,227,222,RGB,JPEG,Dataset\Testing\notumor\Te-no_175.jpg
Testing,notumor,218,231,RGB,JPEG,Dataset\Testing\notumor\Te-no_176.jpg
Testing,notumor,630,630,RGB,JPEG,Dataset\Testing\notumor\Te-no_177.jpg
Testing,notumor,201,250,RGB,JPEG,Dataset\Testing\notumor\Te-no_178.jpg
Testing,notumor,228,221,RGB,JPEG,Dataset\Testing\notumor\Te-no_179.jpg
Testing,notumor,230,282,RGB,JPEG,Dataset\Testing\notumor\Te-no_18.jpg
Testing,notumor,630,630,RGB,JPEG,Dataset\Testing\notumor\Te-no_180.jpg
Testing,notumor,218,231,RGB,JPEG,Dataset\Testing\notumor\Te-no_181.jpg
Testing,notumor,200,252,RGB,JPEG,Dataset\Testing\notumor\Te-no_182.jpg
Testing,notumor,150,198,RGB,JPEG,Dataset\Testing\notumor\Te-no_183.jpg
Testing,notumor,201,251,RGB,JPEG,Dataset\Testing\notumor\Te-no_184.jpg
Testing,notumor,428,417,RGB,JPEG,Dataset\Testing\notumor\Te-no_185.jpg
Testing,notumor,173,201,RGB,JPEG,Dataset\Testing\notumor\Te-no_186.jpg
Testing,notumor,468,444,RGB,JPEG,Dataset\Testing\notumor\Te-no_187.jpg
Testing,notumor,206,244,RGB,JPEG,Dataset\Testing\notumor\Te-no_188.jpg
Testing,notumor,225,225,RGB,JPEG,Dataset\Testing\notumor\Te-no_189.jpg
Testing,notumor,192,192,RGB,JPEG,Dataset\Testing\notumor\Te-no_19.jpg
Testing,notumor,300,168,RGB,JPEG,Dataset\Testing\notumor\Te-no_190.jpg
Testing,notumor,642,361,RGB,JPEG,Dataset\Testing\notumor\Te-no_191.jpg
Testing,notumor,215,234,RGB,JPEG,Dataset\Testing\notumor\Te-no_192.jpg
Testing,notumor,206,244,RGB,JPEG,Dataset\Testing\notumor\Te-no_193.jpg
Testing,notumor,234,224,RGB,JPEG,Dataset\Testing\notumor\Te-no_194.jpg
Testing,notumor,428,417,RGB,JPEG,Dataset\Testing\notumor\Te-no_195.jpg
Testing,notumor,300,168,RGB,JPEG,Dataset\Testing\notumor\Te-no_196.jpg
Testing,notumor,441,442,RGB,JPEG,Dataset\Testing\notumor\Te-no_197.jpg
Testing,notumor,227,222,RGB,JPEG,Dataset\Testing\notumor\Te-no_198.jpg
Testing,notumor,215,234,RGB,JPEG,Dataset\Testing\notumor\Te-no_199.jpg
Testing,notumor,232,217,RGB,JPEG,Dataset\Testing\notumor\Te-no_2.jpg
Testing,notumor,393,400,RGB,JPEG,Dataset\Testing\notumor\Te-no_20.jpg
Testing,notumor,642,361,RGB,JPEG,Dataset\Testing\notumor\Te-no_200.jpg
Testing,notumor,227,262,RGB,JPEG,Dataset\Testing\notumor\Te-no_201.jpg
Testing,notumor,225,225,RGB,JPEG,Dataset\Testing\notumor\Te-no_202.jpg
Testing,notumor,225,225,RGB,JPEG,Dataset\Testing\notumor\Te-no_203.jpg
Testing,notumor,380,530,RGB,JPEG,Dataset\Testing\notumor\Te-no_204.jpg
Testing,notumor,232,217,RGB,JPEG,Dataset\Testing\notumor\Te-no_205.jpg
Testing,notumor,504,540,RGB,JPEG,Dataset\Testing\notumor\Te-no_206.jpg
Testing,notumor,225,225,RGB,JPEG,Dataset\Testing\notumor\Te-no_207.jpg
Testing,notumor,225,225,RGB,JPEG,Dataset\Testing\notumor\Te-no_208.jpg
Testing,notumor,225,225,RGB,JPEG,Dataset\Testing\notumor\Te-no_209.jpg
Testing,notumor,225,225,RGB,JPEG,Dataset\Testing\notumor\Te-no_21.jpg
Testing,notumor,642,361,RGB,JPEG,Dataset\Testing\notumor\Te-no_210.jpg
Testing,notumor,428,417,RGB,JPEG,Dataset\Testing\notumor\Te-no_211.jpg
Testing,notumor,225,225,RGB,JPEG,Dataset\Testing\notumor\Te-no_212.jpg
Testing,notumor,225,225,RGB,JPEG,Dataset\Testing\notumor\Te-no_213.jpg
Testing,notumor,276,326,RGB,JPEG,Dataset\Testing\notumor\Te-no_214.jpg
Testing,notumor,236,213,RGB,JPEG,Dataset\Testing\notumor\Te-no_215.jpg
Testing,notumor,200,252,RGB,JPEG,Dataset\Testing\notumor\Te-no_216.jpg
Testing,notumor,300,168,RGB,JPEG,Dataset\Testing\notumor\Te-no_217.jpg
Testing,notumor,206,244,RGB,JPEG,Dataset\Testing\notumor\Te-no_218.jpg
Testing,notumor,194,259,RGB,JPEG,Dataset\Testing\notumor\Te-no_219.jpg
Testing,notumor,235,214,RGB,JPEG,Dataset\Testing\notumor\Te-no_22.jpg
Testing,notumor,350,393,RGB,JPEG,Dataset\Testing\notumor\Te-no_220.jpg
Testing,notumor,380,530,RGB,JPEG,Dataset\Testing\notumor\Te-no_221.jpg
Testing,notumor,232,217,RGB,JPEG,Dataset\Testing\notumor\Te-no_222.jpg
Testing,notumor,630,630,RGB,JPEG,Dataset\Testing\notumor\Te-no_223.jpg
Testing,notumor,225,225,RGB,JPEG,Dataset\Testing\notumor\Te-no_224.jpg
Testing,notumor,512,512,RGB,JPEG,Dataset\Testing\notumor\Te-no_225.jpg
Testing,notumor,207,243,RGB,JPEG,Dataset\Testing\notumor\Te-no_226.jpg
Testing,notumor,225,225,RGB,JPEG,Dataset\Testing\notumor\Te-no_227.jpg
Testing,notumor,235,214,RGB,JPEG,Dataset\Testing\notumor\Te-no_228.jpg
Testing,notumor,215,234,RGB,JPEG,Dataset\Testing\notumor\Te-no_229.jpg
Testing,notumor,192,192,RGB,JPEG,Dataset\Testing\notumor\Te-no_23.jpg
Testing,notumor,420,280,RGB,JPEG,Dataset\Testing\notumor\Te-no_230.jpg
Testing,notumor,630,630,L,JPEG,Dataset\Testing\notumor\Te-no_231.jpg
Testing,notumor,359,449,RGB,JPEG,Dataset\Testing\notumor\Te-no_232.jpg
Testing,notumor,201,251,RGB,JPEG,Dataset\Testing\notumor\Te-no_233.jpg
Testing,notumor,200,252,RGB,JPEG,Dataset\Testing\notumor\Te-no_234.jpg
Testing,notumor,227,222,RGB,JPEG,Dataset\Testing\notumor\Te-no_235.jpg
Testing,notumor,225,225,RGB,JPEG,Dataset\Testing\notumor\Te-no_236.jpg
Testing,notumor,232,217,RGB,JPEG,Dataset\Testing\notumor\Te-no_237.jpg
Testing,notumor,225,225,RGB,JPEG,Dataset\Testing\notumor\Te-no_238.jpg
Testing,notumor,206,244,RGB,JPEG,Dataset\Testing\notumor\Te-no_239.jpg
Testing,notumor,227,222,RGB,JPEG,Dataset\Testing\notumor\Te-no_24.jpg
Testing,notumor,393,400,RGB,JPEG,Dataset\Testing\notumor\Te-no_240.jpg
Testing,notumor,232,217,RGB,JPEG,Dataset\Testing\notumor\Te-no_241.jpg
Testing,notumor,225,225,RGB,JPEG,Dataset\Testing\notumor\Te-no_242.jpg
Testing,notumor,227,222,RGB,JPEG,Dataset\Testing\notumor\Te-no_243.jpg
Testing,notumor,225,225,RGB,JPEG,Dataset\Testing\notumor\Te-no_244.jpg
Testing,notumor,400,442,RGB,JPEG,Dataset\Testing\notumor\Te-no_245.jpg
Testing,notumor,630,630,RGB,JPEG,Dataset\Testing\notumor\Te-no_246.jpg
Testing,notumor,194,259,RGB,JPEG,Dataset\Testing\notumor\Te-no_247.jpg
Testing,notumor,630,630,L,JPEG,Dataset\Testing\notumor\Te-no_248.jpg
Testing,notumor,225,225,RGB,JPEG,Dataset\Testing\notumor\Te-no_249.jpg
Testing,notumor,227,222,RGB,JPEG,Dataset\Testing\notumor\Te-no_25.jpg
Testing,notumor,232,217,RGB,JPEG,Dataset\Testing\notumor\Te-no_250.jpg
Testing,notumor,214,236,RGB,JPEG,Dataset\Testing\notumor\Te-no_251.jpg
Testing,notumor,442,442,RGB,JPEG,Dataset\Testing\notumor\Te-no_252.jpg
Testing,notumor,201,251,RGB,JPEG,Dataset\Testing\notumor\Te-no_253.jpg
Testing,notumor,225,225,RGB,JPEG,Dataset\Testing\notumor\Te-no_254.jpg
Testing,notumor,218,231,RGB,JPEG,Dataset\Testing\notumor\Te-no_255.jpg
Testing,notumor,630,630,RGB,JPEG,Dataset\Testing\notumor\Te-no_256.jpg
Testing,notumor,225,225,RGB,JPEG,Dataset\Testing\notumor\Te-no_257.jpg
Testing,notumor,225,225,RGB,JPEG,Dataset\Testing\notumor\Te-no_258.jpg
Testing,notumor,232,217,RGB,JPEG,Dataset\Testing\notumor\Te-no_259.jpg
Testing,notumor,442,442,RGB,JPEG,Dataset\Testing\notumor\Te-no_26.jpg
Testing,notumor,225,225,RGB,JPEG,Dataset\Testing\notumor\Te-no_260.jpg
Testing,notumor,225,225,RGB,JPEG,Dataset\Testing\notumor\Te-no_261.jpg
Testing,notumor,173,201,RGB,JPEG,Dataset\Testing\notumor\Te-no_262.jpg
Testing,notumor,227,262,RGB,JPEG,Dataset\Testing\notumor\Te-no_263.jpg
Testing,notumor,201,251,RGB,JPEG,Dataset\Testing\notumor\Te-no_264.jpg
Testing,notumor,212,238,RGB,JPEG,Dataset\Testing\notumor\Te-no_265.jpg
Testing,notumor,225,225,RGB,JPEG,Dataset\Testing\notumor\Te-no_266.jpg
Testing,notumor,150,198,RGB,JPEG,Dataset\Testing\notumor\Te-no_267.jpg
Testing,notumor,201,251,RGB,JPEG,Dataset\Testing\notumor\Te-no_268.jpg
Testing,notumor,206,244,RGB,JPEG,Dataset\Testing\notumor\Te-no_269.jpg
Testing,notumor,194,259,RGB,JPEG,Dataset\Testing\notumor\Te-no_27.jpg
Testing,notumor,276,326,RGB,JPEG,Dataset\Testing\notumor\Te-no_270.jpg
Testing,notumor,630,630,L,JPEG,Dataset\Testing\notumor\Te-no_271.jpg
Testing,notumor,228,221,RGB,JPEG,Dataset\Testing\notumor\Te-no_272.jpg
Testing,notumor,208,242,RGB,JPEG,Dataset\Testing\notumor\Te-no_273.jpg
Testing,notumor,300,168,RGB,JPEG,Dataset\Testing\notumor\Te-no_274.jpg
Testing,notumor,225,225,RGB,JPEG,Dataset\Testing\notumor\Te-no_275.jpg
Testing,notumor,630,630,RGB,JPEG,Dataset\Testing\notumor\Te-no_276.jpg
Testing,notumor,177,197,RGB,JPEG,Dataset\Testing\notumor\Te-no_277.jpg
Testing,notumor,359,449,RGB,JPEG,Dataset\Testing\notumor\Te-no_278.jpg
Testing,notumor,200,252,RGB,JPEG,Dataset\Testing\notumor\Te-no_279.jpg
Testing,notumor,225,225,RGB,JPEG,Dataset\Testing\notumor\Te-no_28.jpg
Testing,notumor,208,242,RGB,JPEG,Dataset\Testing\notumor\Te-no_280.jpg
Testing,notumor,206,244,RGB,JPEG,Dataset\Testing\notumor\Te-no_281.jpg
Testing,notumor,225,225,RGB,JPEG,Dataset\Testing\notumor\Te-no_282.jpg
Testing,notumor,201,251,RGB,JPEG,Dataset\Testing\notumor\Te-no_283.jpg
Testing,notumor,225,225,RGB,JPEG,Dataset\Testing\notumor\Te-no_284.jpg
Testing,notumor,225,225,RGB,JPEG,Dataset\Testing\notumor\Te-no_285.jpg
Testing,notumor,232,217,RGB,JPEG,Dataset\Testing\notumor\Te-no_286.jpg
Testing,notumor,192,192,RGB,JPEG,Dataset\Testing\notumor\Te-no_287.jpg
Testing,notumor,235,214,RGB,JPEG,Dataset\Testing\notumor\Te-no_288.jpg
Testing,notumor,207,243,RGB,JPEG,Dataset\Testing\notumor\Te-no_289.jpg
Testing,notumor,300,168,RGB,JPEG,Dataset\Testing\notumor\Te-no_29.jpg
Testing,notumor,225,225,RGB,JPEG,Dataset\Testing\notumor\Te-no_290.jpg
Testing,notumor,228,221,RGB,JPEG,Dataset\Testing\notumor\Te-no_291.jpg
Testing,notumor,201,250,RGB,JPEG,Dataset\Testing\notumor\Te-no_292.jpg
Testing,notumor,550,664,RGB,JPEG,Dataset\Testing\notumor\Te-no_293.jpg
Testing,notumor,227,262,RGB,JPEG,Dataset\Testing\notumor\Te-no_294.jpg
Testing,notumor,228,221,RGB,JPEG,Dataset\Testing\notumor\Te-no_295.jpg
Testing,notumor,173,201,RGB,JPEG,Dataset\Testing\notumor\Te-no_296.jpg
Testing,notumor,200,252,RGB,JPEG,Dataset\Testing\notumor\Te-no_297.jpg
Testing,notumor,642,361,RGB,JPEG,Dataset\Testing\notumor\Te-no_298.jpg
Testing,notumor,228,221,RGB,JPEG,Dataset\Testing\notumor\Te-no_299.jpg
Testing,notumor,208,242,RGB,JPEG,Dataset\Testing\notumor\Te-no_3.jpg
Testing,notumor,300,168,RGB,JPEG,Dataset\Testing\notumor\Te-no_30.jpg
Testing,notumor,150,198,RGB,JPEG,Dataset\Testing\notumor\Te-no_300.jpg
Testing,notumor,208,242,RGB,JPEG,Dataset\Testing\notumor\Te-no_301.jpg
Testing,notumor,150,198,RGB,JPEG,Dataset\Testing\notumor\Te-no_302.jpg
Testing,notumor,227,222,RGB,JPEG,Dataset\Testing\notumor\Te-no_303.jpg
Testing,notumor,150,198,RGB,JPEG,Dataset\Testing\notumor\Te-no_304.jpg
Testing,notumor,225,225,RGB,JPEG,Dataset\Testing\notumor\Te-no_305.jpg
Testing,notumor,642,361,RGB,JPEG,Dataset\Testing\notumor\Te-no_306.jpg
Testing,notumor,400,442,RGB,JPEG,Dataset\Testing\notumor\Te-no_307.jpg
Testing,notumor,208,242,RGB,JPEG,Dataset\Testing\notumor\Te-no_308.jpg
Testing,notumor,512,512,RGB,JPEG,Dataset\Testing\notumor\Te-no_309.jpg
Testing,notumor,468,444,RGB,JPEG,Dataset\Testing\notumor\Te-no_31.jpg
Testing,notumor,468,444,RGB,JPEG,Dataset\Testing\notumor\Te-no_310.jpg
Testing,notumor,228,221,RGB,JPEG,Dataset\Testing\notumor\Te-no_311.jpg
Testing,notumor,228,221,RGB,JPEG,Dataset\Testing\notumor\Te-no_312.jpg
Testing,notumor,228,221,RGB,JPEG,Dataset\Testing\notumor\Te-no_313.jpg
Testing,notumor,225,225,RGB,JPEG,Dataset\Testing\notumor\Te-no_314.jpg
Testing,notumor,236,236,RGB,JPEG,Dataset\Testing\notumor\Te-no_315.jpg
Testing,notumor,442,454,RGB,JPEG,Dataset\Testing\notumor\Te-no_316.jpg
Testing,notumor,232,217,RGB,JPEG,Dataset\Testing\notumor\Te-no_317.jpg
Testing,notumor,227,262,RGB,JPEG,Dataset\Testing\notumor\Te-no_318.jpg
Testing,notumor,300,168,RGB,JPEG,Dataset\Testing\notumor\Te-no_319.jpg
Testing,notumor,228,221,RGB,JPEG,Dataset\Testing\notumor\Te-no_32.jpg
Testing,notumor,207,243,RGB,JPEG,Dataset\Testing\notumor\Te-no_320.jpg
Testing,notumor,200,252,RGB,JPEG,Dataset\Testing\notumor\Te-no_321.jpg
Testing,notumor,359,449,RGB,JPEG,Dataset\Testing\notumor\Te-no_322.jpg
Testing,notumor,359,449,RGB,JPEG,Dataset\Testing\notumor\Te-no_323.jpg
Testing,notumor,201,251,RGB,JPEG,Dataset\Testing\notumor\Te-no_324.jpg
Testing,notumor,228,221,RGB,JPEG,Dataset\Testing\notumor\Te-no_325.jpg
Testing,notumor,225,225,RGB,JPEG,Dataset\Testing\notumor\Te-no_326.jpg
Testing,notumor,227,222,RGB,JPEG,Dataset\Testing\notumor\Te-no_327.jpg
Testing,notumor,232,217,RGB,JPEG,Dataset\Testing\notumor\Te-no_328.jpg
Testing,notumor,227,222,RGB,JPEG,Dataset\Testing\notumor\Te-no_329.jpg
Testing,notumor,225,225,RGB,JPEG,Dataset\Testing\notumor\Te-no_33.jpg
Testing,notumor,442,442,RGB,JPEG,Dataset\Testing\notumor\Te-no_330.jpg
Testing,notumor,393,400,RGB,JPEG,Dataset\Testing\notumor\Te-no_331.jpg
Testing,notumor,200,252,RGB,JPEG,Dataset\Testing\notumor\Te-no_332.jpg
Testing,notumor,225,225,RGB,JPEG,Dataset\Testing\notumor\Te-no_333.jpg
Testing,notumor,225,225,RGB,JPEG,Dataset\Testing\notumor\Te-no_334.jpg
Testing,notumor,214,236,RGB,JPEG,Dataset\Testing\notumor\Te-no_335.jpg
Testing,notumor,428,417,RGB,JPEG,Dataset\Testing\notumor\Te-no_336.jpg
Testing,notumor,225,225,RGB,JPEG,Dataset\Testing\notumor\Te-no_337.jpg
Testing,notumor,359,449,RGB,JPEG,Dataset\Testing\notumor\Te-no_338.jpg
Testing,notumor,630,630,RGB,JPEG,Dataset\Testing\notumor\Te-no_339.jpg
Testing,notumor,400,442,RGB,JPEG,Dataset\Testing\notumor\Te-no_34.jpg
Testing,notumor,207,243,RGB,JPEG,Dataset\Testing\notumor\Te-no_340.jpg
Testing,notumor,177,197,RGB,JPEG,Dataset\Testing\notumor\Te-no_341.jpg
Testing,notumor,642,361,RGB,JPEG,Dataset\Testing\notumor\Te-no_342.jpg
Testing,notumor,208,242,RGB,JPEG,Dataset\Testing\notumor\Te-no_343.jpg
Testing,notumor,630,630,RGB,JPEG,Dataset\Testing\notumor\Te-no_344.jpg
Testing,notumor,225,225,RGB,JPEG,Dataset\Testing\notumor\Te-no_345.jpg
Testing,notumor,232,217,RGB,JPEG,Dataset\Testing\notumor\Te-no_346.jpg
Testing,notumor,212,238,RGB,JPEG,Dataset\Testing\notumor\Te-no_347.jpg
Testing,notumor,194,259,RGB,JPEG,Dataset\Testing\notumor\Te-no_348.jpg
Testing,notumor,300,168,RGB,JPEG,Dataset\Testing\notumor\Te-no_349.jpg
Testing,notumor,201,251,RGB,JPEG,Dataset\Testing\notumor\Te-no_35.jpg
Testing,notumor,207,243,RGB,JPEG,Dataset\Testing\notumor\Te-no_350.jpg
Testing,notumor,225,225,RGB,JPEG,Dataset\Testing\notumor\Te-no_351.jpg
Testing,notumor,300,168,RGB,JPEG,Dataset\Testing\notumor\Te-no_352.jpg
Testing,notumor,441,442,RGB,JPEG,Dataset\Testing\notumor\Te-no_353.jpg
Testing,notumor,276,326,RGB,JPEG,Dataset\Testing\notumor\Te-no_354.jpg
Testing,notumor,420,280,RGB,JPEG,Dataset\Testing\notumor\Te-no_355.jpg
Testing,notumor,208,242,RGB,JPEG,Dataset\Testing\notumor\Te-no_356.jpg
Testing,notumor,428,417,RGB,JPEG,Dataset\Testing\notumor\Te-no_357.jpg
Testing,notumor,201,251,RGB,JPEG,Dataset\Testing\notumor\Te-no_358.jpg
Testing,notumor,207,243,RGB,JPEG,Dataset\Testing\notumor\Te-no_359.jpg
Testing,notumor,227,262,RGB,JPEG,Dataset\Testing\notumor\Te-no_36.jpg
Testing,notumor,173,201,RGB,JPEG,Dataset\Testing\notumor\Te-no_360.jpg
Testing,notumor,275,183,RGB,JPEG,Dataset\Testing\notumor\Te-no_361.jpg
Testing,notumor,201,251,RGB,JPEG,Dataset\Testing\notumor\Te-no_362.jpg
Testing,notumor,442,442,L,JPEG,Dataset\Testing\notumor\Te-no_363.jpg
Testing,notumor,228,221,RGB,JPEG,Dataset\Testing\notumor\Te-no_364.jpg
Testing,notumor,235,233,RGB,JPEG,Dataset\Testing\notumor\Te-no_365.jpg
Testing,notumor,215,234,RGB,JPEG,Dataset\Testing\notumor\Te-no_366.jpg
Testing,notumor,275,183,RGB,JPEG,Dataset\Testing\notumor\Te-no_367.jpg
Testing,notumor,218,231,RGB,JPEG,Dataset\Testing\notumor\Te-no_368.jpg
Testing,notumor,359,449,RGB,JPEG,Dataset\Testing\notumor\Te-no_369.jpg
Testing,notumor,150,198,RGB,JPEG,Dataset\Testing\notumor\Te-no_37.jpg
Testing,notumor,215,234,RGB,JPEG,Dataset\Testing\notumor\Te-no_370.jpg
Testing,notumor,504,540,RGB,JPEG,Dataset\Testing\notumor\Te-no_371.jpg
Testing,notumor,630,630,RGB,JPEG,Dataset\Testing\notumor\Te-no_372.jpg
Testing,notumor,192,192,RGB,JPEG,Dataset\Testing\notumor\Te-no_373.jpg
Testing,notumor,225,225,RGB,JPEG,Dataset\Testing\notumor\Te-no_374.jpg
Testing,notumor,214,236,RGB,JPEG,Dataset\Testing\notumor\Te-no_375.jpg
Testing,notumor,225,225,RGB,JPEG,Dataset\Testing\notumor\Te-no_376.jpg
Testing,notumor,442,454,RGB,JPEG,Dataset\Testing\notumor\Te-no_377.jpg
Testing,notumor,235,214,RGB,JPEG,Dataset\Testing\notumor\Te-no_378.jpg
Testing,notumor,225,225,RGB,JPEG,Dataset\Testing\notumor\Te-no_379.jpg
Testing,notumor,300,168,RGB,JPEG,Dataset\Testing\notumor\Te-no_38.jpg
Testing,notumor,276,326,RGB,JPEG,Dataset\Testing\notumor\Te-no_380.jpg
Testing,notumor,208,242,RGB,JPEG,Dataset\Testing\notumor\Te-no_381.jpg
Testing,notumor,225,225,RGB,JPEG,Dataset\Testing\notumor\Te-no_382.jpg
Testing,notumor,201,251,RGB,JPEG,Dataset\Testing\notumor\Te-no_383.jpg
Testing,notumor,275,183,RGB,JPEG,Dataset\Testing\notumor\Te-no_384.jpg
Testing,notumor,200,252,RGB,JPEG,Dataset\Testing\notumor\Te-no_385.jpg
Testing,notumor,225,225,RGB,JPEG,Dataset\Testing\notumor\Te-no_386.jpg
Testing,notumor,218,231,RGB,JPEG,Dataset\Testing\notumor\Te-no_387.jpg
Testing,notumor,225,225,RGB,JPEG,Dataset\Testing\notumor\Te-no_388.jpg
Testing,notumor,196,257,RGB,JPEG,Dataset\Testing\notumor\Te-no_389.jpg
Testing,notumor,232,217,RGB,JPEG,Dataset\Testing\notumor\Te-no_39.jpg
Testing,notumor,225,225,RGB,JPEG,Dataset\Testing\notumor\Te-no_390.jpg
Testing,notumor,225,225,RGB,JPEG,Dataset\Testing\notumor\Te-no_391.jpg
Testing,notumor,201,251,RGB,JPEG,Dataset\Testing\notumor\Te-no_392.jpg
Testing,notumor,194,259,RGB,JPEG,Dataset\Testing\notumor\Te-no_393.jpg
Testing,notumor,218,231,RGB,JPEG,Dataset\Testing\notumor\Te-no_394.jpg
Testing,notumor,227,222,RGB,JPEG,Dataset\Testing\notumor\Te-no_395.jpg
Testing,notumor,227,222,RGB,JPEG,Dataset\Testing\notumor\Te-no_396.jpg
Testing,notumor,173,201,RGB,JPEG,Dataset\Testing\notumor\Te-no_397.jpg
Testing,notumor,442,454,RGB,JPEG,Dataset\Testing\notumor\Te-no_398.jpg
Testing,notumor,227,262,RGB,JPEG,Dataset\Testing\notumor\Te-no_399.jpg
Testing,notumor,359,449,RGB,JPEG,Dataset\Testing\notumor\Te-no_4.jpg
Testing,notumor,225,225,RGB,JPEG,Dataset\Testing\notumor\Te-no_40.jpg
Testing,notumor,468,444,RGB,JPEG,Dataset\Testing\notumor\Te-no_400.jpg
Testing,notumor,200,252,RGB,JPEG,Dataset\Testing\notumor\Te-no_41.jpg
Testing,notumor,225,225,RGB,JPEG,Dataset\Testing\notumor\Te-no_42.jpg
Testing,notumor,200,252,RGB,JPEG,Dataset\Testing\notumor\Te-no_43.jpg
Testing,notumor,173,201,RGB,JPEG,Dataset\Testing\notumor\Te-no_44.jpg
Testing,notumor,206,244,RGB,JPEG,Dataset\Testing\notumor\Te-no_45.jpg
Testing,notumor,225,225,RGB,JPEG,Dataset\Testing\notumor\Te-no_46.jpg
Testing,notumor,225,225,RGB,JPEG,Dataset\Testing\notumor\Te-no_47.jpg
Testing,notumor,504,540,RGB,JPEG,Dataset\Testing\notumor\Te-no_48.jpg
Testing,notumor,630,630,L,JPEG,Dataset\Testing\notumor\Te-no_49.jpg
Testing,notumor,380,530,RGB,JPEG,Dataset\Testing\notumor\Te-no_5.jpg
Testing,notumor,380,530,RGB,JPEG,Dataset\Testing\notumor\Te-no_50.jpg
Testing,notumor,235,214,RGB,JPEG,Dataset\Testing\notumor\Te-no_51.jpg
Testing,notumor,230,282,RGB,JPEG,Dataset\Testing\notumor\Te-no_52.jpg
Testing,notumor,206,244,RGB,JPEG,Dataset\Testing\notumor\Te-no_53.jpg
Testing,notumor,215,234,RGB,JPEG,Dataset\Testing\notumor\Te-no_54.jpg
Testing,notumor,227,262,RGB,JPEG,Dataset\Testing\notumor\Te-no_55.jpg
Testing,notumor,228,221,RGB,JPEG,Dataset\Testing\notumor\Te-no_56.jpg
Testing,notumor,225,225,RGB,JPEG,Dataset\Testing\notumor\Te-no_57.jpg
Testing,notumor,225,225,RGB,JPEG,Dataset\Testing\notumor\Te-no_58.jpg
Testing,notumor,630,630,RGB,JPEG,Dataset\Testing\notumor\Te-no_59.jpg
Testing,notumor,275,183,RGB,JPEG,Dataset\Testing\notumor\Te-no_6.jpg
Testing,notumor,228,221,RGB,JPEG,Dataset\Testing\notumor\Te-no_60.jpg
Testing,notumor,201,251,RGB,JPEG,Dataset\Testing\notumor\Te-no_61.jpg
Testing,notumor,201,251,RGB,JPEG,Dataset\Testing\notumor\Te-no_62.jpg
Testing,notumor,200,252,RGB,JPEG,Dataset\Testing\notumor\Te-no_63.jpg
Testing,notumor,194,259,RGB,JPEG,Dataset\Testing\notumor\Te-no_64.jpg
Testing,notumor,208,248,RGB,JPEG,Dataset\Testing\notumor\Te-no_65.jpg
Testing,notumor,642,361,RGB,JPEG,Dataset\Testing\notumor\Te-no_66.jpg
Testing,notumor,680,680,RGB,JPEG,Dataset\Testing\notumor\Te-no_67.jpg
Testing,notumor,201,251,RGB,JPEG,Dataset\Testing\notumor\Te-no_68.jpg
Testing,notumor,504,540,RGB,JPEG,Dataset\Testing\notumor\Te-no_69.jpg
Testing,notumor,218,231,RGB,JPEG,Dataset\Testing\notumor\Te-no_7.jpg
Testing,notumor,225,225,RGB,JPEG,Dataset\Testing\notumor\Te-no_70.jpg
Testing,notumor,227,222,RGB,JPEG,Dataset\Testing\notumor\Te-no_71.jpg
Testing,notumor,630,630,RGB,JPEG,Dataset\Testing\notumor\Te-no_72.jpg
Testing,notumor,150,198,RGB,JPEG,Dataset\Testing\notumor\Te-no_73.jpg
Testing,notumor,225,225,RGB,JPEG,Dataset\Testing\notumor\Te-no_74.jpg
Testing,notumor,225,225,RGB,JPEG,Dataset\Testing\notumor\Te-no_75.jpg
Testing,notumor,225,225,RGB,JPEG,Dataset\Testing\notumor\Te-no_76.jpg
Testing,notumor,236,280,RGB,JPEG,Dataset\Testing\notumor\Te-no_77.jpg
Testing,notumor,393,400,RGB,JPEG,Dataset\Testing\notumor\Te-no_78.jpg
Testing,notumor,228,221,RGB,JPEG,Dataset\Testing\notumor\Te-no_79.jpg
Testing,notumor,420,280,RGB,JPEG,Dataset\Testing\notumor\Te-no_8.jpg
Testing,notumor,275,183,RGB,JPEG,Dataset\Testing\notumor\Te-no_80.jpg
Testing,notumor,400,442,RGB,JPEG,Dataset\Testing\notumor\Te-no_81.jpg
Testing,notumor,225,225,RGB,JPEG,Dataset\Testing\notumor\Te-no_82.jpg
Testing,notumor,642,361,RGB,JPEG,Dataset\Testing\notumor\Te-no_83.jpg
Testing,notumor,225,225,RGB,JPEG,Dataset\Testing\notumor\Te-no_84.jpg
Testing,notumor,428,417,RGB,JPEG,Dataset\Testing\notumor\Te-no_85.jpg
Testing,notumor,680,680,RGB,JPEG,Dataset\Testing\notumor\Te-no_86.jpg
Testing,notumor,201,250,RGB,JPEG,Dataset\Testing\notumor\Te-no_87.jpg
Testing,notumor,630,630,RGB,JPEG,Dataset\Testing\notumor\Te-no_88.jpg
Testing,notumor,227,222,RGB,JPEG,Dataset\Testing\notumor\Te-no_89.jpg
Testing,notumor,259,194,RGB,JPEG,Dataset\Testing\notumor\Te-no_9.jpg
Testing,notumor,227,222,RGB,JPEG,Dataset\Testing\notumor\Te-no_90.jpg
Testing,notumor,215,234,RGB,JPEG,Dataset\Testing\notumor\Te-no_91.jpg
Testing,notumor,236,270,RGB,JPEG,Dataset\Testing\notumor\Te-no_92.jpg
Testing,notumor,192,192,RGB,JPEG,Dataset\Testing\notumor\Te-no_93.jpg
Testing,notumor,225,225,RGB,JPEG,Dataset\Testing\notumor\Te-no_94.jpg
Testing,notumor,225,225,RGB,JPEG,Dataset\Testing\notumor\Te-no_95.jpg
Testing,notumor,212,238,RGB,JPEG,Dataset\Testing\notumor\Te-no_96.jpg
Testing,notumor,177,197,RGB,JPEG,Dataset\Testing\notumor\Te-no_97.jpg
Testing,notumor,235,214,RGB,JPEG,Dataset\Testing\notumor\Te-no_98.jpg
Testing,notumor,150,198,RGB,JPEG,Dataset\Testing\notumor\Te-no_99.jpg
Testing,pituitary,512,512,L,JPEG,Dataset\Testing\pituitary\Te-pi_1.jpg
Testing,pituitary,512,512,L,JPEG,Dataset\Testing\pituitary\Te-pi_10.jpg
Testing,pituitary,512,512,L,JPEG,Dataset\Testing\pituitary\Te-pi_100.jpg
Testing,pituitary,512,512,RGB,JPEG,Dataset\Testing\pituitary\Te-pi_101.jpg
Testing,pituitary,512,512,L,JPEG,Dataset\Testing\pituitary\Te-pi_102.jpg
Testing,pituitary,512,512,L,JPEG,Dataset\Testing\pituitary\Te-pi_103.jpg
Testing,pituitary,256,256,L,JPEG,Dataset\Testing\pituitary\Te-pi_104.jpg
Testing,pituitary,512,512,L,JPEG,Dataset\Testing\pituitary\Te-pi_105.jpg
Testing,pituitary,512,512,L,JPEG,Dataset\Testing\pituitary\Te-pi_106.jpg
Testing,pituitary,512,512,L,JPEG,Dataset\Testing\pituitary\Te-pi_107.jpg
Testing,pituitary,512,512,L,JPEG,Dataset\Testing\pituitary\Te-pi_108.jpg
Testing,pituitary,512,512,L,JPEG,Dataset\Testing\pituitary\Te-pi_109.jpg
Testing,pituitary,512,512,L,JPEG,Dataset\Testing\pituitary\Te-pi_11.jpg
Testing,pituitary,512,512,L,JPEG,Dataset\Testing\pituitary\Te-pi_110.jpg
Testing,pituitary,512,512,L,JPEG,Dataset\Testing\pituitary\Te-pi_111.jpg
Testing,pituitary,512,512,L,JPEG,Dataset\Testing\pituitary\Te-pi_112.jpg
Testing,pituitary,512,512,L,JPEG,Dataset\Testing\pituitary\Te-pi_113.jpg
Testing,pituitary,512,512,L,JPEG,Dataset\Testing\pituitary\Te-pi_114.jpg
Testing,pituitary,512,512,RGB,JPEG,Dataset\Testing\pituitary\Te-pi_115.jpg
Testing,pituitary,512,512,L,JPEG,Dataset\Testing\pituitary\Te-pi_116.jpg
Testing,pituitary,512,512,RGB,JPEG,Dataset\Testing\pituitary\Te-pi_117.jpg
Testing,pituitary,512,512,RGB,JPEG,Dataset\Testing\pituitary\Te-pi_118.jpg
Testing,pituitary,512,512,L,JPEG,Dataset\Testing\pituitary\Te-pi_119.jpg
Testing,pituitary,512,512,L,JPEG,Dataset\Testing\pituitary\Te-pi_12.jpg
Testing,pituitary,512,512,L,JPEG,Dataset\Testing\pituitary\Te-pi_120.jpg
Testing,pituitary,512,512,L,JPEG,Dataset\Testing\pituitary\Te-pi_121.jpg
Testing,pituitary,512,512,L,JPEG,Dataset\Testing\pituitary\Te-pi_122.jpg
Testing,pituitary,512,512,L,JPEG,Dataset\Testing\pituitary\Te-pi_123.jpg
Testing,pituitary,512,512,L,JPEG,Dataset\Testing\pituitary\Te-pi_124.jpg
Testing,pituitary,512,512,L,JPEG,Dataset\Testing\pituitary\Te-pi_125.jpg
Testing,pituitary,512,512,L,JPEG,Dataset\Testing\pituitary\Te-pi_126.jpg
Testing,pituitary,512,512,RGB,JPEG,Dataset\Testing\pituitary\Te-pi_127.jpg
Testing,pituitary,512,512,L,JPEG,Dataset\Testing\pituitary\Te-pi_128.jpg
Testing,pituitary,512,512,L,JPEG,Dataset\Testing\pituitary\Te-pi_129.jpg
Testing,pituitary,512,512,L,JPEG,Dataset\Testing\pituitary\Te-pi_13.jpg
Testing,pituitary,512,512,L,JPEG,Dataset\Testing\pituitary\Te-pi_130.jpg
Testing,pituitary,512,512,L,JPEG,Dataset\Testing\pituitary\Te-pi_131.jpg
Testing,pituitary,512,512,L,JPEG,Dataset\Testing\pituitary\Te-pi_132.jpg
Testing,pituitary,512,512,L,JPEG,Dataset\Testing\pituitary\Te-pi_133.jpg
Testing,pituitary,512,512,L,JPEG,Dataset\Testing\pituitary\Te-pi_134.jpg
Testing,pituitary,512,512,L,JPEG,Dataset\Testing\pituitary\Te-pi_135.jpg
Testing,pituitary,512,512,L,JPEG,Dataset\Testing\pituitary\Te-pi_136.jpg
Testing,pituitary,512,512,L,JPEG,Dataset\Testing\pituitary\Te-pi_137.jpg
Testing,pituitary,512,512,L,JPEG,Dataset\Testing\pituitary\Te-pi_138.jpg
Testing,pituitary,512,512,RGB,JPEG,Dataset\Testing\pituitary\Te-pi_139.jpg
Testing,pituitary,512,512,L,JPEG,Dataset\Testing\pituitary\Te-pi_14.jpg
Testing,pituitary,512,512,L,JPEG,Dataset\Testing\pituitary\Te-pi_140.jpg
Testing,pituitary,512,512,RGB,JPEG,Dataset\Testing\pituitary\Te-pi_141.jpg
Testing,pituitary,512,512,L,JPEG,Dataset\Testing\pituitary\Te-pi_142.jpg
Testing,pituitary,512,512,L,JPEG,Dataset\Testing\pituitary\Te-pi_143.jpg
Testing,pituitary,512,512,L,JPEG,Dataset\Testing\pituitary\Te-pi_144.jpg
Testing,pituitary,512,512,L,JPEG,Dataset\Testing\pituitary\Te-pi_145.jpg
Testing,pituitary,512,512,L,JPEG,Dataset\Testing\pituitary\Te-pi_146.jpg
Testing,pituitary,512,512,L,JPEG,Dataset\Testing\pituitary\Te-pi_147.jpg
Testing,pituitary,512,512,L,JPEG,Dataset\Testing\pituitary\Te-pi_148.jpg
Testing,pituitary,512,512,L,JPEG,Dataset\Testing\pituitary\Te-pi_149.jpg
Testing,pituitary,512,512,L,JPEG,Dataset\Testing\pituitary\Te-pi_15.jpg
Testing,pituitary,512,512,L,JPEG,Dataset\Testing\pituitary\Te-pi_150.jpg
Testing,pituitary,512,512,L,JPEG,Dataset\Testing\pituitary\Te-pi_151.jpg
Testing,pituitary,512,512,L,JPEG,Dataset\Testing\pituitary\Te-pi_152.jpg
Testing,pituitary,512,512,L,JPEG,Dataset\Testing\pituitary\Te-pi_153.jpg
Testing,pituitary,512,512,L,JPEG,Dataset\Testing\pituitary\Te-pi_154.jpg
Testing,pituitary,512,512,L,JPEG,Dataset\Testing\pituitary\Te-pi_155.jpg
Testing,pituitary,512,512,L,JPEG,Dataset\Testing\pituitary\Te-pi_156.jpg
Testing,pituitary,512,512,L,JPEG,Dataset\Testing\pituitary\Te-pi_157.jpg
Testing,pituitary,512,512,RGB,JPEG,Dataset\Testing\pituitary\Te-pi_158.jpg
Testing,pituitary,512,512,L,JPEG,Dataset\Testing\pituitary\Te-pi_159.jpg
Testing,pituitary,512,512,L,JPEG,Dataset\Testing\pituitary\Te-pi_16.jpg
Testing,pituitary,512,512,L,JPEG,Dataset\Testing\pituitary\Te-pi_160.jpg
Testing,pituitary,512,512,L,JPEG,Dataset\Testing\pituitary\Te-pi_161.jpg
Testing,pituitary,512,512,L,JPEG,Dataset\Testing\pituitary\Te-pi_162.jpg
Testing,pituitary,512,512,L,JPEG,Dataset\Testing\pituitary\Te-pi_163.jpg
Testing,pituitary,512,512,L,JPEG,Dataset\Testing\pituitary\Te-pi_164.jpg
Testing,pituitary,512,512,L,JPEG,Dataset\Testing\pituitary\Te-pi_165.jpg
Testing,pituitary,512,512,RGB,JPEG,Dataset\Testing\pituitary\Te-pi_166.jpg
Testing,pituitary,512,512,L,JPEG,Dataset\Testing\pituitary\Te-pi_167.jpg
Testing,pituitary,512,512,RGB,JPEG,Dataset\Testing\pituitary\Te-pi_168.jpg
Testing,pituitary,512,512,L,JPEG,Dataset\Testing\pituitary\Te-pi_169.jpg
Testing,pituitary,512,512,L,JPEG,Dataset\Testing\pituitary\Te-pi_17.jpg
Testing,pituitary,512,512,RGB,JPEG,Dataset\Testing\pituitary\Te-pi_170.jpg
Testing,pituitary,512,512,L,JPEG,Dataset\Testing\pituitary\Te-pi_171.jpg
Testing,pituitary,512,512,L,JPEG,Dataset\Testing\pituitary\Te-pi_172.jpg
Testing,pituitary,512,512,L,JPEG,Dataset\Testing\pituitary\Te-pi_173.jpg
Testing,pituitary,512,512,RGB,JPEG,Dataset\Testing\pituitary\Te-pi_174.jpg
Testing,pituitary,512,512,L,JPEG,Dataset\Testing\pituitary\Te-pi_175.jpg
Testing,pituitary,512,512,RGB,JPEG,Dataset\Testing\pituitary\Te-pi_176.jpg
Testing,pituitary,512,512,L,JPEG,Dataset\Testing\pituitary\Te-pi_177.jpg
Testing,pituitary,512,512,RGB,JPEG,Dataset\Testing\pituitary\Te-pi_178.jpg
Testing,pituitary,512,512,L,JPEG,Dataset\Testing\pituitary\Te-pi_179.jpg
Testing,pituitary,512,512,L,JPEG,Dataset\Testing\pituitary\Te-pi_18.jpg
Testing,pituitary,512,512,L,JPEG,Dataset\Testing\pituitary\Te-pi_180.jpg
Testing,pituitary,512,512,L,JPEG,Dataset\Testing\pituitary\Te-pi_181.jpg
Testing,pituitary,512,512,L,JPEG,Dataset\Testing\pituitary\Te-pi_182.jpg
Testing,pituitary,512,512,L,JPEG,Dataset\Testing\pituitary\Te-pi_183.jpg
Testing,pituitary,512,512,L,JPEG,Dataset\Testing\pituitary\Te-pi_184.jpg
Testing,pituitary,512,512,L,JPEG,Dataset\Testing\pituitary\Te-pi_185.jpg
Testing,pituitary,512,512,RGB,JPEG,Dataset\Testing\pituitary\Te-pi_186.jpg
Testing,pituitary,512,512,L,JPEG,Dataset\Testing\pituitary\Te-pi_187.jpg
Testing,pituitary,512,512,L,JPEG,Dataset\Testing\pituitary\Te-pi_188.jpg
Testing,pituitary,512,512,RGB,JPEG,Dataset\Testing\pituitary\Te-pi_189.jpg
Testing,pituitary,512,512,L,JPEG,Dataset\Testing\pituitary\Te-pi_19.jpg
Testing,pituitary,512,512,L,JPEG,Dataset\Testing\pituitary\Te-pi_190.jpg
Testing,pituitary,512,512,L,JPEG,Dataset\Testing\pituitary\Te-pi_191.jpg
Testing,pituitary,512,512,L,JPEG,Dataset\Testing\pituitary\Te-pi_192.jpg
Testing,pituitary,512,512,L,JPEG,Dataset\Testing\pituitary\Te-pi_193.jpg
Testing,pituitary,512,512,L,JPEG,Dataset\Testing\pituitary\Te-pi_194.jpg
Testing,pituitary,512,512,L,JPEG,Dataset\Testing\pituitary\Te-pi_195.jpg
Testing,pituitary,512,512,L,JPEG,Dataset\Testing\pituitary\Te-pi_196.jpg
Testing,pituitary,512,512,L,JPEG,Dataset\Testing\pituitary\Te-pi_197.jpg
Testing,pituitary,512,512,L,JPEG,Dataset\Testing\pituitary\Te-pi_198.jpg
Testing,pituitary,512,512,RGB,JPEG,Dataset\Testing\pituitary\Te-pi_199.jpg
Testing,pituitary,512,512,RGB,JPEG,Dataset\Testing\pituitary\Te-pi_2.jpg
Testing,pituitary,512,512,L,JPEG,Dataset\Testing\pituitary\Te-pi_20.jpg
Testing,pituitary,512,512,L,JPEG,Dataset\Testing\pituitary\Te-pi_200.jpg
Testing,pituitary,512,512,L,JPEG,Dataset\Testing\pituitary\Te-pi_201.jpg
Testing,pituitary,512,512,L,JPEG,Dataset\Testing\pituitary\Te-pi_202.jpg
Testing,pituitary,512,512,RGB,JPEG,Dataset\Testing\pituitary\Te-pi_203.jpg
Testing,pituitary,512,512,L,JPEG,Dataset\Testing\pituitary\Te-pi_204.jpg
Testing,pituitary,512,512,L,JPEG,Dataset\Testing\pituitary\Te-pi_205.jpg
Testing,pituitary,512,512,RGB,JPEG,Dataset\Testing\pituitary\Te-pi_206.jpg
Testing,pituitary,512,512,L,JPEG,Dataset\Testing\pituitary\Te-pi_207.jpg
Testing,pituitary,512,512,L,JPEG,Dataset\Testing\pituitary\Te-pi_208.jpg
Testing,pituitary,512,512,L,JPEG,Dataset\Testing\pituitary\Te-pi_209.jpg
Testing,pituitary,512,512,L,JPEG,Dataset\Testing\pituitary\Te-pi_21.jpg
Testing,pituitary,512,512,L,JPEG,Dataset\Testing\pituitary\Te-pi_210.jpg
Testing,pituitary,512,512,L,JPEG,Dataset\Testing\pituitary\Te-pi_211.jpg
Testing,pituitary,512,512,RGB,JPEG,Dataset\Testing\pituitary\Te-pi_212.jpg
Testing,pituitary,512,512,L,JPEG,Dataset\Testing\pituitary\Te-pi_213.jpg
Testing,pituitary,512,512,L,JPEG,Dataset\Testing\pituitary\Te-pi_214.jpg
Testing,pituitary,512,512,L,JPEG,Dataset\Testing\pituitary\Te-pi_215.jpg
Testing,pituitary,512,512,L,JPEG,Dataset\Testing\pituitary\Te-pi_216.jpg
Testing,pituitary,256,256,L,JPEG,Dataset\Testing\pituitary\Te-pi_217.jpg
Testing,pituitary,512,512,L,JPEG,Dataset\Testing\pituitary\Te-pi_218.jpg
Testing,pituitary,512,512,L,JPEG,Dataset\Testing\pituitary\Te-pi_219.jpg
Testing,pituitary,512,512,L,JPEG,Dataset\Testing\pituitary\Te-pi_22.jpg
Testing,pituitary,512,512,L,JPEG,Dataset\Testing\pituitary\Te-pi_220.jpg
Testing,pituitary,512,512,L,JPEG,Dataset\Testing\pituitary\Te-pi_221.jpg
Testing,pituitary,512,512,L,JPEG,Dataset\Testing\pituitary\Te-pi_222.jpg
Testing,pituitary,512,512,L,JPEG,Dataset\Testing\pituitary\Te-pi_223.jpg
Testing,pituitary,512,512,L,JPEG,Dataset\Testing\pituitary\Te-pi_224.jpg
Testing,pituitary,512,512,L,JPEG,Dataset\Testing\pituitary\Te-pi_225.jpg
Testing,pituitary,512,512,RGB,JPEG,Dataset\Testing\pituitary\Te-pi_226.jpg
Testing,pituitary,512,512,L,JPEG,Dataset\Testing\pituitary\Te-pi_227.jpg
Testing,pituitary,512,512,L,JPEG,Dataset\Testing\pituitary\Te-pi_228.jpg
Testing,pituitary,512,512,RGB,JPEG,Dataset\Testing\pituitary\Te-pi_229.jpg
Testing,pituitary,512,512,L,JPEG,Dataset\Testing\pituitary\Te-pi_23.jpg
Testing,pituitary,512,512,L,JPEG,Dataset\Testing\pituitary\Te-pi_230.jpg
Testing,pituitary,512,512,L,JPEG,Dataset\Testing\pituitary\Te-pi_231.jpg
Testing,pituitary,512,512,L,JPEG,Dataset\Testing\pituitary\Te-pi_232.jpg
Testing,pituitary,512,512,RGB,JPEG,Dataset\Testing\pituitary\Te-pi_233.jpg
Testing,pituitary,512,512,L,JPEG,Dataset\Testing\pituitary\Te-pi_234.jpg
Testing,pituitary,512,512,RGB,JPEG,Dataset\Testing\pituitary\Te-pi_235.jpg
Testing,pituitary,512,512,L,JPEG,Dataset\Testing\pituitary\Te-pi_236.jpg
Testing,pituitary,512,512,L,JPEG,Dataset\Testing\pituitary\Te-pi_237.jpg
Testing,pituitary,512,512,L,JPEG,Dataset\Testing\pituitary\Te-pi_238.jpg
Testing,pituitary,512,512,L,JPEG,Dataset\Testing\pituitary\Te-pi_239.jpg
Testing,pituitary,512,512,L,JPEG,Dataset\Testing\pituitary\Te-pi_24.jpg
Testing,pituitary,512,512,RGB,JPEG,Dataset\Testing\pituitary\Te-pi_240.jpg
Testing,pituitary,512,512,L,JPEG,Dataset\Testing\pituitary\Te-pi_241.jpg
Testing,pituitary,512,512,L,JPEG,Dataset\Testing\pituitary\Te-pi_242.jpg
Testing,pituitary,512,512,L,JPEG,Dataset\Testing\pituitary\Te-pi_243.jpg
Testing,pituitary,512,512,L,JPEG,Dataset\Testing\pituitary\Te-pi_244.jpg
Testing,pituitary,512,512,RGB,JPEG,Dataset\Testing\pituitary\Te-pi_245.jpg
Testing,pituitary,512,512,L,JPEG,Dataset\Testing\pituitary\Te-pi_246.jpg
Testing,pituitary,512,512,L,JPEG,Dataset\Testing\pituitary\Te-pi_247.jpg
Testing,pituitary,512,512,RGB,JPEG,Dataset\Testing\pituitary\Te-pi_248.jpg
Testing,pituitary,512,512,RGB,JPEG,Dataset\Testing\pituitary\Te-pi_249.jpg
Testing,pituitary,512,512,L,JPEG,Dataset\Testing\pituitary\Te-pi_25.jpg
Testing,pituitary,512,512,L,JPEG,Dataset\Testing\pituitary\Te-pi_250.jpg
Testing,pituitary,512,512,L,JPEG,Dataset\Testing\pituitary\Te-pi_251.jpg
Testing,pituitary,512,512,L,JPEG,Dataset\Testing\pituitary\Te-pi_252.jpg
Testing,pituitary,512,512,L,JPEG,Dataset\Testing\pituitary\Te-pi_253.jpg
Testing,pituitary,512,512,RGB,JPEG,Dataset\Testing\pituitary\Te-pi_254.jpg
Testing,pituitary,512,512,L,JPEG,Dataset\Testing\pituitary\Te-pi_255.jpg
Testing,pituitary,512,512,L,JPEG,Dataset\Testing\pituitary\Te-pi_256.jpg
Testing,pituitary,512,512,L,JPEG,Dataset\Testing\pituitary\Te-pi_257.jpg
Testing,pituitary,512,512,L,JPEG,Dataset\Testing\pituitary\Te-pi_258.jpg
Testing,pituitary,512,512,L,JPEG,Dataset\Testing\pituitary\Te-pi_259.jpg
Testing,pituitary,512,512,L,JPEG,Dataset\Testing\pituitary\Te-pi_26.jpg
Testing,pituitary,512,512,L,JPEG,Dataset\Testing\pituitary\Te-pi_260.jpg
Testing,pituitary,256,256,L,JPEG,Dataset\Testing\pituitary\Te-pi_261.jpg
Testing,pituitary,512,512,L,JPEG,Dataset\Testing\pituitary\Te-pi_262.jpg
Testing,pituitary,512,512,L,JPEG,Dataset\Testing\pituitary\Te-pi_263.jpg
Testing,pituitary,512,512,RGB,JPEG,Dataset\Testing\pituitary\Te-pi_264.jpg
Testing,pituitary,512,512,L,JPEG,Dataset\Testing\pituitary\Te-pi_265.jpg
Testing,pituitary,512,512,RGB,JPEG,Dataset\Testing\pituitary\Te-pi_266.jpg
Testing,pituitary,512,512,L,JPEG,Dataset\Testing\pituitary\Te-pi_267.jpg
Testing,pituitary,512,512,RGB,JPEG,Dataset\Testing\pituitary\Te-pi_268.jpg
Testing,pituitary,512,512,L,JPEG,Dataset\Testing\pituitary\Te-pi_269.jpg
Testing,pituitary,512,512,L,JPEG,Dataset\Testing\pituitary\Te-pi_27.jpg
Testing,pituitary,512,512,L,JPEG,Dataset\Testing\pituitary\Te-pi_270.jpg
Testing,pituitary,512,512,L,JPEG,Dataset\Testing\pituitary\Te-pi_271.jpg
Testing,pituitary,512,512,L,JPEG,Dataset\Testing\pituitary\Te-pi_272.jpg
Testing,pituitary,512,512,RGB,JPEG,Dataset\Testing\pituitary\Te-pi_273.jpg
Testing,pituitary,512,512,L,JPEG,Dataset\Testing\pituitary\Te-pi_274.jpg
Testing,pituitary,512,512,L,JPEG,Dataset\Testing\pituitary\Te-pi_275.jpg
Testing,pituitary,512,512,L,JPEG,Dataset\Testing\pituitary\Te-pi_276.jpg
Testing,pituitary,512,512,RGB,JPEG,Dataset\Testing\pituitary\Te-pi_277.jpg
Testing,pituitary,512,512,L,JPEG,Dataset\Testing\pituitary\Te-pi_278.jpg
Testing,pituitary,512,512,L,JPEG,Dataset\Testing\pituitary\Te-pi_279.jpg
Testing,pituitary,512,512,RGB,JPEG,Dataset\Testing\pituitary\Te-pi_28.jpg
Testing,pituitary,512,512,L,JPEG,Dataset\Testing\pituitary\Te-pi_280.jpg
Testing,pituitary,512,512,L,JPEG,Dataset\Testing\pituitary\Te-pi_281.jpg
Testing,pituitary,512,512,L,JPEG,Dataset\Testing\pituitary\Te-pi_282.jpg
Testing,pituitary,512,512,L,JPEG,Dataset\Testing\pituitary\Te-pi_283.jpg
Testing,pituitary,512,512,L,JPEG,Dataset\Testing\pituitary\Te-pi_284.jpg
Testing,pituitary,512,512,L,JPEG,Dataset\Testing\pituitary\Te-pi_285.jpg
Testing,pituitary,512,512,RGB,JPEG,Dataset\Testing\pituitary\Te-pi_286.jpg
Testing,pituitary,512,512,L,JPEG,Dataset\Testing\pituitary\Te-pi_287.jpg
Testing,pituitary,512,512,L,JPEG,Dataset\Testing\pituitary\Te-pi_288.jpg
Testing,pituitary,512,512,L,JPEG,Dataset\Testing\pituitary\Te-pi_289.jpg
Testing,pituitary,512,512,L,JPEG,Dataset\Testing\pituitary\Te-pi_29.jpg
Testing,pituitary,512,512,L,JPEG,Dataset\Testing\pituitary\Te-pi_290.jpg
Testing,pituitary,512,512,L,JPEG,Dataset\Testing\pituitary\Te-pi_291.jpg
Testing,pituitary,512,512,L,JPEG,Dataset\Testing\pituitary\Te-pi_292.jpg
Testing,pituitary,512,512,L,JPEG,Dataset\Testing\pituitary\Te-pi_293.jpg
Testing,pituitary,512,512,L,JPEG,Dataset\Testing\pituitary\Te-pi_294.jpg
Testing,pituitary,512,512,L,JPEG,Dataset\Testing\pituitary\Te-pi_295.jpg
Testing,pituitary,512,512,L,JPEG,Dataset\Testing\pituitary\Te-pi_296.jpg
Testing,pituitary,512,512,L,JPEG,Dataset\Testing\pituitary\Te-pi_297.jpg
Testing,pituitary,512,512,RGB,JPEG,Dataset\Testing\pituitary\Te-pi_298.jpg
Testing,pituitary,512,512,L,JPEG,Dataset\Testing\pituitary\Te-pi_299.jpg
Testing,pituitary,512,512,RGB,JPEG,Dataset\Testing\pituitary\Te-pi_3.jpg
Testing,pituitary,512,512,RGB,JPEG,Dataset\Testing\pituitary\Te-pi_30.jpg
Testing,pituitary,512,512,L,JPEG,Dataset\Testing\pituitary\Te-pi_300.jpg
Testing,pituitary,512,512,RGB,JPEG,Dataset\Testing\pituitary\Te-pi_301.jpg
Testing,pituitary,512,512,L,JPEG,Dataset\Testing\pituitary\Te-pi_302.jpg
Testing,pituitary,512,512,L,JPEG,Dataset\Testing\pituitary\Te-pi_303.jpg
Testing,pituitary,512,512,L,JPEG,Dataset\Testing\pituitary\Te-pi_304.jpg
Testing,pituitary,512,512,L,JPEG,Dataset\Testing\pituitary\Te-pi_305.jpg
Testing,pituitary,512,512,L,JPEG,Dataset\Testing\pituitary\Te-pi_306.jpg
Testing,pituitary,512,512,L,JPEG,Dataset\Testing\pituitary\Te-pi_307.jpg
Testing,pituitary,512,512,RGB,JPEG,Dataset\Testing\pituitary\Te-pi_308.jpg
Testing,pituitary,512,512,L,JPEG,Dataset\Testing\pituitary\Te-pi_309.jpg
Testing,pituitary,512,512,RGB,JPEG,Dataset\Testing\pituitary\Te-pi_31.jpg
Testing,pituitary,512,512,L,JPEG,Dataset\Testing\pituitary\Te-pi_310.jpg
Testing,pituitary,512,512,L,JPEG,Dataset\Testing\pituitary\Te-pi_311.jpg
Testing,pituitary,512,512,L,JPEG,Dataset\Testing\pituitary\Te-pi_312.jpg
Testing,pituitary,512,512,L,JPEG,Dataset\Testing\pituitary\Te-pi_313.jpg
Testing,pituitary,512,512,L,JPEG,Dataset\Testing\pituitary\Te-pi_314.jpg
Testing,pituitary,512,512,RGB,JPEG,Dataset\Testing\pituitary\Te-pi_315.jpg
Testing,pituitary,512,512,L,JPEG,Dataset\Testing\pituitary\Te-pi_316.jpg
Testing,pituitary,512,512,L,JPEG,Dataset\Testing\pituitary\Te-pi_317.jpg
Testing,pituitary,256,256,L,JPEG,Dataset\Testing\pituitary\Te-pi_318.jpg
Testing,pituitary,512,512,L,JPEG,Dataset\Testing\pituitary\Te-pi_319.jpg
Testing,pituitary,512,512,L,JPEG,Dataset\Testing\pituitary\Te-pi_32.jpg
Testing,pituitary,512,512,L,JPEG,Dataset\Testing\pituitary\Te-pi_320.jpg
Testing,pituitary,256,256,RGB,JPEG,Dataset\Testing\pituitary\Te-pi_321.jpg
Testing,pituitary,512,512,L,JPEG,Dataset\Testing\pituitary\Te-pi_322.jpg
Testing,pituitary,512,512,L,JPEG,Dataset\Testing\pituitary\Te-pi_323.jpg
Testing,pituitary,512,512,L,JPEG,Dataset\Testing\pituitary\Te-pi_324.jpg
Testing,pituitary,512,512,RGB,JPEG,Dataset\Testing\pituitary\Te-pi_325.jpg
Testing,pituitary,512,512,L,JPEG,Dataset\Testing\pituitary\Te-pi_326.jpg
Testing,pituitary,512,512,L,JPEG,Dataset\Testing\pituitary\Te-pi_327.jpg
Testing,pituitary,512,512,RGB,JPEG,Dataset\Testing\pituitary\Te-pi_328.jpg
Testing,pituitary,512,512,L,JPEG,Dataset\Testing\pituitary\Te-pi_329.jpg
Testing,pituitary,512,512,L,JPEG,Dataset\Testing\pituitary\Te-pi_33.jpg
Testing,pituitary,512,512,L,JPEG,Dataset\Testing\pituitary\Te-pi_330.jpg
Testing,pituitary,512,512,L,JPEG,Dataset\Testing\pituitary\Te-pi_331.jpg
Testing,pituitary,512,512,L,JPEG,Dataset\Testing\pituitary\Te-pi_332.jpg
Testing,pituitary,512,512,L,JPEG,Dataset\Testing\pituitary\Te-pi_333.jpg
Testing,pituitary,512,512,L,JPEG,Dataset\Testing\pituitary\Te-pi_334.jpg
Testing,pituitary,512,512,L,JPEG,Dataset\Testing\pituitary\Te-pi_335.jpg
Testing,pituitary,512,512,RGB,JPEG,Dataset\Testing\pituitary\Te-pi_336.jpg
Testing,pituitary,512,512,L,JPEG,Dataset\Testing\pituitary\Te-pi_337.jpg
Testing,pituitary,512,512,L,JPEG,Dataset\Testing\pituitary\Te-pi_338.jpg
Testing,pituitary,512,512,L,JPEG,Dataset\Testing\pituitary\Te-pi_339.jpg
Testing,pituitary,512,512,L,JPEG,Dataset\Testing\pituitary\Te-pi_34.jpg
Testing,pituitary,512,512,L,JPEG,Dataset\Testing\pituitary\Te-pi_340.jpg
Testing,pituitary,512,512,L,JPEG,Dataset\Testing\pituitary\Te-pi_341.jpg
Testing,pituitary,512,512,RGB,JPEG,Dataset\Testing\pituitary\Te-pi_342.jpg
Testing,pituitary,512,512,L,JPEG,Dataset\Testing\pituitary\Te-pi_343.jpg
Testing,pituitary,512,512,L,JPEG,Dataset\Testing\pituitary\Te-pi_344.jpg
Testing,pituitary,512,512,RGB,JPEG,Dataset\Testing\pituitary\Te-pi_345.jpg
Testing,pituitary,512,512,L,JPEG,Dataset\Testing\pituitary\Te-pi_346.jpg
Testing,pituitary,512,512,L,JPEG,Dataset\Testing\pituitary\Te-pi_347.jpg
Testing,pituitary,512,512,L,JPEG,Dataset\Testing\pituitary\Te-pi_348.jpg
Testing,pituitary,512,512,L,JPEG,Dataset\Testing\pituitary\Te-pi_349.jpg
Testing,pituitary,512,512,L,JPEG,Dataset\Testing\pituitary\Te-pi_35.jpg
Testing,pituitary,512,512,L,JPEG,Dataset\Testing\pituitary\Te-pi_350.jpg
Testing,pituitary,256,256,L,JPEG,Dataset\Testing\pituitary\Te-pi_351.jpg
Testing,pituitary,512,512,L,JPEG,Dataset\Testing\pituitary\Te-pi_352.jpg
Testing,pituitary,512,512,L,JPEG,Dataset\Testing\pituitary\Te-pi_353.jpg
Testing,pituitary,512,512,L,JPEG,Dataset\Testing\pituitary\Te-pi_354.jpg
Testing,pituitary,512,512,L,JPEG,Dataset\Testing\pituitary\Te-pi_355.jpg
Testing,pituitary,512,512,RGB,JPEG,Dataset\Testing\pituitary\Te-pi_356.jpg
Testing,pituitary,512,512,L,JPEG,Dataset\Testing\pituitary\Te-pi_357.jpg
Testing,pituitary,512,512,L,JPEG,Dataset\Testing\pituitary\Te-pi_358.jpg
Testing,pituitary,512,512,L,JPEG,Dataset\Testing\pituitary\Te-pi_359.jpg
Testing,pituitary,512,512,L,JPEG,Dataset\Testing\pituitary\Te-pi_36.jpg
Testing,pituitary,512,512,L,JPEG,Dataset\Testing\pituitary\Te-pi_360.jpg
Testing,pituitary,512,512,RGB,JPEG,Dataset\Testing\pituitary\Te-pi_361.jpg
Testing,pituitary,512,512,L,JPEG,Dataset\Testing\pituitary\Te-pi_362.jpg
Testing,pituitary,512,512,L,JPEG,Dataset\Testing\pituitary\Te-pi_363.jpg
Testing,pituitary,512,512,RGB,JPEG,Dataset\Testing\pituitary\Te-pi_364.jpg
Testing,pituitary,512,512,L,JPEG,Dataset\Testing\pituitary\Te-pi_365.jpg
Testing,pituitary,512,512,L,JPEG,Dataset\Testing\pituitary\Te-pi_366.jpg
Testing,pituitary,512,512,L,JPEG,Dataset\Testing\pituitary\Te-pi_367.jpg
Testing,pituitary,512,512,L,JPEG,Dataset\Testing\pituitary\Te-pi_368.jpg
Testing,pituitary,512,512,L,JPEG,Dataset\Testing\pituitary\Te-pi_369.jpg
Testing,pituitary,512,512,L,JPEG,Dataset\Testing\pituitary\Te-pi_37.jpg
Testing,pituitary,512,512,L,JPEG,Dataset\Testing\pituitary\Te-pi_370.jpg
Testing,pituitary,512,512,L,JPEG,Dataset\Testing\pituitary\Te-pi_371.jpg
Testing,pituitary,512,512,L,JPEG,Dataset\Testing\pituitary\Te-pi_372.jpg
Testing,pituitary,512,512,L,JPEG,Dataset\Testing\pituitary\Te-pi_373.jpg
Testing,pituitary,512,512,L,JPEG,Dataset\Testing\pituitary\Te-pi_374.jpg
Testing,pituitary,512,512,L,JPEG,Dataset\Testing\pituitary\Te-pi_375.jpg
Testing,pituitary,512,512,L,JPEG,Dataset\Testing\pituitary\Te-pi_376.jpg
Testing,pituitary,512,512,L,JPEG,Dataset\Testing\pituitary\Te-pi_377.jpg
Testing,pituitary,512,512,L,JPEG,Dataset\Testing\pituitary\Te-pi_378.jpg
Testing,pituitary,512,512,RGB,JPEG,Dataset\Testing\pituitary\Te-pi_379.jpg
Testing,pituitary,512,512,L,JPEG,Dataset\Testing\pituitary\Te-pi_38.jpg
Testing,pituitary,512,512,L,JPEG,Dataset\Testing\pituitary\Te-pi_380.jpg
Testing,pituitary,512,512,L,JPEG,Dataset\Testing\pituitary\Te-pi_381.jpg
Testing,pituitary,512,512,RGB,JPEG,Dataset\Testing\pituitary\Te-pi_382.jpg
Testing,pituitary,512,512,RGB,JPEG,Dataset\Testing\pituitary\Te-pi_383.jpg
Testing,pituitary,512,512,L,JPEG,Dataset\Testing\pituitary\Te-pi_384.jpg
Testing,pituitary,512,512,L,JPEG,Dataset\Testing\pituitary\Te-pi_385.jpg
Testing,pituitary,512,512,L,JPEG,Dataset\Testing\pituitary\Te-pi_386.jpg
Testing,pituitary,512,512,L,JPEG,Dataset\Testing\pituitary\Te-pi_387.jpg
Testing,pituitary,512,512,L,JPEG,Dataset\Testing\pituitary\Te-pi_388.jpg
Testing,pituitary,512,512,L,JPEG,Dataset\Testing\pituitary\Te-pi_389.jpg
Testing,pituitary,512,512,L,JPEG,Dataset\Testing\pituitary\Te-pi_39.jpg
Testing,pituitary,512,512,RGB,JPEG,Dataset\Testing\pituitary\Te-pi_390.jpg
Testing,pituitary,512,512,RGB,JPEG,Dataset\Testing\pituitary\Te-pi_391.jpg
Testing,pituitary,512,512,L,JPEG,Dataset\Testing\pituitary\Te-pi_392.jpg
Testing,pituitary,512,512,RGB,JPEG,Dataset\Testing\pituitary\Te-pi_393.jpg
Testing,pituitary,512,512,L,JPEG,Dataset\Testing\pituitary\Te-pi_394.jpg
Testing,pituitary,512,512,RGB,JPEG,Dataset\Testing\pituitary\Te-pi_395.jpg
Testing,pituitary,512,512,L,JPEG,Dataset\Testing\pituitary\Te-pi_396.jpg
Testing,pituitary,512,512,L,JPEG,Dataset\Testing\pituitary\Te-pi_397.jpg
Testing,pituitary,512,512,L,JPEG,Dataset\Testing\pituitary\Te-pi_398.jpg
Testing,pituitary,512,512,L,JPEG,Dataset\Testing\pituitary\Te-pi_399.jpg
Testing,pituitary,512,512,L,JPEG,Dataset\Testing\pituitary\Te-pi_4.jpg
Testing,pituitary,512,512,RGB,JPEG,Dataset\Testing\pituitary\Te-pi_40.jpg
Testing,pituitary,512,512,L,JPEG,Dataset\Testing\pituitary\Te-pi_400.jpg
Testing,pituitary,512,512,L,JPEG,Dataset\Testing\pituitary\Te-pi_41.jpg
Testing,pituitary,512,512,RGB,JPEG,Dataset\Testing\pituitary\Te-pi_42.jpg
Testing,pituitary,512,512,RGB,JPEG,Dataset\Testing\pituitary\Te-pi_43.jpg
Testing,pituitary,512,512,L,JPEG,Dataset\Testing\pituitary\Te-pi_44.jpg
Testing,pituitary,512,512,L,JPEG,Dataset\Testing\pituitary\Te-pi_45.jpg
Testing,pituitary,512,512,L,JPEG,Dataset\Testing\pituitary\Te-pi_46.jpg
Testing,pituitary,512,512,L,JPEG,Dataset\Testing\pituitary\Te-pi_47.jpg
Testing,pituitary,512,512,L,JPEG,Dataset\Testing\pituitary\Te-pi_48.jpg
Testing,pituitary,512,512,RGB,JPEG,Dataset\Testing\pituitary\Te-pi_49.jpg
Testing,pituitary,512,512,L,JPEG,Dataset\Testing\pituitary\Te-pi_5.jpg
Testing,pituitary,512,512,L,JPEG,Dataset\Testing\pituitary\Te-pi_50.jpg
Testing,pituitary,512,512,L,JPEG,Dataset\Testing\pituitary\Te-pi_51.jpg
Testing,pituitary,512,512,L,JPEG,Dataset\Testing\pituitary\Te-pi_52.jpg
Testing,pituitary,512,512,L,JPEG,Dataset\Testing\pituitary\Te-pi_53.jpg
Testing,pituitary,512,512,RGB,JPEG,Dataset\Testing\pituitary\Te-pi_54.jpg
Testing,pituitary,512,512,RGB,JPEG,Dataset\Testing\pituitary\Te-pi_55.jpg
Testing,pituitary,512,512,L,JPEG,Dataset\Testing\pituitary\Te-pi_56.jpg
Testing,pituitary,512,512,L,JPEG,Dataset\Testing\pituitary\Te-pi_57.jpg
Testing,pituitary,512,512,L,JPEG,Dataset\Testing\pituitary\Te-pi_58.jpg
Testing,pituitary,256,256,L,JPEG,Dataset\Testing\pituitary\Te-pi_59.jpg
Testing,pituitary,512,512,L,JPEG,Dataset\Testing\pituitary\Te-pi_6.jpg
Testing,pituitary,512,512,L,JPEG,Dataset\Testing\pituitary\Te-pi_60.jpg
Testing,pituitary,512,512,L,JPEG,Dataset\Testing\pituitary\Te-pi_61.jpg
Testing,pituitary,512,512,L,JPEG,Dataset\Testing\pituitary\Te-pi_62.jpg
Testing,pituitary,512,512,L,JPEG,Dataset\Testing\pituitary\Te-pi_63.jpg
Testing,pituitary,512,512,L,JPEG,Dataset\Testing\pituitary\Te-pi_64.jpg
Testing,pituitary,512,512,L,JPEG,Dataset\Testing\pituitary\Te-pi_65.jpg
Testing,pituitary,512,512,L,JPEG,Dataset\Testing\pituitary\Te-pi_66.jpg
Testing,pituitary,512,512,L,JPEG,Dataset\Testing\pituitary\Te-pi_67.jpg
Testing,pituitary,512,512,L,JPEG,Dataset\Testing\pituitary\Te-pi_68.jpg
Testing,pituitary,512,512,L,JPEG,Dataset\Testing\pituitary\Te-pi_69.jpg
Testing,pituitary,512,512,L,JPEG,Dataset\Testing\pituitary\Te-pi_7.jpg
Testing,pituitary,512,512,L,JPEG,Dataset\Testing\pituitary\Te-pi_70.jpg
Testing,pituitary,512,512,L,JPEG,Dataset\Testing\pituitary\Te-pi_71.jpg
Testing,pituitary,512,512,RGB,JPEG,Dataset\Testing\pituitary\Te-pi_72.jpg
Testing,pituitary,512,512,L,JPEG,Dataset\Testing\pituitary\Te-pi_73.jpg
Testing,pituitary,512,512,RGB,JPEG,Dataset\Testing\pituitary\Te-pi_74.jpg
Testing,pituitary,512,512,L,JPEG,Dataset\Testing\pituitary\Te-pi_75.jpg
Testing,pituitary,512,512,L,JPEG,Dataset\Testing\pituitary\Te-pi_76.jpg
Testing,pituitary,512,512,L,JPEG,Dataset\Testing\pituitary\Te-pi_77.jpg
Testing,pituitary,512,512,L,JPEG,Dataset\Testing\pituitary\Te-pi_78.jpg
Testing,pituitary,512,512,L,JPEG,Dataset\Testing\pituitary\Te-pi_79.jpg
Testing,pituitary,512,512,RGB,JPEG,Dataset\Testing\pituitary\Te-pi_8.jpg
Testing,pituitary,512,512,RGB,JPEG,Dataset\Testing\pituitary\Te-pi_80.jpg
Testing,pituitary,512,512,L,JPEG,Dataset\Testing\pituitary\Te-pi_81.jpg
Testing,pituitary,512,512,L,JPEG,Dataset\Testing\pituitary\Te-pi_82.jpg
Testing,pituitary,512,512,RGB,JPEG,Dataset\Testing\pituitary\Te-pi_83.jpg
Testing,pituitary,512,512,L,JPEG,Dataset\Testing\pituitary\Te-pi_84.jpg
Testing,pituitary,512,512,L,JPEG,Dataset\Testing\pituitary\Te-pi_85.jpg
Testing,pituitary,512,512,L,JPEG,Dataset\Testing\pituitary\Te-pi_86.jpg
Testing,pituitary,512,512,L,JPEG,Dataset\Testing\pituitary\Te-pi_87.jpg
Testing,pituitary,512,512,RGB,JPEG,Dataset\Testing\pituitary\Te-pi_88.jpg
Testing,pituitary,512,512,RGB,JPEG,Dataset\Testing\pituitary\Te-pi_89.jpg
Testing,pituitary,512,512,L,JPEG,Dataset\Testing\pituitary\Te-pi_9.jpg
Testing,pituitary,512,512,L,JPEG,Dataset\Testing\pituitary\Te-pi_90.jpg
Testing,pituitary,512,512,L,JPEG,Dataset\Testing\pituitary\Te-pi_91.jpg
Testing,pituitary,512,512,RGB,JPEG,Dataset\Testing\pituitary\Te-pi_92.jpg
Testing,pituitary,512,512,RGB,JPEG,Dataset\Testing\pituitary\Te-pi_93.jpg
Testing,pituitary,512,512,L,JPEG,Dataset\Testing\pituitary\Te-pi_94.jpg
Testing,pituitary,512,512,RGB,JPEG,Dataset\Testing\pituitary\Te-pi_95.jpg
Testing,pituitary,256,256,L,JPEG,Dataset\Testing\pituitary\Te-pi_96.jpg
Testing,pituitary,512,512,L,JPEG,Dataset\Testing\pituitary\Te-pi_97.jpg
Testing,pituitary,512,512,L,JPEG,Dataset\Testing\pituitary\Te-pi_98.jpg
Testing,pituitary,512,512,RGB,JPEG,Dataset\Testing\pituitary\Te-pi_99.jpg
